#ifndef FONT_H
#define FONT_H

inline unsigned char fontData[] = {
    0x4f, 0x54, 0x54, 0x4f, 0x00, 0x0b, 0x00, 0x80, 0x00, 0x03, 0x00, 0x30,
    0x43, 0x46, 0x46, 0x20, 0x92, 0x0c, 0xd1, 0x82, 0x00, 0x00, 0x3a, 0x54,
    0x00, 0x00, 0x4d, 0x39, 0x46, 0x46, 0x54, 0x4d, 0x9f, 0x76, 0x75, 0xf7,
    0x00, 0x00, 0x87, 0xac, 0x00, 0x00, 0x00, 0x1c, 0x47, 0x44, 0x45, 0x46,
    0x00, 0x15, 0x00, 0x14, 0x00, 0x00, 0x87, 0x90, 0x00, 0x00, 0x00, 0x1c,
    0x4f, 0x53, 0x2f, 0x32, 0x54, 0xda, 0xeb, 0xc0, 0x00, 0x00, 0x01, 0x20,
    0x00, 0x00, 0x00, 0x60, 0x63, 0x6d, 0x61, 0x70, 0xb7, 0xc1, 0xf5, 0xaf,
    0x00, 0x00, 0x38, 0x48, 0x00, 0x00, 0x01, 0xec, 0x68, 0x65, 0x61, 0x64,
    0x26, 0xb0, 0xfd, 0x3a, 0x00, 0x00, 0x00, 0xbc, 0x00, 0x00, 0x00, 0x36,
    0x68, 0x68, 0x65, 0x61, 0x08, 0x9a, 0x03, 0x95, 0x00, 0x00, 0x00, 0xf4,
    0x00, 0x00, 0x00, 0x24, 0x68, 0x6d, 0x74, 0x78, 0x30, 0x8c, 0x50, 0x14,
    0x00, 0x00, 0x87, 0xc8, 0x00, 0x00, 0x03, 0x64, 0x6d, 0x61, 0x78, 0x70,
    0x00, 0xda, 0x50, 0x00, 0x00, 0x00, 0x01, 0x18, 0x00, 0x00, 0x00, 0x06,
    0x6e, 0x61, 0x6d, 0x65, 0xd1, 0xf3, 0x13, 0x48, 0x00, 0x00, 0x01, 0x80,
    0x00, 0x00, 0x36, 0xc6, 0x70, 0x6f, 0x73, 0x74, 0x00, 0x35, 0x00, 0x64,
    0x00, 0x00, 0x3a, 0x34, 0x00, 0x00, 0x00, 0x20, 0x00, 0x01, 0x00, 0x00,
    0x00, 0x01, 0x00, 0x00, 0x77, 0x2e, 0xc7, 0x27, 0x5f, 0x0f, 0x3c, 0xf5,
    0x00, 0x0b, 0x06, 0x40, 0x00, 0x00, 0x00, 0x00, 0xe0, 0x27, 0x9f, 0xb1,
    0x00, 0x00, 0x00, 0x00, 0xe3, 0x82, 0x16, 0xc8, 0x00, 0x00, 0xff, 0x38,
    0x03, 0xe8, 0x04, 0x4c, 0x00, 0x00, 0x00, 0x08, 0x00, 0x02, 0x00, 0x00,
    0x00, 0x00, 0x00, 0x00, 0x00, 0x01, 0x00, 0x00, 0x04, 0xb0, 0xfe, 0x70,
    0x00, 0x00, 0x04, 0x4c, 0x00, 0x00, 0x00, 0x00, 0x03, 0xe8, 0x00, 0x01,
    0x00, 0x00, 0x00, 0x00, 0x00, 0x00, 0x00, 0x00, 0x00, 0x00, 0x00, 0x00,
    0x00, 0x00, 0x00, 0xd8, 0x00, 0x00, 0x50, 0x00, 0x00, 0xda, 0x00, 0x00,
    0x00, 0x04, 0x02, 0x96, 0x01, 0x90, 0x00, 0x05, 0x00, 0x00, 0x04, 0x10,
    0x04, 0x5f, 0x00, 0x00, 0x00, 0xe0, 0x04, 0x10, 0x04, 0x5f, 0x00, 0x00,
    0x02, 0xff, 0x00, 0x4f, 0x01, 0x9e, 0x00, 0x00, 0x02, 0x00, 0x05, 0x03,
    0x00, 0x00, 0x00, 0x00, 0x00, 0x00, 0x80, 0x00, 0x00, 0x2f, 0x00, 0x00,
    0x00, 0x0a, 0x00, 0x00, 0x00, 0x00, 0x00, 0x00, 0x00, 0x00, 0x34, 0x38,
    0x39, 0x30, 0x00, 0xc0, 0x00, 0x20, 0x21, 0x22, 0x04, 0xb0, 0xfe, 0x70,
    0x00, 0x00, 0x04, 0xb0, 0x01, 0x90, 0x00, 0x00, 0x00, 0x01, 0x00, 0x00,
    0x00, 0x00, 0x02, 0x58, 0x03, 0x20, 0x00, 0x20, 0x00, 0x20, 0x00, 0x01,
    0x00, 0x00, 0x00, 0x12, 0x00, 0xde, 0x00, 0x01, 0x00, 0x00, 0x00, 0x00,
    0x00, 0x00, 0x00, 0x1b, 0x00, 0x38, 0x00, 0x01, 0x00, 0x00, 0x00, 0x00,
    0x00, 0x01, 0x00, 0x08, 0x00, 0x66, 0x00, 0x01, 0x00, 0x00, 0x00, 0x00,
    0x00, 0x02, 0x00, 0x07, 0x00, 0x7f, 0x00, 0x01, 0x00, 0x00, 0x00, 0x00,
    0x00, 0x03, 0x00, 0x2d, 0x00, 0xe3, 0x00, 0x01, 0x00, 0x00, 0x00, 0x00,
    0x00, 0x04, 0x00, 0x10, 0x01, 0x33, 0x00, 0x01, 0x00, 0x00, 0x00, 0x00,
    0x00, 0x05, 0x00, 0x10, 0x01, 0x66, 0x00, 0x01, 0x00, 0x00, 0x00, 0x00,
    0x00, 0x06, 0x00, 0x0f, 0x01, 0x97, 0x00, 0x01, 0x00, 0x00, 0x00, 0x00,
    0x00, 0x0d, 0x11, 0x4f, 0x24, 0x47, 0x00, 0x01, 0x00, 0x00, 0x00, 0x00,
    0x00, 0x0e, 0x00, 0x1a, 0x35, 0xcd, 0x00, 0x03, 0x00, 0x01, 0x04, 0x09,
    0x00, 0x00, 0x00, 0x36, 0x00, 0x00, 0x00, 0x03, 0x00, 0x01, 0x04, 0x09,
    0x00, 0x01, 0x00, 0x10, 0x00, 0x54, 0x00, 0x03, 0x00, 0x01, 0x04, 0x09,
    0x00, 0x02, 0x00, 0x0e, 0x00, 0x6f, 0x00, 0x03, 0x00, 0x01, 0x04, 0x09,
    0x00, 0x03, 0x00, 0x5a, 0x00, 0x87, 0x00, 0x03, 0x00, 0x01, 0x04, 0x09,
    0x00, 0x04, 0x00, 0x20, 0x01, 0x11, 0x00, 0x03, 0x00, 0x01, 0x04, 0x09,
    0x00, 0x05, 0x00, 0x20, 0x01, 0x44, 0x00, 0x03, 0x00, 0x01, 0x04, 0x09,
    0x00, 0x06, 0x00, 0x1e, 0x01, 0x77, 0x00, 0x03, 0x00, 0x01, 0x04, 0x09,
    0x00, 0x0d, 0x22, 0x9e, 0x01, 0xa7, 0x00, 0x03, 0x00, 0x01, 0x04, 0x09,
    0x00, 0x0e, 0x00, 0x34, 0x35, 0x97, 0x00, 0x4f, 0x00, 0x46, 0x00, 0x4c,
    0x00, 0x20, 0x00, 0x28, 0x00, 0x63, 0x00, 0x29, 0x00, 0x20, 0x00, 0x32,
    0x00, 0x30, 0x00, 0x32, 0x00, 0x34, 0x00, 0x2c, 0x00, 0x20, 0x00, 0x52,
    0x00, 0x6f, 0x00, 0x62, 0x00, 0x65, 0x00, 0x72, 0x00, 0x74, 0x00, 0x6f,
    0x00, 0x20, 0x00, 0x4d, 0x00, 0x6f, 0x00, 0x63, 0x00, 0x63, 0x00, 0x69,
    0x00, 0x00, 0x4f, 0x46, 0x4c, 0x20, 0x28, 0x63, 0x29, 0x20, 0x32, 0x30,
    0x32, 0x34, 0x2c, 0x20, 0x52, 0x6f, 0x62, 0x65, 0x72, 0x74, 0x6f, 0x20,
    0x4d, 0x6f, 0x63, 0x63, 0x69, 0x00, 0x00, 0x4d, 0x00, 0x65, 0x00, 0x64,
    0x00, 0x6f, 0x00, 0x64, 0x00, 0x69, 0x00, 0x63, 0x00, 0x61, 0x00, 0x00,
    0x4d, 0x65, 0x64, 0x6f, 0x64, 0x69, 0x63, 0x61, 0x00, 0x00, 0x52, 0x00,
    0x65, 0x00, 0x67, 0x00, 0x75, 0x00, 0x6c, 0x00, 0x61, 0x00, 0x72, 0x00,
    0x00, 0x52, 0x65, 0x67, 0x75, 0x6c, 0x61, 0x72, 0x00, 0x00, 0x46, 0x00,
    0x6f, 0x00, 0x6e, 0x00, 0x74, 0x00, 0x46, 0x00, 0x6f, 0x00, 0x72, 0x00,
    0x67, 0x00, 0x65, 0x00, 0x20, 0x00, 0x32, 0x00, 0x2e, 0x00, 0x30, 0x00,
    0x20, 0x00, 0x3a, 0x00, 0x20, 0x00, 0x4d, 0x00, 0x65, 0x00, 0x64, 0x00,
    0x6f, 0x00, 0x64, 0x00, 0x69, 0x00, 0x63, 0x00, 0x61, 0x00, 0x20, 0x00,
    0x52, 0x00, 0x65, 0x00, 0x67, 0x00, 0x75, 0x00, 0x6c, 0x00, 0x61, 0x00,
    0x72, 0x00, 0x20, 0x00, 0x3a, 0x00, 0x20, 0x00, 0x32, 0x00, 0x30, 0x00,
    0x2d, 0x00, 0x31, 0x00, 0x32, 0x00, 0x2d, 0x00, 0x32, 0x00, 0x30, 0x00,
    0x32, 0x00, 0x34, 0x00, 0x00, 0x46, 0x6f, 0x6e, 0x74, 0x46, 0x6f, 0x72,
    0x67, 0x65, 0x20, 0x32, 0x2e, 0x30, 0x20, 0x3a, 0x20, 0x4d, 0x65, 0x64,
    0x6f, 0x64, 0x69, 0x63, 0x61, 0x20, 0x52, 0x65, 0x67, 0x75, 0x6c, 0x61,
    0x72, 0x20, 0x3a, 0x20, 0x32, 0x30, 0x2d, 0x31, 0x32, 0x2d, 0x32, 0x30,
    0x32, 0x34, 0x00, 0x00, 0x4d, 0x00, 0x65, 0x00, 0x64, 0x00, 0x6f, 0x00,
    0x64, 0x00, 0x69, 0x00, 0x63, 0x00, 0x61, 0x00, 0x20, 0x00, 0x52, 0x00,
    0x65, 0x00, 0x67, 0x00, 0x75, 0x00, 0x6c, 0x00, 0x61, 0x00, 0x72, 0x00,
    0x00, 0x4d, 0x65, 0x64, 0x6f, 0x64, 0x69, 0x63, 0x61, 0x20, 0x52, 0x65,
    0x67, 0x75, 0x6c, 0x61, 0x72, 0x00, 0x00, 0x56, 0x00, 0x65, 0x00, 0x72,
    0x00, 0x73, 0x00, 0x69, 0x00, 0x6f, 0x00, 0x6e, 0x00, 0x20, 0x00, 0x30,
    0x00, 0x30, 0x00, 0x31, 0x00, 0x2e, 0x00, 0x30, 0x00, 0x30, 0x00, 0x30,
    0x00, 0x20, 0x00, 0x00, 0x56, 0x65, 0x72, 0x73, 0x69, 0x6f, 0x6e, 0x20,
    0x30, 0x30, 0x31, 0x2e, 0x30, 0x30, 0x30, 0x20, 0x00, 0x00, 0x4d, 0x00,
    0x65, 0x00, 0x64, 0x00, 0x6f, 0x00, 0x64, 0x00, 0x69, 0x00, 0x63, 0x00,
    0x61, 0x00, 0x52, 0x00, 0x65, 0x00, 0x67, 0x00, 0x75, 0x00, 0x6c, 0x00,
    0x61, 0x00, 0x72, 0x00, 0x00, 0x4d, 0x65, 0x64, 0x6f, 0x64, 0x69, 0x63,
    0x61, 0x52, 0x65, 0x67, 0x75, 0x6c, 0x61, 0x72, 0x00, 0x00, 0x43, 0x00,
    0x6f, 0x00, 0x70, 0x00, 0x79, 0x00, 0x72, 0x00, 0x69, 0x00, 0x67, 0x00,
    0x68, 0x00, 0x74, 0x00, 0x20, 0x00, 0x28, 0x00, 0x63, 0x00, 0x29, 0x00,
    0x20, 0x00, 0x32, 0x00, 0x30, 0x00, 0x32, 0x00, 0x34, 0x00, 0x2c, 0x00,
    0x20, 0x00, 0x52, 0x00, 0x6f, 0x00, 0x62, 0x00, 0x65, 0x00, 0x72, 0x00,
    0x74, 0x00, 0x6f, 0x00, 0x20, 0x00, 0x4d, 0x00, 0x6f, 0x00, 0x63, 0x00,
    0x63, 0x00, 0x69, 0x00, 0x20, 0x00, 0x28, 0x00, 0x3c, 0x00, 0x20, 0x00,
    0x70, 0x00, 0x6f, 0x00, 0x73, 0x00, 0x74, 0x00, 0x6f, 0x00, 0x63, 0x00,
    0x61, 0x00, 0x72, 0x00, 0x61, 0x00, 0x74, 0x00, 0x74, 0x00, 0x65, 0x00,
    0x72, 0x00, 0x65, 0x00, 0x40, 0x00, 0x67, 0x00, 0x6d, 0x00, 0x61, 0x00,
    0x69, 0x00, 0x6c, 0x00, 0x2e, 0x00, 0x63, 0x00, 0x6f, 0x00, 0x6d, 0x00,
    0x20, 0x00, 0x7c, 0x00, 0x20, 0x00, 0x68, 0x00, 0x74, 0x00, 0x74, 0x00,
    0x70, 0x00, 0x73, 0x00, 0x3a, 0x00, 0x2f, 0x00, 0x2f, 0x00, 0x70, 0x00,
    0x61, 0x00, 0x74, 0x00, 0x72, 0x00, 0x65, 0x00, 0x6f, 0x00, 0x6e, 0x00,
    0x2e, 0x00, 0x63, 0x00, 0x6f, 0x00, 0x6d, 0x00, 0x2f, 0x00, 0x72, 0x00,
    0x6d, 0x00, 0x6f, 0x00, 0x63, 0x00, 0x63, 0x00, 0x69, 0x00, 0x20, 0x00,
    0x3e, 0x00, 0x29, 0x00, 0x2c, 0x00, 0x0a, 0x00, 0x77, 0x00, 0x69, 0x00,
    0x74, 0x00, 0x68, 0x00, 0x20, 0x00, 0x52, 0x00, 0x65, 0x00, 0x73, 0x00,
    0x65, 0x00, 0x72, 0x00, 0x76, 0x00, 0x65, 0x00, 0x64, 0x00, 0x20, 0x00,
    0x46, 0x00, 0x6f, 0x00, 0x6e, 0x00, 0x74, 0x00, 0x20, 0x00, 0x4e, 0x00,
    0x61, 0x00, 0x6d, 0x00, 0x65, 0x00, 0x20, 0x00, 0x4d, 0x00, 0x65, 0x00,
    0x64, 0x00, 0x6f, 0x00, 0x64, 0x00, 0x69, 0x00, 0x63, 0x00, 0x61, 0x00,
    0x2e, 0x00, 0x0a, 0x00, 0x0a, 0x00, 0x54, 0x00, 0x68, 0x00, 0x69, 0x00,
    0x73, 0x00, 0x20, 0x00, 0x46, 0x00, 0x6f, 0x00, 0x6e, 0x00, 0x74, 0x00,
    0x20, 0x00, 0x53, 0x00, 0x6f, 0x00, 0x66, 0x00, 0x74, 0x00, 0x77, 0x00,
    0x61, 0x00, 0x72, 0x00, 0x65, 0x00, 0x20, 0x00, 0x69, 0x00, 0x73, 0x00,
    0x20, 0x00, 0x6c, 0x00, 0x69, 0x00, 0x63, 0x00, 0x65, 0x00, 0x6e, 0x00,
    0x73, 0x00, 0x65, 0x00, 0x64, 0x00, 0x20, 0x00, 0x75, 0x00, 0x6e, 0x00,
    0x64, 0x00, 0x65, 0x00, 0x72, 0x00, 0x20, 0x00, 0x74, 0x00, 0x68, 0x00,
    0x65, 0x00, 0x20, 0x00, 0x53, 0x00, 0x49, 0x00, 0x4c, 0x00, 0x20, 0x00,
    0x4f, 0x00, 0x70, 0x00, 0x65, 0x00, 0x6e, 0x00, 0x20, 0x00, 0x46, 0x00,
    0x6f, 0x00, 0x6e, 0x00, 0x74, 0x00, 0x20, 0x00, 0x4c, 0x00, 0x69, 0x00,
    0x63, 0x00, 0x65, 0x00, 0x6e, 0x00, 0x73, 0x00, 0x65, 0x00, 0x2c, 0x00,
    0x20, 0x00, 0x56, 0x00, 0x65, 0x00, 0x72, 0x00, 0x73, 0x00, 0x69, 0x00,
    0x6f, 0x00, 0x6e, 0x00, 0x20, 0x00, 0x31, 0x00, 0x2e, 0x00, 0x31, 0x00,
    0x2e, 0x00, 0x0a, 0x00, 0x54, 0x00, 0x68, 0x00, 0x69, 0x00, 0x73, 0x00,
    0x20, 0x00, 0x6c, 0x00, 0x69, 0x00, 0x63, 0x00, 0x65, 0x00, 0x6e, 0x00,
    0x73, 0x00, 0x65, 0x00, 0x20, 0x00, 0x69, 0x00, 0x73, 0x00, 0x20, 0x00,
    0x63, 0x00, 0x6f, 0x00, 0x70, 0x00, 0x69, 0x00, 0x65, 0x00, 0x64, 0x00,
    0x20, 0x00, 0x62, 0x00, 0x65, 0x00, 0x6c, 0x00, 0x6f, 0x00, 0x77, 0x00,
    0x2c, 0x00, 0x20, 0x00, 0x61, 0x00, 0x6e, 0x00, 0x64, 0x00, 0x20, 0x00,
    0x69, 0x00, 0x73, 0x00, 0x20, 0x00, 0x61, 0x00, 0x6c, 0x00, 0x73, 0x00,
    0x6f, 0x00, 0x20, 0x00, 0x61, 0x00, 0x76, 0x00, 0x61, 0x00, 0x69, 0x00,
    0x6c, 0x00, 0x61, 0x00, 0x62, 0x00, 0x6c, 0x00, 0x65, 0x00, 0x20, 0x00,
    0x77, 0x00, 0x69, 0x00, 0x74, 0x00, 0x68, 0x00, 0x20, 0x00, 0x61, 0x00,
    0x20, 0x00, 0x46, 0x00, 0x41, 0x00, 0x51, 0x00, 0x20, 0x00, 0x61, 0x00,
    0x74, 0x00, 0x3a, 0x00, 0x0a, 0x00, 0x68, 0x00, 0x74, 0x00, 0x74, 0x00,
    0x70, 0x00, 0x3a, 0x00, 0x2f, 0x00, 0x2f, 0x00, 0x73, 0x00, 0x63, 0x00,
    0x72, 0x00, 0x69, 0x00, 0x70, 0x00, 0x74, 0x00, 0x73, 0x00, 0x2e, 0x00,
    0x73, 0x00, 0x69, 0x00, 0x6c, 0x00, 0x2e, 0x00, 0x6f, 0x00, 0x72, 0x00,
    0x67, 0x00, 0x2f, 0x00, 0x4f, 0x00, 0x46, 0x00, 0x4c, 0x00, 0x0a, 0x00,
    0x0a, 0x00, 0x0a, 0x00, 0x2d, 0x00, 0x2d, 0x00, 0x2d, 0x00, 0x2d, 0x00,
    0x2d, 0x00, 0x2d, 0x00, 0x2d, 0x00, 0x2d, 0x00, 0x2d, 0x00, 0x2d, 0x00,
    0x2d, 0x00, 0x2d, 0x00, 0x2d, 0x00, 0x2d, 0x00, 0x2d, 0x00, 0x2d, 0x00,
    0x2d, 0x00, 0x2d, 0x00, 0x2d, 0x00, 0x2d, 0x00, 0x2d, 0x00, 0x2d, 0x00,
    0x2d, 0x00, 0x2d, 0x00, 0x2d, 0x00, 0x2d, 0x00, 0x2d, 0x00, 0x2d, 0x00,
    0x2d, 0x00, 0x2d, 0x00, 0x2d, 0x00, 0x2d, 0x00, 0x2d, 0x00, 0x2d, 0x00,
    0x2d, 0x00, 0x2d, 0x00, 0x2d, 0x00, 0x2d, 0x00, 0x2d, 0x00, 0x2d, 0x00,
    0x2d, 0x00, 0x2d, 0x00, 0x2d, 0x00, 0x2d, 0x00, 0x2d, 0x00, 0x2d, 0x00,
    0x2d, 0x00, 0x2d, 0x00, 0x2d, 0x00, 0x2d, 0x00, 0x2d, 0x00, 0x2d, 0x00,
    0x2d, 0x00, 0x2d, 0x00, 0x2d, 0x00, 0x2d, 0x00, 0x2d, 0x00, 0x2d, 0x00,
    0x2d, 0x00, 0x0a, 0x00, 0x53, 0x00, 0x49, 0x00, 0x4c, 0x00, 0x20, 0x00,
    0x4f, 0x00, 0x50, 0x00, 0x45, 0x00, 0x4e, 0x00, 0x20, 0x00, 0x46, 0x00,
    0x4f, 0x00, 0x4e, 0x00, 0x54, 0x00, 0x20, 0x00, 0x4c, 0x00, 0x49, 0x00,
    0x43, 0x00, 0x45, 0x00, 0x4e, 0x00, 0x53, 0x00, 0x45, 0x00, 0x20, 0x00,
    0x56, 0x00, 0x65, 0x00, 0x72, 0x00, 0x73, 0x00, 0x69, 0x00, 0x6f, 0x00,
    0x6e, 0x00, 0x20, 0x00, 0x31, 0x00, 0x2e, 0x00, 0x31, 0x00, 0x20, 0x00,
    0x2d, 0x00, 0x20, 0x00, 0x32, 0x00, 0x36, 0x00, 0x20, 0x00, 0x46, 0x00,
    0x65, 0x00, 0x62, 0x00, 0x72, 0x00, 0x75, 0x00, 0x61, 0x00, 0x72, 0x00,
    0x79, 0x00, 0x20, 0x00, 0x32, 0x00, 0x30, 0x00, 0x30, 0x00, 0x37, 0x00,
    0x0a, 0x00, 0x2d, 0x00, 0x2d, 0x00, 0x2d, 0x00, 0x2d, 0x00, 0x2d, 0x00,
    0x2d, 0x00, 0x2d, 0x00, 0x2d, 0x00, 0x2d, 0x00, 0x2d, 0x00, 0x2d, 0x00,
    0x2d, 0x00, 0x2d, 0x00, 0x2d, 0x00, 0x2d, 0x00, 0x2d, 0x00, 0x2d, 0x00,
    0x2d, 0x00, 0x2d, 0x00, 0x2d, 0x00, 0x2d, 0x00, 0x2d, 0x00, 0x2d, 0x00,
    0x2d, 0x00, 0x2d, 0x00, 0x2d, 0x00, 0x2d, 0x00, 0x2d, 0x00, 0x2d, 0x00,
    0x2d, 0x00, 0x2d, 0x00, 0x2d, 0x00, 0x2d, 0x00, 0x2d, 0x00, 0x2d, 0x00,
    0x2d, 0x00, 0x2d, 0x00, 0x2d, 0x00, 0x2d, 0x00, 0x2d, 0x00, 0x2d, 0x00,
    0x2d, 0x00, 0x2d, 0x00, 0x2d, 0x00, 0x2d, 0x00, 0x2d, 0x00, 0x2d, 0x00,
    0x2d, 0x00, 0x2d, 0x00, 0x2d, 0x00, 0x2d, 0x00, 0x2d, 0x00, 0x2d, 0x00,
    0x2d, 0x00, 0x2d, 0x00, 0x2d, 0x00, 0x2d, 0x00, 0x2d, 0x00, 0x2d, 0x00,
    0x0a, 0x00, 0x0a, 0x00, 0x50, 0x00, 0x52, 0x00, 0x45, 0x00, 0x41, 0x00,
    0x4d, 0x00, 0x42, 0x00, 0x4c, 0x00, 0x45, 0x00, 0x0a, 0x00, 0x54, 0x00,
    0x68, 0x00, 0x65, 0x00, 0x20, 0x00, 0x67, 0x00, 0x6f, 0x00, 0x61, 0x00,
    0x6c, 0x00, 0x73, 0x00, 0x20, 0x00, 0x6f, 0x00, 0x66, 0x00, 0x20, 0x00,
    0x74, 0x00, 0x68, 0x00, 0x65, 0x00, 0x20, 0x00, 0x4f, 0x00, 0x70, 0x00,
    0x65, 0x00, 0x6e, 0x00, 0x20, 0x00, 0x46, 0x00, 0x6f, 0x00, 0x6e, 0x00,
    0x74, 0x00, 0x20, 0x00, 0x4c, 0x00, 0x69, 0x00, 0x63, 0x00, 0x65, 0x00,
    0x6e, 0x00, 0x73, 0x00, 0x65, 0x00, 0x20, 0x00, 0x28, 0x00, 0x4f, 0x00,
    0x46, 0x00, 0x4c, 0x00, 0x29, 0x00, 0x20, 0x00, 0x61, 0x00, 0x72, 0x00,
    0x65, 0x00, 0x20, 0x00, 0x74, 0x00, 0x6f, 0x00, 0x20, 0x00, 0x73, 0x00,
    0x74, 0x00, 0x69, 0x00, 0x6d, 0x00, 0x75, 0x00, 0x6c, 0x00, 0x61, 0x00,
    0x74, 0x00, 0x65, 0x00, 0x20, 0x00, 0x77, 0x00, 0x6f, 0x00, 0x72, 0x00,
    0x6c, 0x00, 0x64, 0x00, 0x77, 0x00, 0x69, 0x00, 0x64, 0x00, 0x65, 0x00,
    0x0a, 0x00, 0x64, 0x00, 0x65, 0x00, 0x76, 0x00, 0x65, 0x00, 0x6c, 0x00,
    0x6f, 0x00, 0x70, 0x00, 0x6d, 0x00, 0x65, 0x00, 0x6e, 0x00, 0x74, 0x00,
    0x20, 0x00, 0x6f, 0x00, 0x66, 0x00, 0x20, 0x00, 0x63, 0x00, 0x6f, 0x00,
    0x6c, 0x00, 0x6c, 0x00, 0x61, 0x00, 0x62, 0x00, 0x6f, 0x00, 0x72, 0x00,
    0x61, 0x00, 0x74, 0x00, 0x69, 0x00, 0x76, 0x00, 0x65, 0x00, 0x20, 0x00,
    0x66, 0x00, 0x6f, 0x00, 0x6e, 0x00, 0x74, 0x00, 0x20, 0x00, 0x70, 0x00,
    0x72, 0x00, 0x6f, 0x00, 0x6a, 0x00, 0x65, 0x00, 0x63, 0x00, 0x74, 0x00,
    0x73, 0x00, 0x2c, 0x00, 0x20, 0x00, 0x74, 0x00, 0x6f, 0x00, 0x20, 0x00,
    0x73, 0x00, 0x75, 0x00, 0x70, 0x00, 0x70, 0x00, 0x6f, 0x00, 0x72, 0x00,
    0x74, 0x00, 0x20, 0x00, 0x74, 0x00, 0x68, 0x00, 0x65, 0x00, 0x20, 0x00,
    0x66, 0x00, 0x6f, 0x00, 0x6e, 0x00, 0x74, 0x00, 0x20, 0x00, 0x63, 0x00,
    0x72, 0x00, 0x65, 0x00, 0x61, 0x00, 0x74, 0x00, 0x69, 0x00, 0x6f, 0x00,
    0x6e, 0x00, 0x0a, 0x00, 0x65, 0x00, 0x66, 0x00, 0x66, 0x00, 0x6f, 0x00,
    0x72, 0x00, 0x74, 0x00, 0x73, 0x00, 0x20, 0x00, 0x6f, 0x00, 0x66, 0x00,
    0x20, 0x00, 0x61, 0x00, 0x63, 0x00, 0x61, 0x00, 0x64, 0x00, 0x65, 0x00,
    0x6d, 0x00, 0x69, 0x00, 0x63, 0x00, 0x20, 0x00, 0x61, 0x00, 0x6e, 0x00,
    0x64, 0x00, 0x20, 0x00, 0x6c, 0x00, 0x69, 0x00, 0x6e, 0x00, 0x67, 0x00,
    0x75, 0x00, 0x69, 0x00, 0x73, 0x00, 0x74, 0x00, 0x69, 0x00, 0x63, 0x00,
    0x20, 0x00, 0x63, 0x00, 0x6f, 0x00, 0x6d, 0x00, 0x6d, 0x00, 0x75, 0x00,
    0x6e, 0x00, 0x69, 0x00, 0x74, 0x00, 0x69, 0x00, 0x65, 0x00, 0x73, 0x00,
    0x2c, 0x00, 0x20, 0x00, 0x61, 0x00, 0x6e, 0x00, 0x64, 0x00, 0x20, 0x00,
    0x74, 0x00, 0x6f, 0x00, 0x20, 0x00, 0x70, 0x00, 0x72, 0x00, 0x6f, 0x00,
    0x76, 0x00, 0x69, 0x00, 0x64, 0x00, 0x65, 0x00, 0x20, 0x00, 0x61, 0x00,
    0x20, 0x00, 0x66, 0x00, 0x72, 0x00, 0x65, 0x00, 0x65, 0x00, 0x20, 0x00,
    0x61, 0x00, 0x6e, 0x00, 0x64, 0x00, 0x0a, 0x00, 0x6f, 0x00, 0x70, 0x00,
    0x65, 0x00, 0x6e, 0x00, 0x20, 0x00, 0x66, 0x00, 0x72, 0x00, 0x61, 0x00,
    0x6d, 0x00, 0x65, 0x00, 0x77, 0x00, 0x6f, 0x00, 0x72, 0x00, 0x6b, 0x00,
    0x20, 0x00, 0x69, 0x00, 0x6e, 0x00, 0x20, 0x00, 0x77, 0x00, 0x68, 0x00,
    0x69, 0x00, 0x63, 0x00, 0x68, 0x00, 0x20, 0x00, 0x66, 0x00, 0x6f, 0x00,
    0x6e, 0x00, 0x74, 0x00, 0x73, 0x00, 0x20, 0x00, 0x6d, 0x00, 0x61, 0x00,
    0x79, 0x00, 0x20, 0x00, 0x62, 0x00, 0x65, 0x00, 0x20, 0x00, 0x73, 0x00,
    0x68, 0x00, 0x61, 0x00, 0x72, 0x00, 0x65, 0x00, 0x64, 0x00, 0x20, 0x00,
    0x61, 0x00, 0x6e, 0x00, 0x64, 0x00, 0x20, 0x00, 0x69, 0x00, 0x6d, 0x00,
    0x70, 0x00, 0x72, 0x00, 0x6f, 0x00, 0x76, 0x00, 0x65, 0x00, 0x64, 0x00,
    0x20, 0x00, 0x69, 0x00, 0x6e, 0x00, 0x20, 0x00, 0x70, 0x00, 0x61, 0x00,
    0x72, 0x00, 0x74, 0x00, 0x6e, 0x00, 0x65, 0x00, 0x72, 0x00, 0x73, 0x00,
    0x68, 0x00, 0x69, 0x00, 0x70, 0x00, 0x0a, 0x00, 0x77, 0x00, 0x69, 0x00,
    0x74, 0x00, 0x68, 0x00, 0x20, 0x00, 0x6f, 0x00, 0x74, 0x00, 0x68, 0x00,
    0x65, 0x00, 0x72, 0x00, 0x73, 0x00, 0x2e, 0x00, 0x0a, 0x00, 0x0a, 0x00,
    0x54, 0x00, 0x68, 0x00, 0x65, 0x00, 0x20, 0x00, 0x4f, 0x00, 0x46, 0x00,
    0x4c, 0x00, 0x20, 0x00, 0x61, 0x00, 0x6c, 0x00, 0x6c, 0x00, 0x6f, 0x00,
    0x77, 0x00, 0x73, 0x00, 0x20, 0x00, 0x74, 0x00, 0x68, 0x00, 0x65, 0x00,
    0x20, 0x00, 0x6c, 0x00, 0x69, 0x00, 0x63, 0x00, 0x65, 0x00, 0x6e, 0x00,
    0x73, 0x00, 0x65, 0x00, 0x64, 0x00, 0x20, 0x00, 0x66, 0x00, 0x6f, 0x00,
    0x6e, 0x00, 0x74, 0x00, 0x73, 0x00, 0x20, 0x00, 0x74, 0x00, 0x6f, 0x00,
    0x20, 0x00, 0x62, 0x00, 0x65, 0x00, 0x20, 0x00, 0x75, 0x00, 0x73, 0x00,
    0x65, 0x00, 0x64, 0x00, 0x2c, 0x00, 0x20, 0x00, 0x73, 0x00, 0x74, 0x00,
    0x75, 0x00, 0x64, 0x00, 0x69, 0x00, 0x65, 0x00, 0x64, 0x00, 0x2c, 0x00,
    0x20, 0x00, 0x6d, 0x00, 0x6f, 0x00, 0x64, 0x00, 0x69, 0x00, 0x66, 0x00,
    0x69, 0x00, 0x65, 0x00, 0x64, 0x00, 0x20, 0x00, 0x61, 0x00, 0x6e, 0x00,
    0x64, 0x00, 0x0a, 0x00, 0x72, 0x00, 0x65, 0x00, 0x64, 0x00, 0x69, 0x00,
    0x73, 0x00, 0x74, 0x00, 0x72, 0x00, 0x69, 0x00, 0x62, 0x00, 0x75, 0x00,
    0x74, 0x00, 0x65, 0x00, 0x64, 0x00, 0x20, 0x00, 0x66, 0x00, 0x72, 0x00,
    0x65, 0x00, 0x65, 0x00, 0x6c, 0x00, 0x79, 0x00, 0x20, 0x00, 0x61, 0x00,
    0x73, 0x00, 0x20, 0x00, 0x6c, 0x00, 0x6f, 0x00, 0x6e, 0x00, 0x67, 0x00,
    0x20, 0x00, 0x61, 0x00, 0x73, 0x00, 0x20, 0x00, 0x74, 0x00, 0x68, 0x00,
    0x65, 0x00, 0x79, 0x00, 0x20, 0x00, 0x61, 0x00, 0x72, 0x00, 0x65, 0x00,
    0x20, 0x00, 0x6e, 0x00, 0x6f, 0x00, 0x74, 0x00, 0x20, 0x00, 0x73, 0x00,
    0x6f, 0x00, 0x6c, 0x00, 0x64, 0x00, 0x20, 0x00, 0x62, 0x00, 0x79, 0x00,
    0x20, 0x00, 0x74, 0x00, 0x68, 0x00, 0x65, 0x00, 0x6d, 0x00, 0x73, 0x00,
    0x65, 0x00, 0x6c, 0x00, 0x76, 0x00, 0x65, 0x00, 0x73, 0x00, 0x2e, 0x00,
    0x20, 0x00, 0x54, 0x00, 0x68, 0x00, 0x65, 0x00, 0x0a, 0x00, 0x66, 0x00,
    0x6f, 0x00, 0x6e, 0x00, 0x74, 0x00, 0x73, 0x00, 0x2c, 0x00, 0x20, 0x00,
    0x69, 0x00, 0x6e, 0x00, 0x63, 0x00, 0x6c, 0x00, 0x75, 0x00, 0x64, 0x00,
    0x69, 0x00, 0x6e, 0x00, 0x67, 0x00, 0x20, 0x00, 0x61, 0x00, 0x6e, 0x00,
    0x79, 0x00, 0x20, 0x00, 0x64, 0x00, 0x65, 0x00, 0x72, 0x00, 0x69, 0x00,
    0x76, 0x00, 0x61, 0x00, 0x74, 0x00, 0x69, 0x00, 0x76, 0x00, 0x65, 0x00,
    0x20, 0x00, 0x77, 0x00, 0x6f, 0x00, 0x72, 0x00, 0x6b, 0x00, 0x73, 0x00,
    0x2c, 0x00, 0x20, 0x00, 0x63, 0x00, 0x61, 0x00, 0x6e, 0x00, 0x20, 0x00,
    0x62, 0x00, 0x65, 0x00, 0x20, 0x00, 0x62, 0x00, 0x75, 0x00, 0x6e, 0x00,
    0x64, 0x00, 0x6c, 0x00, 0x65, 0x00, 0x64, 0x00, 0x2c, 0x00, 0x20, 0x00,
    0x65, 0x00, 0x6d, 0x00, 0x62, 0x00, 0x65, 0x00, 0x64, 0x00, 0x64, 0x00,
    0x65, 0x00, 0x64, 0x00, 0x2c, 0x00, 0x20, 0x00, 0x0a, 0x00, 0x72, 0x00,
    0x65, 0x00, 0x64, 0x00, 0x69, 0x00, 0x73, 0x00, 0x74, 0x00, 0x72, 0x00,
    0x69, 0x00, 0x62, 0x00, 0x75, 0x00, 0x74, 0x00, 0x65, 0x00, 0x64, 0x00,
    0x20, 0x00, 0x61, 0x00, 0x6e, 0x00, 0x64, 0x00, 0x2f, 0x00, 0x6f, 0x00,
    0x72, 0x00, 0x20, 0x00, 0x73, 0x00, 0x6f, 0x00, 0x6c, 0x00, 0x64, 0x00,
    0x20, 0x00, 0x77, 0x00, 0x69, 0x00, 0x74, 0x00, 0x68, 0x00, 0x20, 0x00,
    0x61, 0x00, 0x6e, 0x00, 0x79, 0x00, 0x20, 0x00, 0x73, 0x00, 0x6f, 0x00,
    0x66, 0x00, 0x74, 0x00, 0x77, 0x00, 0x61, 0x00, 0x72, 0x00, 0x65, 0x00,
    0x20, 0x00, 0x70, 0x00, 0x72, 0x00, 0x6f, 0x00, 0x76, 0x00, 0x69, 0x00,
    0x64, 0x00, 0x65, 0x00, 0x64, 0x00, 0x20, 0x00, 0x74, 0x00, 0x68, 0x00,
    0x61, 0x00, 0x74, 0x00, 0x20, 0x00, 0x61, 0x00, 0x6e, 0x00, 0x79, 0x00,
    0x20, 0x00, 0x72, 0x00, 0x65, 0x00, 0x73, 0x00, 0x65, 0x00, 0x72, 0x00,
    0x76, 0x00, 0x65, 0x00, 0x64, 0x00, 0x0a, 0x00, 0x6e, 0x00, 0x61, 0x00,
    0x6d, 0x00, 0x65, 0x00, 0x73, 0x00, 0x20, 0x00, 0x61, 0x00, 0x72, 0x00,
    0x65, 0x00, 0x20, 0x00, 0x6e, 0x00, 0x6f, 0x00, 0x74, 0x00, 0x20, 0x00,
    0x75, 0x00, 0x73, 0x00, 0x65, 0x00, 0x64, 0x00, 0x20, 0x00, 0x62, 0x00,
    0x79, 0x00, 0x20, 0x00, 0x64, 0x00, 0x65, 0x00, 0x72, 0x00, 0x69, 0x00,
    0x76, 0x00, 0x61, 0x00, 0x74, 0x00, 0x69, 0x00, 0x76, 0x00, 0x65, 0x00,
    0x20, 0x00, 0x77, 0x00, 0x6f, 0x00, 0x72, 0x00, 0x6b, 0x00, 0x73, 0x00,
    0x2e, 0x00, 0x20, 0x00, 0x54, 0x00, 0x68, 0x00, 0x65, 0x00, 0x20, 0x00,
    0x66, 0x00, 0x6f, 0x00, 0x6e, 0x00, 0x74, 0x00, 0x73, 0x00, 0x20, 0x00,
    0x61, 0x00, 0x6e, 0x00, 0x64, 0x00, 0x20, 0x00, 0x64, 0x00, 0x65, 0x00,
    0x72, 0x00, 0x69, 0x00, 0x76, 0x00, 0x61, 0x00, 0x74, 0x00, 0x69, 0x00,
    0x76, 0x00, 0x65, 0x00, 0x73, 0x00, 0x2c, 0x00, 0x0a, 0x00, 0x68, 0x00,
    0x6f, 0x00, 0x77, 0x00, 0x65, 0x00, 0x76, 0x00, 0x65, 0x00, 0x72, 0x00,
    0x2c, 0x00, 0x20, 0x00, 0x63, 0x00, 0x61, 0x00, 0x6e, 0x00, 0x6e, 0x00,
    0x6f, 0x00, 0x74, 0x00, 0x20, 0x00, 0x62, 0x00, 0x65, 0x00, 0x20, 0x00,
    0x72, 0x00, 0x65, 0x00, 0x6c, 0x00, 0x65, 0x00, 0x61, 0x00, 0x73, 0x00,
    0x65, 0x00, 0x64, 0x00, 0x20, 0x00, 0x75, 0x00, 0x6e, 0x00, 0x64, 0x00,
    0x65, 0x00, 0x72, 0x00, 0x20, 0x00, 0x61, 0x00, 0x6e, 0x00, 0x79, 0x00,
    0x20, 0x00, 0x6f, 0x00, 0x74, 0x00, 0x68, 0x00, 0x65, 0x00, 0x72, 0x00,
    0x20, 0x00, 0x74, 0x00, 0x79, 0x00, 0x70, 0x00, 0x65, 0x00, 0x20, 0x00,
    0x6f, 0x00, 0x66, 0x00, 0x20, 0x00, 0x6c, 0x00, 0x69, 0x00, 0x63, 0x00,
    0x65, 0x00, 0x6e, 0x00, 0x73, 0x00, 0x65, 0x00, 0x2e, 0x00, 0x20, 0x00,
    0x54, 0x00, 0x68, 0x00, 0x65, 0x00, 0x0a, 0x00, 0x72, 0x00, 0x65, 0x00,
    0x71, 0x00, 0x75, 0x00, 0x69, 0x00, 0x72, 0x00, 0x65, 0x00, 0x6d, 0x00,
    0x65, 0x00, 0x6e, 0x00, 0x74, 0x00, 0x20, 0x00, 0x66, 0x00, 0x6f, 0x00,
    0x72, 0x00, 0x20, 0x00, 0x66, 0x00, 0x6f, 0x00, 0x6e, 0x00, 0x74, 0x00,
    0x73, 0x00, 0x20, 0x00, 0x74, 0x00, 0x6f, 0x00, 0x20, 0x00, 0x72, 0x00,
    0x65, 0x00, 0x6d, 0x00, 0x61, 0x00, 0x69, 0x00, 0x6e, 0x00, 0x20, 0x00,
    0x75, 0x00, 0x6e, 0x00, 0x64, 0x00, 0x65, 0x00, 0x72, 0x00, 0x20, 0x00,
    0x74, 0x00, 0x68, 0x00, 0x69, 0x00, 0x73, 0x00, 0x20, 0x00, 0x6c, 0x00,
    0x69, 0x00, 0x63, 0x00, 0x65, 0x00, 0x6e, 0x00, 0x73, 0x00, 0x65, 0x00,
    0x20, 0x00, 0x64, 0x00, 0x6f, 0x00, 0x65, 0x00, 0x73, 0x00, 0x20, 0x00,
    0x6e, 0x00, 0x6f, 0x00, 0x74, 0x00, 0x20, 0x00, 0x61, 0x00, 0x70, 0x00,
    0x70, 0x00, 0x6c, 0x00, 0x79, 0x00, 0x0a, 0x00, 0x74, 0x00, 0x6f, 0x00,
    0x20, 0x00, 0x61, 0x00, 0x6e, 0x00, 0x79, 0x00, 0x20, 0x00, 0x64, 0x00,
    0x6f, 0x00, 0x63, 0x00, 0x75, 0x00, 0x6d, 0x00, 0x65, 0x00, 0x6e, 0x00,
    0x74, 0x00, 0x20, 0x00, 0x63, 0x00, 0x72, 0x00, 0x65, 0x00, 0x61, 0x00,
    0x74, 0x00, 0x65, 0x00, 0x64, 0x00, 0x20, 0x00, 0x75, 0x00, 0x73, 0x00,
    0x69, 0x00, 0x6e, 0x00, 0x67, 0x00, 0x20, 0x00, 0x74, 0x00, 0x68, 0x00,
    0x65, 0x00, 0x20, 0x00, 0x66, 0x00, 0x6f, 0x00, 0x6e, 0x00, 0x74, 0x00,
    0x73, 0x00, 0x20, 0x00, 0x6f, 0x00, 0x72, 0x00, 0x20, 0x00, 0x74, 0x00,
    0x68, 0x00, 0x65, 0x00, 0x69, 0x00, 0x72, 0x00, 0x20, 0x00, 0x64, 0x00,
    0x65, 0x00, 0x72, 0x00, 0x69, 0x00, 0x76, 0x00, 0x61, 0x00, 0x74, 0x00,
    0x69, 0x00, 0x76, 0x00, 0x65, 0x00, 0x73, 0x00, 0x2e, 0x00, 0x0a, 0x00,
    0x0a, 0x00, 0x44, 0x00, 0x45, 0x00, 0x46, 0x00, 0x49, 0x00, 0x4e, 0x00,
    0x49, 0x00, 0x54, 0x00, 0x49, 0x00, 0x4f, 0x00, 0x4e, 0x00, 0x53, 0x00,
    0x0a, 0x00, 0x22, 0x00, 0x46, 0x00, 0x6f, 0x00, 0x6e, 0x00, 0x74, 0x00,
    0x20, 0x00, 0x53, 0x00, 0x6f, 0x00, 0x66, 0x00, 0x74, 0x00, 0x77, 0x00,
    0x61, 0x00, 0x72, 0x00, 0x65, 0x00, 0x22, 0x00, 0x20, 0x00, 0x72, 0x00,
    0x65, 0x00, 0x66, 0x00, 0x65, 0x00, 0x72, 0x00, 0x73, 0x00, 0x20, 0x00,
    0x74, 0x00, 0x6f, 0x00, 0x20, 0x00, 0x74, 0x00, 0x68, 0x00, 0x65, 0x00,
    0x20, 0x00, 0x73, 0x00, 0x65, 0x00, 0x74, 0x00, 0x20, 0x00, 0x6f, 0x00,
    0x66, 0x00, 0x20, 0x00, 0x66, 0x00, 0x69, 0x00, 0x6c, 0x00, 0x65, 0x00,
    0x73, 0x00, 0x20, 0x00, 0x72, 0x00, 0x65, 0x00, 0x6c, 0x00, 0x65, 0x00,
    0x61, 0x00, 0x73, 0x00, 0x65, 0x00, 0x64, 0x00, 0x20, 0x00, 0x62, 0x00,
    0x79, 0x00, 0x20, 0x00, 0x74, 0x00, 0x68, 0x00, 0x65, 0x00, 0x20, 0x00,
    0x43, 0x00, 0x6f, 0x00, 0x70, 0x00, 0x79, 0x00, 0x72, 0x00, 0x69, 0x00,
    0x67, 0x00, 0x68, 0x00, 0x74, 0x00, 0x0a, 0x00, 0x48, 0x00, 0x6f, 0x00,
    0x6c, 0x00, 0x64, 0x00, 0x65, 0x00, 0x72, 0x00, 0x28, 0x00, 0x73, 0x00,
    0x29, 0x00, 0x20, 0x00, 0x75, 0x00, 0x6e, 0x00, 0x64, 0x00, 0x65, 0x00,
    0x72, 0x00, 0x20, 0x00, 0x74, 0x00, 0x68, 0x00, 0x69, 0x00, 0x73, 0x00,
    0x20, 0x00, 0x6c, 0x00, 0x69, 0x00, 0x63, 0x00, 0x65, 0x00, 0x6e, 0x00,
    0x73, 0x00, 0x65, 0x00, 0x20, 0x00, 0x61, 0x00, 0x6e, 0x00, 0x64, 0x00,
    0x20, 0x00, 0x63, 0x00, 0x6c, 0x00, 0x65, 0x00, 0x61, 0x00, 0x72, 0x00,
    0x6c, 0x00, 0x79, 0x00, 0x20, 0x00, 0x6d, 0x00, 0x61, 0x00, 0x72, 0x00,
    0x6b, 0x00, 0x65, 0x00, 0x64, 0x00, 0x20, 0x00, 0x61, 0x00, 0x73, 0x00,
    0x20, 0x00, 0x73, 0x00, 0x75, 0x00, 0x63, 0x00, 0x68, 0x00, 0x2e, 0x00,
    0x20, 0x00, 0x54, 0x00, 0x68, 0x00, 0x69, 0x00, 0x73, 0x00, 0x20, 0x00,
    0x6d, 0x00, 0x61, 0x00, 0x79, 0x00, 0x0a, 0x00, 0x69, 0x00, 0x6e, 0x00,
    0x63, 0x00, 0x6c, 0x00, 0x75, 0x00, 0x64, 0x00, 0x65, 0x00, 0x20, 0x00,
    0x73, 0x00, 0x6f, 0x00, 0x75, 0x00, 0x72, 0x00, 0x63, 0x00, 0x65, 0x00,
    0x20, 0x00, 0x66, 0x00, 0x69, 0x00, 0x6c, 0x00, 0x65, 0x00, 0x73, 0x00,
    0x2c, 0x00, 0x20, 0x00, 0x62, 0x00, 0x75, 0x00, 0x69, 0x00, 0x6c, 0x00,
    0x64, 0x00, 0x20, 0x00, 0x73, 0x00, 0x63, 0x00, 0x72, 0x00, 0x69, 0x00,
    0x70, 0x00, 0x74, 0x00, 0x73, 0x00, 0x20, 0x00, 0x61, 0x00, 0x6e, 0x00,
    0x64, 0x00, 0x20, 0x00, 0x64, 0x00, 0x6f, 0x00, 0x63, 0x00, 0x75, 0x00,
    0x6d, 0x00, 0x65, 0x00, 0x6e, 0x00, 0x74, 0x00, 0x61, 0x00, 0x74, 0x00,
    0x69, 0x00, 0x6f, 0x00, 0x6e, 0x00, 0x2e, 0x00, 0x0a, 0x00, 0x0a, 0x00,
    0x22, 0x00, 0x52, 0x00, 0x65, 0x00, 0x73, 0x00, 0x65, 0x00, 0x72, 0x00,
    0x76, 0x00, 0x65, 0x00, 0x64, 0x00, 0x20, 0x00, 0x46, 0x00, 0x6f, 0x00,
    0x6e, 0x00, 0x74, 0x00, 0x20, 0x00, 0x4e, 0x00, 0x61, 0x00, 0x6d, 0x00,
    0x65, 0x00, 0x22, 0x00, 0x20, 0x00, 0x72, 0x00, 0x65, 0x00, 0x66, 0x00,
    0x65, 0x00, 0x72, 0x00, 0x73, 0x00, 0x20, 0x00, 0x74, 0x00, 0x6f, 0x00,
    0x20, 0x00, 0x61, 0x00, 0x6e, 0x00, 0x79, 0x00, 0x20, 0x00, 0x6e, 0x00,
    0x61, 0x00, 0x6d, 0x00, 0x65, 0x00, 0x73, 0x00, 0x20, 0x00, 0x73, 0x00,
    0x70, 0x00, 0x65, 0x00, 0x63, 0x00, 0x69, 0x00, 0x66, 0x00, 0x69, 0x00,
    0x65, 0x00, 0x64, 0x00, 0x20, 0x00, 0x61, 0x00, 0x73, 0x00, 0x20, 0x00,
    0x73, 0x00, 0x75, 0x00, 0x63, 0x00, 0x68, 0x00, 0x20, 0x00, 0x61, 0x00,
    0x66, 0x00, 0x74, 0x00, 0x65, 0x00, 0x72, 0x00, 0x20, 0x00, 0x74, 0x00,
    0x68, 0x00, 0x65, 0x00, 0x0a, 0x00, 0x63, 0x00, 0x6f, 0x00, 0x70, 0x00,
    0x79, 0x00, 0x72, 0x00, 0x69, 0x00, 0x67, 0x00, 0x68, 0x00, 0x74, 0x00,
    0x20, 0x00, 0x73, 0x00, 0x74, 0x00, 0x61, 0x00, 0x74, 0x00, 0x65, 0x00,
    0x6d, 0x00, 0x65, 0x00, 0x6e, 0x00, 0x74, 0x00, 0x28, 0x00, 0x73, 0x00,
    0x29, 0x00, 0x2e, 0x00, 0x0a, 0x00, 0x0a, 0x00, 0x22, 0x00, 0x4f, 0x00,
    0x72, 0x00, 0x69, 0x00, 0x67, 0x00, 0x69, 0x00, 0x6e, 0x00, 0x61, 0x00,
    0x6c, 0x00, 0x20, 0x00, 0x56, 0x00, 0x65, 0x00, 0x72, 0x00, 0x73, 0x00,
    0x69, 0x00, 0x6f, 0x00, 0x6e, 0x00, 0x22, 0x00, 0x20, 0x00, 0x72, 0x00,
    0x65, 0x00, 0x66, 0x00, 0x65, 0x00, 0x72, 0x00, 0x73, 0x00, 0x20, 0x00,
    0x74, 0x00, 0x6f, 0x00, 0x20, 0x00, 0x74, 0x00, 0x68, 0x00, 0x65, 0x00,
    0x20, 0x00, 0x63, 0x00, 0x6f, 0x00, 0x6c, 0x00, 0x6c, 0x00, 0x65, 0x00,
    0x63, 0x00, 0x74, 0x00, 0x69, 0x00, 0x6f, 0x00, 0x6e, 0x00, 0x20, 0x00,
    0x6f, 0x00, 0x66, 0x00, 0x20, 0x00, 0x46, 0x00, 0x6f, 0x00, 0x6e, 0x00,
    0x74, 0x00, 0x20, 0x00, 0x53, 0x00, 0x6f, 0x00, 0x66, 0x00, 0x74, 0x00,
    0x77, 0x00, 0x61, 0x00, 0x72, 0x00, 0x65, 0x00, 0x20, 0x00, 0x63, 0x00,
    0x6f, 0x00, 0x6d, 0x00, 0x70, 0x00, 0x6f, 0x00, 0x6e, 0x00, 0x65, 0x00,
    0x6e, 0x00, 0x74, 0x00, 0x73, 0x00, 0x20, 0x00, 0x61, 0x00, 0x73, 0x00,
    0x0a, 0x00, 0x64, 0x00, 0x69, 0x00, 0x73, 0x00, 0x74, 0x00, 0x72, 0x00,
    0x69, 0x00, 0x62, 0x00, 0x75, 0x00, 0x74, 0x00, 0x65, 0x00, 0x64, 0x00,
    0x20, 0x00, 0x62, 0x00, 0x79, 0x00, 0x20, 0x00, 0x74, 0x00, 0x68, 0x00,
    0x65, 0x00, 0x20, 0x00, 0x43, 0x00, 0x6f, 0x00, 0x70, 0x00, 0x79, 0x00,
    0x72, 0x00, 0x69, 0x00, 0x67, 0x00, 0x68, 0x00, 0x74, 0x00, 0x20, 0x00,
    0x48, 0x00, 0x6f, 0x00, 0x6c, 0x00, 0x64, 0x00, 0x65, 0x00, 0x72, 0x00,
    0x28, 0x00, 0x73, 0x00, 0x29, 0x00, 0x2e, 0x00, 0x0a, 0x00, 0x0a, 0x00,
    0x22, 0x00, 0x4d, 0x00, 0x6f, 0x00, 0x64, 0x00, 0x69, 0x00, 0x66, 0x00,
    0x69, 0x00, 0x65, 0x00, 0x64, 0x00, 0x20, 0x00, 0x56, 0x00, 0x65, 0x00,
    0x72, 0x00, 0x73, 0x00, 0x69, 0x00, 0x6f, 0x00, 0x6e, 0x00, 0x22, 0x00,
    0x20, 0x00, 0x72, 0x00, 0x65, 0x00, 0x66, 0x00, 0x65, 0x00, 0x72, 0x00,
    0x73, 0x00, 0x20, 0x00, 0x74, 0x00, 0x6f, 0x00, 0x20, 0x00, 0x61, 0x00,
    0x6e, 0x00, 0x79, 0x00, 0x20, 0x00, 0x64, 0x00, 0x65, 0x00, 0x72, 0x00,
    0x69, 0x00, 0x76, 0x00, 0x61, 0x00, 0x74, 0x00, 0x69, 0x00, 0x76, 0x00,
    0x65, 0x00, 0x20, 0x00, 0x6d, 0x00, 0x61, 0x00, 0x64, 0x00, 0x65, 0x00,
    0x20, 0x00, 0x62, 0x00, 0x79, 0x00, 0x20, 0x00, 0x61, 0x00, 0x64, 0x00,
    0x64, 0x00, 0x69, 0x00, 0x6e, 0x00, 0x67, 0x00, 0x20, 0x00, 0x74, 0x00,
    0x6f, 0x00, 0x2c, 0x00, 0x20, 0x00, 0x64, 0x00, 0x65, 0x00, 0x6c, 0x00,
    0x65, 0x00, 0x74, 0x00, 0x69, 0x00, 0x6e, 0x00, 0x67, 0x00, 0x2c, 0x00,
    0x0a, 0x00, 0x6f, 0x00, 0x72, 0x00, 0x20, 0x00, 0x73, 0x00, 0x75, 0x00,
    0x62, 0x00, 0x73, 0x00, 0x74, 0x00, 0x69, 0x00, 0x74, 0x00, 0x75, 0x00,
    0x74, 0x00, 0x69, 0x00, 0x6e, 0x00, 0x67, 0x00, 0x20, 0x00, 0x2d, 0x00,
    0x2d, 0x00, 0x20, 0x00, 0x69, 0x00, 0x6e, 0x00, 0x20, 0x00, 0x70, 0x00,
    0x61, 0x00, 0x72, 0x00, 0x74, 0x00, 0x20, 0x00, 0x6f, 0x00, 0x72, 0x00,
    0x20, 0x00, 0x69, 0x00, 0x6e, 0x00, 0x20, 0x00, 0x77, 0x00, 0x68, 0x00,
    0x6f, 0x00, 0x6c, 0x00, 0x65, 0x00, 0x20, 0x00, 0x2d, 0x00, 0x2d, 0x00,
    0x20, 0x00, 0x61, 0x00, 0x6e, 0x00, 0x79, 0x00, 0x20, 0x00, 0x6f, 0x00,
    0x66, 0x00, 0x20, 0x00, 0x74, 0x00, 0x68, 0x00, 0x65, 0x00, 0x20, 0x00,
    0x63, 0x00, 0x6f, 0x00, 0x6d, 0x00, 0x70, 0x00, 0x6f, 0x00, 0x6e, 0x00,
    0x65, 0x00, 0x6e, 0x00, 0x74, 0x00, 0x73, 0x00, 0x20, 0x00, 0x6f, 0x00,
    0x66, 0x00, 0x20, 0x00, 0x74, 0x00, 0x68, 0x00, 0x65, 0x00, 0x0a, 0x00,
    0x4f, 0x00, 0x72, 0x00, 0x69, 0x00, 0x67, 0x00, 0x69, 0x00, 0x6e, 0x00,
    0x61, 0x00, 0x6c, 0x00, 0x20, 0x00, 0x56, 0x00, 0x65, 0x00, 0x72, 0x00,
    0x73, 0x00, 0x69, 0x00, 0x6f, 0x00, 0x6e, 0x00, 0x2c, 0x00, 0x20, 0x00,
    0x62, 0x00, 0x79, 0x00, 0x20, 0x00, 0x63, 0x00, 0x68, 0x00, 0x61, 0x00,
    0x6e, 0x00, 0x67, 0x00, 0x69, 0x00, 0x6e, 0x00, 0x67, 0x00, 0x20, 0x00,
    0x66, 0x00, 0x6f, 0x00, 0x72, 0x00, 0x6d, 0x00, 0x61, 0x00, 0x74, 0x00,
    0x73, 0x00, 0x20, 0x00, 0x6f, 0x00, 0x72, 0x00, 0x20, 0x00, 0x62, 0x00,
    0x79, 0x00, 0x20, 0x00, 0x70, 0x00, 0x6f, 0x00, 0x72, 0x00, 0x74, 0x00,
    0x69, 0x00, 0x6e, 0x00, 0x67, 0x00, 0x20, 0x00, 0x74, 0x00, 0x68, 0x00,
    0x65, 0x00, 0x20, 0x00, 0x46, 0x00, 0x6f, 0x00, 0x6e, 0x00, 0x74, 0x00,
    0x20, 0x00, 0x53, 0x00, 0x6f, 0x00, 0x66, 0x00, 0x74, 0x00, 0x77, 0x00,
    0x61, 0x00, 0x72, 0x00, 0x65, 0x00, 0x20, 0x00, 0x74, 0x00, 0x6f, 0x00,
    0x20, 0x00, 0x61, 0x00, 0x0a, 0x00, 0x6e, 0x00, 0x65, 0x00, 0x77, 0x00,
    0x20, 0x00, 0x65, 0x00, 0x6e, 0x00, 0x76, 0x00, 0x69, 0x00, 0x72, 0x00,
    0x6f, 0x00, 0x6e, 0x00, 0x6d, 0x00, 0x65, 0x00, 0x6e, 0x00, 0x74, 0x00,
    0x2e, 0x00, 0x0a, 0x00, 0x0a, 0x00, 0x22, 0x00, 0x41, 0x00, 0x75, 0x00,
    0x74, 0x00, 0x68, 0x00, 0x6f, 0x00, 0x72, 0x00, 0x22, 0x00, 0x20, 0x00,
    0x72, 0x00, 0x65, 0x00, 0x66, 0x00, 0x65, 0x00, 0x72, 0x00, 0x73, 0x00,
    0x20, 0x00, 0x74, 0x00, 0x6f, 0x00, 0x20, 0x00, 0x61, 0x00, 0x6e, 0x00,
    0x79, 0x00, 0x20, 0x00, 0x64, 0x00, 0x65, 0x00, 0x73, 0x00, 0x69, 0x00,
    0x67, 0x00, 0x6e, 0x00, 0x65, 0x00, 0x72, 0x00, 0x2c, 0x00, 0x20, 0x00,
    0x65, 0x00, 0x6e, 0x00, 0x67, 0x00, 0x69, 0x00, 0x6e, 0x00, 0x65, 0x00,
    0x65, 0x00, 0x72, 0x00, 0x2c, 0x00, 0x20, 0x00, 0x70, 0x00, 0x72, 0x00,
    0x6f, 0x00, 0x67, 0x00, 0x72, 0x00, 0x61, 0x00, 0x6d, 0x00, 0x6d, 0x00,
    0x65, 0x00, 0x72, 0x00, 0x2c, 0x00, 0x20, 0x00, 0x74, 0x00, 0x65, 0x00,
    0x63, 0x00, 0x68, 0x00, 0x6e, 0x00, 0x69, 0x00, 0x63, 0x00, 0x61, 0x00,
    0x6c, 0x00, 0x0a, 0x00, 0x77, 0x00, 0x72, 0x00, 0x69, 0x00, 0x74, 0x00,
    0x65, 0x00, 0x72, 0x00, 0x20, 0x00, 0x6f, 0x00, 0x72, 0x00, 0x20, 0x00,
    0x6f, 0x00, 0x74, 0x00, 0x68, 0x00, 0x65, 0x00, 0x72, 0x00, 0x20, 0x00,
    0x70, 0x00, 0x65, 0x00, 0x72, 0x00, 0x73, 0x00, 0x6f, 0x00, 0x6e, 0x00,
    0x20, 0x00, 0x77, 0x00, 0x68, 0x00, 0x6f, 0x00, 0x20, 0x00, 0x63, 0x00,
    0x6f, 0x00, 0x6e, 0x00, 0x74, 0x00, 0x72, 0x00, 0x69, 0x00, 0x62, 0x00,
    0x75, 0x00, 0x74, 0x00, 0x65, 0x00, 0x64, 0x00, 0x20, 0x00, 0x74, 0x00,
    0x6f, 0x00, 0x20, 0x00, 0x74, 0x00, 0x68, 0x00, 0x65, 0x00, 0x20, 0x00,
    0x46, 0x00, 0x6f, 0x00, 0x6e, 0x00, 0x74, 0x00, 0x20, 0x00, 0x53, 0x00,
    0x6f, 0x00, 0x66, 0x00, 0x74, 0x00, 0x77, 0x00, 0x61, 0x00, 0x72, 0x00,
    0x65, 0x00, 0x2e, 0x00, 0x0a, 0x00, 0x0a, 0x00, 0x50, 0x00, 0x45, 0x00,
    0x52, 0x00, 0x4d, 0x00, 0x49, 0x00, 0x53, 0x00, 0x53, 0x00, 0x49, 0x00,
    0x4f, 0x00, 0x4e, 0x00, 0x20, 0x00, 0x26, 0x00, 0x20, 0x00, 0x43, 0x00,
    0x4f, 0x00, 0x4e, 0x00, 0x44, 0x00, 0x49, 0x00, 0x54, 0x00, 0x49, 0x00,
    0x4f, 0x00, 0x4e, 0x00, 0x53, 0x00, 0x0a, 0x00, 0x50, 0x00, 0x65, 0x00,
    0x72, 0x00, 0x6d, 0x00, 0x69, 0x00, 0x73, 0x00, 0x73, 0x00, 0x69, 0x00,
    0x6f, 0x00, 0x6e, 0x00, 0x20, 0x00, 0x69, 0x00, 0x73, 0x00, 0x20, 0x00,
    0x68, 0x00, 0x65, 0x00, 0x72, 0x00, 0x65, 0x00, 0x62, 0x00, 0x79, 0x00,
    0x20, 0x00, 0x67, 0x00, 0x72, 0x00, 0x61, 0x00, 0x6e, 0x00, 0x74, 0x00,
    0x65, 0x00, 0x64, 0x00, 0x2c, 0x00, 0x20, 0x00, 0x66, 0x00, 0x72, 0x00,
    0x65, 0x00, 0x65, 0x00, 0x20, 0x00, 0x6f, 0x00, 0x66, 0x00, 0x20, 0x00,
    0x63, 0x00, 0x68, 0x00, 0x61, 0x00, 0x72, 0x00, 0x67, 0x00, 0x65, 0x00,
    0x2c, 0x00, 0x20, 0x00, 0x74, 0x00, 0x6f, 0x00, 0x20, 0x00, 0x61, 0x00,
    0x6e, 0x00, 0x79, 0x00, 0x20, 0x00, 0x70, 0x00, 0x65, 0x00, 0x72, 0x00,
    0x73, 0x00, 0x6f, 0x00, 0x6e, 0x00, 0x20, 0x00, 0x6f, 0x00, 0x62, 0x00,
    0x74, 0x00, 0x61, 0x00, 0x69, 0x00, 0x6e, 0x00, 0x69, 0x00, 0x6e, 0x00,
    0x67, 0x00, 0x0a, 0x00, 0x61, 0x00, 0x20, 0x00, 0x63, 0x00, 0x6f, 0x00,
    0x70, 0x00, 0x79, 0x00, 0x20, 0x00, 0x6f, 0x00, 0x66, 0x00, 0x20, 0x00,
    0x74, 0x00, 0x68, 0x00, 0x65, 0x00, 0x20, 0x00, 0x46, 0x00, 0x6f, 0x00,
    0x6e, 0x00, 0x74, 0x00, 0x20, 0x00, 0x53, 0x00, 0x6f, 0x00, 0x66, 0x00,
    0x74, 0x00, 0x77, 0x00, 0x61, 0x00, 0x72, 0x00, 0x65, 0x00, 0x2c, 0x00,
    0x20, 0x00, 0x74, 0x00, 0x6f, 0x00, 0x20, 0x00, 0x75, 0x00, 0x73, 0x00,
    0x65, 0x00, 0x2c, 0x00, 0x20, 0x00, 0x73, 0x00, 0x74, 0x00, 0x75, 0x00,
    0x64, 0x00, 0x79, 0x00, 0x2c, 0x00, 0x20, 0x00, 0x63, 0x00, 0x6f, 0x00,
    0x70, 0x00, 0x79, 0x00, 0x2c, 0x00, 0x20, 0x00, 0x6d, 0x00, 0x65, 0x00,
    0x72, 0x00, 0x67, 0x00, 0x65, 0x00, 0x2c, 0x00, 0x20, 0x00, 0x65, 0x00,
    0x6d, 0x00, 0x62, 0x00, 0x65, 0x00, 0x64, 0x00, 0x2c, 0x00, 0x20, 0x00,
    0x6d, 0x00, 0x6f, 0x00, 0x64, 0x00, 0x69, 0x00, 0x66, 0x00, 0x79, 0x00,
    0x2c, 0x00, 0x0a, 0x00, 0x72, 0x00, 0x65, 0x00, 0x64, 0x00, 0x69, 0x00,
    0x73, 0x00, 0x74, 0x00, 0x72, 0x00, 0x69, 0x00, 0x62, 0x00, 0x75, 0x00,
    0x74, 0x00, 0x65, 0x00, 0x2c, 0x00, 0x20, 0x00, 0x61, 0x00, 0x6e, 0x00,
    0x64, 0x00, 0x20, 0x00, 0x73, 0x00, 0x65, 0x00, 0x6c, 0x00, 0x6c, 0x00,
    0x20, 0x00, 0x6d, 0x00, 0x6f, 0x00, 0x64, 0x00, 0x69, 0x00, 0x66, 0x00,
    0x69, 0x00, 0x65, 0x00, 0x64, 0x00, 0x20, 0x00, 0x61, 0x00, 0x6e, 0x00,
    0x64, 0x00, 0x20, 0x00, 0x75, 0x00, 0x6e, 0x00, 0x6d, 0x00, 0x6f, 0x00,
    0x64, 0x00, 0x69, 0x00, 0x66, 0x00, 0x69, 0x00, 0x65, 0x00, 0x64, 0x00,
    0x20, 0x00, 0x63, 0x00, 0x6f, 0x00, 0x70, 0x00, 0x69, 0x00, 0x65, 0x00,
    0x73, 0x00, 0x20, 0x00, 0x6f, 0x00, 0x66, 0x00, 0x20, 0x00, 0x74, 0x00,
    0x68, 0x00, 0x65, 0x00, 0x20, 0x00, 0x46, 0x00, 0x6f, 0x00, 0x6e, 0x00,
    0x74, 0x00, 0x0a, 0x00, 0x53, 0x00, 0x6f, 0x00, 0x66, 0x00, 0x74, 0x00,
    0x77, 0x00, 0x61, 0x00, 0x72, 0x00, 0x65, 0x00, 0x2c, 0x00, 0x20, 0x00,
    0x73, 0x00, 0x75, 0x00, 0x62, 0x00, 0x6a, 0x00, 0x65, 0x00, 0x63, 0x00,
    0x74, 0x00, 0x20, 0x00, 0x74, 0x00, 0x6f, 0x00, 0x20, 0x00, 0x74, 0x00,
    0x68, 0x00, 0x65, 0x00, 0x20, 0x00, 0x66, 0x00, 0x6f, 0x00, 0x6c, 0x00,
    0x6c, 0x00, 0x6f, 0x00, 0x77, 0x00, 0x69, 0x00, 0x6e, 0x00, 0x67, 0x00,
    0x20, 0x00, 0x63, 0x00, 0x6f, 0x00, 0x6e, 0x00, 0x64, 0x00, 0x69, 0x00,
    0x74, 0x00, 0x69, 0x00, 0x6f, 0x00, 0x6e, 0x00, 0x73, 0x00, 0x3a, 0x00,
    0x0a, 0x00, 0x0a, 0x00, 0x31, 0x00, 0x29, 0x00, 0x20, 0x00, 0x4e, 0x00,
    0x65, 0x00, 0x69, 0x00, 0x74, 0x00, 0x68, 0x00, 0x65, 0x00, 0x72, 0x00,
    0x20, 0x00, 0x74, 0x00, 0x68, 0x00, 0x65, 0x00, 0x20, 0x00, 0x46, 0x00,
    0x6f, 0x00, 0x6e, 0x00, 0x74, 0x00, 0x20, 0x00, 0x53, 0x00, 0x6f, 0x00,
    0x66, 0x00, 0x74, 0x00, 0x77, 0x00, 0x61, 0x00, 0x72, 0x00, 0x65, 0x00,
    0x20, 0x00, 0x6e, 0x00, 0x6f, 0x00, 0x72, 0x00, 0x20, 0x00, 0x61, 0x00,
    0x6e, 0x00, 0x79, 0x00, 0x20, 0x00, 0x6f, 0x00, 0x66, 0x00, 0x20, 0x00,
    0x69, 0x00, 0x74, 0x00, 0x73, 0x00, 0x20, 0x00, 0x69, 0x00, 0x6e, 0x00,
    0x64, 0x00, 0x69, 0x00, 0x76, 0x00, 0x69, 0x00, 0x64, 0x00, 0x75, 0x00,
    0x61, 0x00, 0x6c, 0x00, 0x20, 0x00, 0x63, 0x00, 0x6f, 0x00, 0x6d, 0x00,
    0x70, 0x00, 0x6f, 0x00, 0x6e, 0x00, 0x65, 0x00, 0x6e, 0x00, 0x74, 0x00,
    0x73, 0x00, 0x2c, 0x00, 0x0a, 0x00, 0x69, 0x00, 0x6e, 0x00, 0x20, 0x00,
    0x4f, 0x00, 0x72, 0x00, 0x69, 0x00, 0x67, 0x00, 0x69, 0x00, 0x6e, 0x00,
    0x61, 0x00, 0x6c, 0x00, 0x20, 0x00, 0x6f, 0x00, 0x72, 0x00, 0x20, 0x00,
    0x4d, 0x00, 0x6f, 0x00, 0x64, 0x00, 0x69, 0x00, 0x66, 0x00, 0x69, 0x00,
    0x65, 0x00, 0x64, 0x00, 0x20, 0x00, 0x56, 0x00, 0x65, 0x00, 0x72, 0x00,
    0x73, 0x00, 0x69, 0x00, 0x6f, 0x00, 0x6e, 0x00, 0x73, 0x00, 0x2c, 0x00,
    0x20, 0x00, 0x6d, 0x00, 0x61, 0x00, 0x79, 0x00, 0x20, 0x00, 0x62, 0x00,
    0x65, 0x00, 0x20, 0x00, 0x73, 0x00, 0x6f, 0x00, 0x6c, 0x00, 0x64, 0x00,
    0x20, 0x00, 0x62, 0x00, 0x79, 0x00, 0x20, 0x00, 0x69, 0x00, 0x74, 0x00,
    0x73, 0x00, 0x65, 0x00, 0x6c, 0x00, 0x66, 0x00, 0x2e, 0x00, 0x0a, 0x00,
    0x0a, 0x00, 0x32, 0x00, 0x29, 0x00, 0x20, 0x00, 0x4f, 0x00, 0x72, 0x00,
    0x69, 0x00, 0x67, 0x00, 0x69, 0x00, 0x6e, 0x00, 0x61, 0x00, 0x6c, 0x00,
    0x20, 0x00, 0x6f, 0x00, 0x72, 0x00, 0x20, 0x00, 0x4d, 0x00, 0x6f, 0x00,
    0x64, 0x00, 0x69, 0x00, 0x66, 0x00, 0x69, 0x00, 0x65, 0x00, 0x64, 0x00,
    0x20, 0x00, 0x56, 0x00, 0x65, 0x00, 0x72, 0x00, 0x73, 0x00, 0x69, 0x00,
    0x6f, 0x00, 0x6e, 0x00, 0x73, 0x00, 0x20, 0x00, 0x6f, 0x00, 0x66, 0x00,
    0x20, 0x00, 0x74, 0x00, 0x68, 0x00, 0x65, 0x00, 0x20, 0x00, 0x46, 0x00,
    0x6f, 0x00, 0x6e, 0x00, 0x74, 0x00, 0x20, 0x00, 0x53, 0x00, 0x6f, 0x00,
    0x66, 0x00, 0x74, 0x00, 0x77, 0x00, 0x61, 0x00, 0x72, 0x00, 0x65, 0x00,
    0x20, 0x00, 0x6d, 0x00, 0x61, 0x00, 0x79, 0x00, 0x20, 0x00, 0x62, 0x00,
    0x65, 0x00, 0x20, 0x00, 0x62, 0x00, 0x75, 0x00, 0x6e, 0x00, 0x64, 0x00,
    0x6c, 0x00, 0x65, 0x00, 0x64, 0x00, 0x2c, 0x00, 0x0a, 0x00, 0x72, 0x00,
    0x65, 0x00, 0x64, 0x00, 0x69, 0x00, 0x73, 0x00, 0x74, 0x00, 0x72, 0x00,
    0x69, 0x00, 0x62, 0x00, 0x75, 0x00, 0x74, 0x00, 0x65, 0x00, 0x64, 0x00,
    0x20, 0x00, 0x61, 0x00, 0x6e, 0x00, 0x64, 0x00, 0x2f, 0x00, 0x6f, 0x00,
    0x72, 0x00, 0x20, 0x00, 0x73, 0x00, 0x6f, 0x00, 0x6c, 0x00, 0x64, 0x00,
    0x20, 0x00, 0x77, 0x00, 0x69, 0x00, 0x74, 0x00, 0x68, 0x00, 0x20, 0x00,
    0x61, 0x00, 0x6e, 0x00, 0x79, 0x00, 0x20, 0x00, 0x73, 0x00, 0x6f, 0x00,
    0x66, 0x00, 0x74, 0x00, 0x77, 0x00, 0x61, 0x00, 0x72, 0x00, 0x65, 0x00,
    0x2c, 0x00, 0x20, 0x00, 0x70, 0x00, 0x72, 0x00, 0x6f, 0x00, 0x76, 0x00,
    0x69, 0x00, 0x64, 0x00, 0x65, 0x00, 0x64, 0x00, 0x20, 0x00, 0x74, 0x00,
    0x68, 0x00, 0x61, 0x00, 0x74, 0x00, 0x20, 0x00, 0x65, 0x00, 0x61, 0x00,
    0x63, 0x00, 0x68, 0x00, 0x20, 0x00, 0x63, 0x00, 0x6f, 0x00, 0x70, 0x00,
    0x79, 0x00, 0x0a, 0x00, 0x63, 0x00, 0x6f, 0x00, 0x6e, 0x00, 0x74, 0x00,
    0x61, 0x00, 0x69, 0x00, 0x6e, 0x00, 0x73, 0x00, 0x20, 0x00, 0x74, 0x00,
    0x68, 0x00, 0x65, 0x00, 0x20, 0x00, 0x61, 0x00, 0x62, 0x00, 0x6f, 0x00,
    0x76, 0x00, 0x65, 0x00, 0x20, 0x00, 0x63, 0x00, 0x6f, 0x00, 0x70, 0x00,
    0x79, 0x00, 0x72, 0x00, 0x69, 0x00, 0x67, 0x00, 0x68, 0x00, 0x74, 0x00,
    0x20, 0x00, 0x6e, 0x00, 0x6f, 0x00, 0x74, 0x00, 0x69, 0x00, 0x63, 0x00,
    0x65, 0x00, 0x20, 0x00, 0x61, 0x00, 0x6e, 0x00, 0x64, 0x00, 0x20, 0x00,
    0x74, 0x00, 0x68, 0x00, 0x69, 0x00, 0x73, 0x00, 0x20, 0x00, 0x6c, 0x00,
    0x69, 0x00, 0x63, 0x00, 0x65, 0x00, 0x6e, 0x00, 0x73, 0x00, 0x65, 0x00,
    0x2e, 0x00, 0x20, 0x00, 0x54, 0x00, 0x68, 0x00, 0x65, 0x00, 0x73, 0x00,
    0x65, 0x00, 0x20, 0x00, 0x63, 0x00, 0x61, 0x00, 0x6e, 0x00, 0x20, 0x00,
    0x62, 0x00, 0x65, 0x00, 0x0a, 0x00, 0x69, 0x00, 0x6e, 0x00, 0x63, 0x00,
    0x6c, 0x00, 0x75, 0x00, 0x64, 0x00, 0x65, 0x00, 0x64, 0x00, 0x20, 0x00,
    0x65, 0x00, 0x69, 0x00, 0x74, 0x00, 0x68, 0x00, 0x65, 0x00, 0x72, 0x00,
    0x20, 0x00, 0x61, 0x00, 0x73, 0x00, 0x20, 0x00, 0x73, 0x00, 0x74, 0x00,
    0x61, 0x00, 0x6e, 0x00, 0x64, 0x00, 0x2d, 0x00, 0x61, 0x00, 0x6c, 0x00,
    0x6f, 0x00, 0x6e, 0x00, 0x65, 0x00, 0x20, 0x00, 0x74, 0x00, 0x65, 0x00,
    0x78, 0x00, 0x74, 0x00, 0x20, 0x00, 0x66, 0x00, 0x69, 0x00, 0x6c, 0x00,
    0x65, 0x00, 0x73, 0x00, 0x2c, 0x00, 0x20, 0x00, 0x68, 0x00, 0x75, 0x00,
    0x6d, 0x00, 0x61, 0x00, 0x6e, 0x00, 0x2d, 0x00, 0x72, 0x00, 0x65, 0x00,
    0x61, 0x00, 0x64, 0x00, 0x61, 0x00, 0x62, 0x00, 0x6c, 0x00, 0x65, 0x00,
    0x20, 0x00, 0x68, 0x00, 0x65, 0x00, 0x61, 0x00, 0x64, 0x00, 0x65, 0x00,
    0x72, 0x00, 0x73, 0x00, 0x20, 0x00, 0x6f, 0x00, 0x72, 0x00, 0x0a, 0x00,
    0x69, 0x00, 0x6e, 0x00, 0x20, 0x00, 0x74, 0x00, 0x68, 0x00, 0x65, 0x00,
    0x20, 0x00, 0x61, 0x00, 0x70, 0x00, 0x70, 0x00, 0x72, 0x00, 0x6f, 0x00,
    0x70, 0x00, 0x72, 0x00, 0x69, 0x00, 0x61, 0x00, 0x74, 0x00, 0x65, 0x00,
    0x20, 0x00, 0x6d, 0x00, 0x61, 0x00, 0x63, 0x00, 0x68, 0x00, 0x69, 0x00,
    0x6e, 0x00, 0x65, 0x00, 0x2d, 0x00, 0x72, 0x00, 0x65, 0x00, 0x61, 0x00,
    0x64, 0x00, 0x61, 0x00, 0x62, 0x00, 0x6c, 0x00, 0x65, 0x00, 0x20, 0x00,
    0x6d, 0x00, 0x65, 0x00, 0x74, 0x00, 0x61, 0x00, 0x64, 0x00, 0x61, 0x00,
    0x74, 0x00, 0x61, 0x00, 0x20, 0x00, 0x66, 0x00, 0x69, 0x00, 0x65, 0x00,
    0x6c, 0x00, 0x64, 0x00, 0x73, 0x00, 0x20, 0x00, 0x77, 0x00, 0x69, 0x00,
    0x74, 0x00, 0x68, 0x00, 0x69, 0x00, 0x6e, 0x00, 0x20, 0x00, 0x74, 0x00,
    0x65, 0x00, 0x78, 0x00, 0x74, 0x00, 0x20, 0x00, 0x6f, 0x00, 0x72, 0x00,
    0x0a, 0x00, 0x62, 0x00, 0x69, 0x00, 0x6e, 0x00, 0x61, 0x00, 0x72, 0x00,
    0x79, 0x00, 0x20, 0x00, 0x66, 0x00, 0x69, 0x00, 0x6c, 0x00, 0x65, 0x00,
    0x73, 0x00, 0x20, 0x00, 0x61, 0x00, 0x73, 0x00, 0x20, 0x00, 0x6c, 0x00,
    0x6f, 0x00, 0x6e, 0x00, 0x67, 0x00, 0x20, 0x00, 0x61, 0x00, 0x73, 0x00,
    0x20, 0x00, 0x74, 0x00, 0x68, 0x00, 0x6f, 0x00, 0x73, 0x00, 0x65, 0x00,
    0x20, 0x00, 0x66, 0x00, 0x69, 0x00, 0x65, 0x00, 0x6c, 0x00, 0x64, 0x00,
    0x73, 0x00, 0x20, 0x00, 0x63, 0x00, 0x61, 0x00, 0x6e, 0x00, 0x20, 0x00,
    0x62, 0x00, 0x65, 0x00, 0x20, 0x00, 0x65, 0x00, 0x61, 0x00, 0x73, 0x00,
    0x69, 0x00, 0x6c, 0x00, 0x79, 0x00, 0x20, 0x00, 0x76, 0x00, 0x69, 0x00,
    0x65, 0x00, 0x77, 0x00, 0x65, 0x00, 0x64, 0x00, 0x20, 0x00, 0x62, 0x00,
    0x79, 0x00, 0x20, 0x00, 0x74, 0x00, 0x68, 0x00, 0x65, 0x00, 0x20, 0x00,
    0x75, 0x00, 0x73, 0x00, 0x65, 0x00, 0x72, 0x00, 0x2e, 0x00, 0x0a, 0x00,
    0x0a, 0x00, 0x33, 0x00, 0x29, 0x00, 0x20, 0x00, 0x4e, 0x00, 0x6f, 0x00,
    0x20, 0x00, 0x4d, 0x00, 0x6f, 0x00, 0x64, 0x00, 0x69, 0x00, 0x66, 0x00,
    0x69, 0x00, 0x65, 0x00, 0x64, 0x00, 0x20, 0x00, 0x56, 0x00, 0x65, 0x00,
    0x72, 0x00, 0x73, 0x00, 0x69, 0x00, 0x6f, 0x00, 0x6e, 0x00, 0x20, 0x00,
    0x6f, 0x00, 0x66, 0x00, 0x20, 0x00, 0x74, 0x00, 0x68, 0x00, 0x65, 0x00,
    0x20, 0x00, 0x46, 0x00, 0x6f, 0x00, 0x6e, 0x00, 0x74, 0x00, 0x20, 0x00,
    0x53, 0x00, 0x6f, 0x00, 0x66, 0x00, 0x74, 0x00, 0x77, 0x00, 0x61, 0x00,
    0x72, 0x00, 0x65, 0x00, 0x20, 0x00, 0x6d, 0x00, 0x61, 0x00, 0x79, 0x00,
    0x20, 0x00, 0x75, 0x00, 0x73, 0x00, 0x65, 0x00, 0x20, 0x00, 0x74, 0x00,
    0x68, 0x00, 0x65, 0x00, 0x20, 0x00, 0x52, 0x00, 0x65, 0x00, 0x73, 0x00,
    0x65, 0x00, 0x72, 0x00, 0x76, 0x00, 0x65, 0x00, 0x64, 0x00, 0x20, 0x00,
    0x46, 0x00, 0x6f, 0x00, 0x6e, 0x00, 0x74, 0x00, 0x0a, 0x00, 0x4e, 0x00,
    0x61, 0x00, 0x6d, 0x00, 0x65, 0x00, 0x28, 0x00, 0x73, 0x00, 0x29, 0x00,
    0x20, 0x00, 0x75, 0x00, 0x6e, 0x00, 0x6c, 0x00, 0x65, 0x00, 0x73, 0x00,
    0x73, 0x00, 0x20, 0x00, 0x65, 0x00, 0x78, 0x00, 0x70, 0x00, 0x6c, 0x00,
    0x69, 0x00, 0x63, 0x00, 0x69, 0x00, 0x74, 0x00, 0x20, 0x00, 0x77, 0x00,
    0x72, 0x00, 0x69, 0x00, 0x74, 0x00, 0x74, 0x00, 0x65, 0x00, 0x6e, 0x00,
    0x20, 0x00, 0x70, 0x00, 0x65, 0x00, 0x72, 0x00, 0x6d, 0x00, 0x69, 0x00,
    0x73, 0x00, 0x73, 0x00, 0x69, 0x00, 0x6f, 0x00, 0x6e, 0x00, 0x20, 0x00,
    0x69, 0x00, 0x73, 0x00, 0x20, 0x00, 0x67, 0x00, 0x72, 0x00, 0x61, 0x00,
    0x6e, 0x00, 0x74, 0x00, 0x65, 0x00, 0x64, 0x00, 0x20, 0x00, 0x62, 0x00,
    0x79, 0x00, 0x20, 0x00, 0x74, 0x00, 0x68, 0x00, 0x65, 0x00, 0x20, 0x00,
    0x63, 0x00, 0x6f, 0x00, 0x72, 0x00, 0x72, 0x00, 0x65, 0x00, 0x73, 0x00,
    0x70, 0x00, 0x6f, 0x00, 0x6e, 0x00, 0x64, 0x00, 0x69, 0x00, 0x6e, 0x00,
    0x67, 0x00, 0x0a, 0x00, 0x43, 0x00, 0x6f, 0x00, 0x70, 0x00, 0x79, 0x00,
    0x72, 0x00, 0x69, 0x00, 0x67, 0x00, 0x68, 0x00, 0x74, 0x00, 0x20, 0x00,
    0x48, 0x00, 0x6f, 0x00, 0x6c, 0x00, 0x64, 0x00, 0x65, 0x00, 0x72, 0x00,
    0x2e, 0x00, 0x20, 0x00, 0x54, 0x00, 0x68, 0x00, 0x69, 0x00, 0x73, 0x00,
    0x20, 0x00, 0x72, 0x00, 0x65, 0x00, 0x73, 0x00, 0x74, 0x00, 0x72, 0x00,
    0x69, 0x00, 0x63, 0x00, 0x74, 0x00, 0x69, 0x00, 0x6f, 0x00, 0x6e, 0x00,
    0x20, 0x00, 0x6f, 0x00, 0x6e, 0x00, 0x6c, 0x00, 0x79, 0x00, 0x20, 0x00,
    0x61, 0x00, 0x70, 0x00, 0x70, 0x00, 0x6c, 0x00, 0x69, 0x00, 0x65, 0x00,
    0x73, 0x00, 0x20, 0x00, 0x74, 0x00, 0x6f, 0x00, 0x20, 0x00, 0x74, 0x00,
    0x68, 0x00, 0x65, 0x00, 0x20, 0x00, 0x70, 0x00, 0x72, 0x00, 0x69, 0x00,
    0x6d, 0x00, 0x61, 0x00, 0x72, 0x00, 0x79, 0x00, 0x20, 0x00, 0x66, 0x00,
    0x6f, 0x00, 0x6e, 0x00, 0x74, 0x00, 0x20, 0x00, 0x6e, 0x00, 0x61, 0x00,
    0x6d, 0x00, 0x65, 0x00, 0x20, 0x00, 0x61, 0x00, 0x73, 0x00, 0x0a, 0x00,
    0x70, 0x00, 0x72, 0x00, 0x65, 0x00, 0x73, 0x00, 0x65, 0x00, 0x6e, 0x00,
    0x74, 0x00, 0x65, 0x00, 0x64, 0x00, 0x20, 0x00, 0x74, 0x00, 0x6f, 0x00,
    0x20, 0x00, 0x74, 0x00, 0x68, 0x00, 0x65, 0x00, 0x20, 0x00, 0x75, 0x00,
    0x73, 0x00, 0x65, 0x00, 0x72, 0x00, 0x73, 0x00, 0x2e, 0x00, 0x0a, 0x00,
    0x0a, 0x00, 0x34, 0x00, 0x29, 0x00, 0x20, 0x00, 0x54, 0x00, 0x68, 0x00,
    0x65, 0x00, 0x20, 0x00, 0x6e, 0x00, 0x61, 0x00, 0x6d, 0x00, 0x65, 0x00,
    0x28, 0x00, 0x73, 0x00, 0x29, 0x00, 0x20, 0x00, 0x6f, 0x00, 0x66, 0x00,
    0x20, 0x00, 0x74, 0x00, 0x68, 0x00, 0x65, 0x00, 0x20, 0x00, 0x43, 0x00,
    0x6f, 0x00, 0x70, 0x00, 0x79, 0x00, 0x72, 0x00, 0x69, 0x00, 0x67, 0x00,
    0x68, 0x00, 0x74, 0x00, 0x20, 0x00, 0x48, 0x00, 0x6f, 0x00, 0x6c, 0x00,
    0x64, 0x00, 0x65, 0x00, 0x72, 0x00, 0x28, 0x00, 0x73, 0x00, 0x29, 0x00,
    0x20, 0x00, 0x6f, 0x00, 0x72, 0x00, 0x20, 0x00, 0x74, 0x00, 0x68, 0x00,
    0x65, 0x00, 0x20, 0x00, 0x41, 0x00, 0x75, 0x00, 0x74, 0x00, 0x68, 0x00,
    0x6f, 0x00, 0x72, 0x00, 0x28, 0x00, 0x73, 0x00, 0x29, 0x00, 0x20, 0x00,
    0x6f, 0x00, 0x66, 0x00, 0x20, 0x00, 0x74, 0x00, 0x68, 0x00, 0x65, 0x00,
    0x20, 0x00, 0x46, 0x00, 0x6f, 0x00, 0x6e, 0x00, 0x74, 0x00, 0x0a, 0x00,
    0x53, 0x00, 0x6f, 0x00, 0x66, 0x00, 0x74, 0x00, 0x77, 0x00, 0x61, 0x00,
    0x72, 0x00, 0x65, 0x00, 0x20, 0x00, 0x73, 0x00, 0x68, 0x00, 0x61, 0x00,
    0x6c, 0x00, 0x6c, 0x00, 0x20, 0x00, 0x6e, 0x00, 0x6f, 0x00, 0x74, 0x00,
    0x20, 0x00, 0x62, 0x00, 0x65, 0x00, 0x20, 0x00, 0x75, 0x00, 0x73, 0x00,
    0x65, 0x00, 0x64, 0x00, 0x20, 0x00, 0x74, 0x00, 0x6f, 0x00, 0x20, 0x00,
    0x70, 0x00, 0x72, 0x00, 0x6f, 0x00, 0x6d, 0x00, 0x6f, 0x00, 0x74, 0x00,
    0x65, 0x00, 0x2c, 0x00, 0x20, 0x00, 0x65, 0x00, 0x6e, 0x00, 0x64, 0x00,
    0x6f, 0x00, 0x72, 0x00, 0x73, 0x00, 0x65, 0x00, 0x20, 0x00, 0x6f, 0x00,
    0x72, 0x00, 0x20, 0x00, 0x61, 0x00, 0x64, 0x00, 0x76, 0x00, 0x65, 0x00,
    0x72, 0x00, 0x74, 0x00, 0x69, 0x00, 0x73, 0x00, 0x65, 0x00, 0x20, 0x00,
    0x61, 0x00, 0x6e, 0x00, 0x79, 0x00, 0x0a, 0x00, 0x4d, 0x00, 0x6f, 0x00,
    0x64, 0x00, 0x69, 0x00, 0x66, 0x00, 0x69, 0x00, 0x65, 0x00, 0x64, 0x00,
    0x20, 0x00, 0x56, 0x00, 0x65, 0x00, 0x72, 0x00, 0x73, 0x00, 0x69, 0x00,
    0x6f, 0x00, 0x6e, 0x00, 0x2c, 0x00, 0x20, 0x00, 0x65, 0x00, 0x78, 0x00,
    0x63, 0x00, 0x65, 0x00, 0x70, 0x00, 0x74, 0x00, 0x20, 0x00, 0x74, 0x00,
    0x6f, 0x00, 0x20, 0x00, 0x61, 0x00, 0x63, 0x00, 0x6b, 0x00, 0x6e, 0x00,
    0x6f, 0x00, 0x77, 0x00, 0x6c, 0x00, 0x65, 0x00, 0x64, 0x00, 0x67, 0x00,
    0x65, 0x00, 0x20, 0x00, 0x74, 0x00, 0x68, 0x00, 0x65, 0x00, 0x20, 0x00,
    0x63, 0x00, 0x6f, 0x00, 0x6e, 0x00, 0x74, 0x00, 0x72, 0x00, 0x69, 0x00,
    0x62, 0x00, 0x75, 0x00, 0x74, 0x00, 0x69, 0x00, 0x6f, 0x00, 0x6e, 0x00,
    0x28, 0x00, 0x73, 0x00, 0x29, 0x00, 0x20, 0x00, 0x6f, 0x00, 0x66, 0x00,
    0x20, 0x00, 0x74, 0x00, 0x68, 0x00, 0x65, 0x00, 0x0a, 0x00, 0x43, 0x00,
    0x6f, 0x00, 0x70, 0x00, 0x79, 0x00, 0x72, 0x00, 0x69, 0x00, 0x67, 0x00,
    0x68, 0x00, 0x74, 0x00, 0x20, 0x00, 0x48, 0x00, 0x6f, 0x00, 0x6c, 0x00,
    0x64, 0x00, 0x65, 0x00, 0x72, 0x00, 0x28, 0x00, 0x73, 0x00, 0x29, 0x00,
    0x20, 0x00, 0x61, 0x00, 0x6e, 0x00, 0x64, 0x00, 0x20, 0x00, 0x74, 0x00,
    0x68, 0x00, 0x65, 0x00, 0x20, 0x00, 0x41, 0x00, 0x75, 0x00, 0x74, 0x00,
    0x68, 0x00, 0x6f, 0x00, 0x72, 0x00, 0x28, 0x00, 0x73, 0x00, 0x29, 0x00,
    0x20, 0x00, 0x6f, 0x00, 0x72, 0x00, 0x20, 0x00, 0x77, 0x00, 0x69, 0x00,
    0x74, 0x00, 0x68, 0x00, 0x20, 0x00, 0x74, 0x00, 0x68, 0x00, 0x65, 0x00,
    0x69, 0x00, 0x72, 0x00, 0x20, 0x00, 0x65, 0x00, 0x78, 0x00, 0x70, 0x00,
    0x6c, 0x00, 0x69, 0x00, 0x63, 0x00, 0x69, 0x00, 0x74, 0x00, 0x20, 0x00,
    0x77, 0x00, 0x72, 0x00, 0x69, 0x00, 0x74, 0x00, 0x74, 0x00, 0x65, 0x00,
    0x6e, 0x00, 0x0a, 0x00, 0x70, 0x00, 0x65, 0x00, 0x72, 0x00, 0x6d, 0x00,
    0x69, 0x00, 0x73, 0x00, 0x73, 0x00, 0x69, 0x00, 0x6f, 0x00, 0x6e, 0x00,
    0x2e, 0x00, 0x0a, 0x00, 0x0a, 0x00, 0x35, 0x00, 0x29, 0x00, 0x20, 0x00,
    0x54, 0x00, 0x68, 0x00, 0x65, 0x00, 0x20, 0x00, 0x46, 0x00, 0x6f, 0x00,
    0x6e, 0x00, 0x74, 0x00, 0x20, 0x00, 0x53, 0x00, 0x6f, 0x00, 0x66, 0x00,
    0x74, 0x00, 0x77, 0x00, 0x61, 0x00, 0x72, 0x00, 0x65, 0x00, 0x2c, 0x00,
    0x20, 0x00, 0x6d, 0x00, 0x6f, 0x00, 0x64, 0x00, 0x69, 0x00, 0x66, 0x00,
    0x69, 0x00, 0x65, 0x00, 0x64, 0x00, 0x20, 0x00, 0x6f, 0x00, 0x72, 0x00,
    0x20, 0x00, 0x75, 0x00, 0x6e, 0x00, 0x6d, 0x00, 0x6f, 0x00, 0x64, 0x00,
    0x69, 0x00, 0x66, 0x00, 0x69, 0x00, 0x65, 0x00, 0x64, 0x00, 0x2c, 0x00,
    0x20, 0x00, 0x69, 0x00, 0x6e, 0x00, 0x20, 0x00, 0x70, 0x00, 0x61, 0x00,
    0x72, 0x00, 0x74, 0x00, 0x20, 0x00, 0x6f, 0x00, 0x72, 0x00, 0x20, 0x00,
    0x69, 0x00, 0x6e, 0x00, 0x20, 0x00, 0x77, 0x00, 0x68, 0x00, 0x6f, 0x00,
    0x6c, 0x00, 0x65, 0x00, 0x2c, 0x00, 0x0a, 0x00, 0x6d, 0x00, 0x75, 0x00,
    0x73, 0x00, 0x74, 0x00, 0x20, 0x00, 0x62, 0x00, 0x65, 0x00, 0x20, 0x00,
    0x64, 0x00, 0x69, 0x00, 0x73, 0x00, 0x74, 0x00, 0x72, 0x00, 0x69, 0x00,
    0x62, 0x00, 0x75, 0x00, 0x74, 0x00, 0x65, 0x00, 0x64, 0x00, 0x20, 0x00,
    0x65, 0x00, 0x6e, 0x00, 0x74, 0x00, 0x69, 0x00, 0x72, 0x00, 0x65, 0x00,
    0x6c, 0x00, 0x79, 0x00, 0x20, 0x00, 0x75, 0x00, 0x6e, 0x00, 0x64, 0x00,
    0x65, 0x00, 0x72, 0x00, 0x20, 0x00, 0x74, 0x00, 0x68, 0x00, 0x69, 0x00,
    0x73, 0x00, 0x20, 0x00, 0x6c, 0x00, 0x69, 0x00, 0x63, 0x00, 0x65, 0x00,
    0x6e, 0x00, 0x73, 0x00, 0x65, 0x00, 0x2c, 0x00, 0x20, 0x00, 0x61, 0x00,
    0x6e, 0x00, 0x64, 0x00, 0x20, 0x00, 0x6d, 0x00, 0x75, 0x00, 0x73, 0x00,
    0x74, 0x00, 0x20, 0x00, 0x6e, 0x00, 0x6f, 0x00, 0x74, 0x00, 0x20, 0x00,
    0x62, 0x00, 0x65, 0x00, 0x0a, 0x00, 0x64, 0x00, 0x69, 0x00, 0x73, 0x00,
    0x74, 0x00, 0x72, 0x00, 0x69, 0x00, 0x62, 0x00, 0x75, 0x00, 0x74, 0x00,
    0x65, 0x00, 0x64, 0x00, 0x20, 0x00, 0x75, 0x00, 0x6e, 0x00, 0x64, 0x00,
    0x65, 0x00, 0x72, 0x00, 0x20, 0x00, 0x61, 0x00, 0x6e, 0x00, 0x79, 0x00,
    0x20, 0x00, 0x6f, 0x00, 0x74, 0x00, 0x68, 0x00, 0x65, 0x00, 0x72, 0x00,
    0x20, 0x00, 0x6c, 0x00, 0x69, 0x00, 0x63, 0x00, 0x65, 0x00, 0x6e, 0x00,
    0x73, 0x00, 0x65, 0x00, 0x2e, 0x00, 0x20, 0x00, 0x54, 0x00, 0x68, 0x00,
    0x65, 0x00, 0x20, 0x00, 0x72, 0x00, 0x65, 0x00, 0x71, 0x00, 0x75, 0x00,
    0x69, 0x00, 0x72, 0x00, 0x65, 0x00, 0x6d, 0x00, 0x65, 0x00, 0x6e, 0x00,
    0x74, 0x00, 0x20, 0x00, 0x66, 0x00, 0x6f, 0x00, 0x72, 0x00, 0x20, 0x00,
    0x66, 0x00, 0x6f, 0x00, 0x6e, 0x00, 0x74, 0x00, 0x73, 0x00, 0x20, 0x00,
    0x74, 0x00, 0x6f, 0x00, 0x0a, 0x00, 0x72, 0x00, 0x65, 0x00, 0x6d, 0x00,
    0x61, 0x00, 0x69, 0x00, 0x6e, 0x00, 0x20, 0x00, 0x75, 0x00, 0x6e, 0x00,
    0x64, 0x00, 0x65, 0x00, 0x72, 0x00, 0x20, 0x00, 0x74, 0x00, 0x68, 0x00,
    0x69, 0x00, 0x73, 0x00, 0x20, 0x00, 0x6c, 0x00, 0x69, 0x00, 0x63, 0x00,
    0x65, 0x00, 0x6e, 0x00, 0x73, 0x00, 0x65, 0x00, 0x20, 0x00, 0x64, 0x00,
    0x6f, 0x00, 0x65, 0x00, 0x73, 0x00, 0x20, 0x00, 0x6e, 0x00, 0x6f, 0x00,
    0x74, 0x00, 0x20, 0x00, 0x61, 0x00, 0x70, 0x00, 0x70, 0x00, 0x6c, 0x00,
    0x79, 0x00, 0x20, 0x00, 0x74, 0x00, 0x6f, 0x00, 0x20, 0x00, 0x61, 0x00,
    0x6e, 0x00, 0x79, 0x00, 0x20, 0x00, 0x64, 0x00, 0x6f, 0x00, 0x63, 0x00,
    0x75, 0x00, 0x6d, 0x00, 0x65, 0x00, 0x6e, 0x00, 0x74, 0x00, 0x20, 0x00,
    0x63, 0x00, 0x72, 0x00, 0x65, 0x00, 0x61, 0x00, 0x74, 0x00, 0x65, 0x00,
    0x64, 0x00, 0x0a, 0x00, 0x75, 0x00, 0x73, 0x00, 0x69, 0x00, 0x6e, 0x00,
    0x67, 0x00, 0x20, 0x00, 0x74, 0x00, 0x68, 0x00, 0x65, 0x00, 0x20, 0x00,
    0x46, 0x00, 0x6f, 0x00, 0x6e, 0x00, 0x74, 0x00, 0x20, 0x00, 0x53, 0x00,
    0x6f, 0x00, 0x66, 0x00, 0x74, 0x00, 0x77, 0x00, 0x61, 0x00, 0x72, 0x00,
    0x65, 0x00, 0x2e, 0x00, 0x0a, 0x00, 0x0a, 0x00, 0x54, 0x00, 0x45, 0x00,
    0x52, 0x00, 0x4d, 0x00, 0x49, 0x00, 0x4e, 0x00, 0x41, 0x00, 0x54, 0x00,
    0x49, 0x00, 0x4f, 0x00, 0x4e, 0x00, 0x0a, 0x00, 0x54, 0x00, 0x68, 0x00,
    0x69, 0x00, 0x73, 0x00, 0x20, 0x00, 0x6c, 0x00, 0x69, 0x00, 0x63, 0x00,
    0x65, 0x00, 0x6e, 0x00, 0x73, 0x00, 0x65, 0x00, 0x20, 0x00, 0x62, 0x00,
    0x65, 0x00, 0x63, 0x00, 0x6f, 0x00, 0x6d, 0x00, 0x65, 0x00, 0x73, 0x00,
    0x20, 0x00, 0x6e, 0x00, 0x75, 0x00, 0x6c, 0x00, 0x6c, 0x00, 0x20, 0x00,
    0x61, 0x00, 0x6e, 0x00, 0x64, 0x00, 0x20, 0x00, 0x76, 0x00, 0x6f, 0x00,
    0x69, 0x00, 0x64, 0x00, 0x20, 0x00, 0x69, 0x00, 0x66, 0x00, 0x20, 0x00,
    0x61, 0x00, 0x6e, 0x00, 0x79, 0x00, 0x20, 0x00, 0x6f, 0x00, 0x66, 0x00,
    0x20, 0x00, 0x74, 0x00, 0x68, 0x00, 0x65, 0x00, 0x20, 0x00, 0x61, 0x00,
    0x62, 0x00, 0x6f, 0x00, 0x76, 0x00, 0x65, 0x00, 0x20, 0x00, 0x63, 0x00,
    0x6f, 0x00, 0x6e, 0x00, 0x64, 0x00, 0x69, 0x00, 0x74, 0x00, 0x69, 0x00,
    0x6f, 0x00, 0x6e, 0x00, 0x73, 0x00, 0x20, 0x00, 0x61, 0x00, 0x72, 0x00,
    0x65, 0x00, 0x0a, 0x00, 0x6e, 0x00, 0x6f, 0x00, 0x74, 0x00, 0x20, 0x00,
    0x6d, 0x00, 0x65, 0x00, 0x74, 0x00, 0x2e, 0x00, 0x0a, 0x00, 0x0a, 0x00,
    0x44, 0x00, 0x49, 0x00, 0x53, 0x00, 0x43, 0x00, 0x4c, 0x00, 0x41, 0x00,
    0x49, 0x00, 0x4d, 0x00, 0x45, 0x00, 0x52, 0x00, 0x0a, 0x00, 0x54, 0x00,
    0x48, 0x00, 0x45, 0x00, 0x20, 0x00, 0x46, 0x00, 0x4f, 0x00, 0x4e, 0x00,
    0x54, 0x00, 0x20, 0x00, 0x53, 0x00, 0x4f, 0x00, 0x46, 0x00, 0x54, 0x00,
    0x57, 0x00, 0x41, 0x00, 0x52, 0x00, 0x45, 0x00, 0x20, 0x00, 0x49, 0x00,
    0x53, 0x00, 0x20, 0x00, 0x50, 0x00, 0x52, 0x00, 0x4f, 0x00, 0x56, 0x00,
    0x49, 0x00, 0x44, 0x00, 0x45, 0x00, 0x44, 0x00, 0x20, 0x00, 0x22, 0x00,
    0x41, 0x00, 0x53, 0x00, 0x20, 0x00, 0x49, 0x00, 0x53, 0x00, 0x22, 0x00,
    0x2c, 0x00, 0x20, 0x00, 0x57, 0x00, 0x49, 0x00, 0x54, 0x00, 0x48, 0x00,
    0x4f, 0x00, 0x55, 0x00, 0x54, 0x00, 0x20, 0x00, 0x57, 0x00, 0x41, 0x00,
    0x52, 0x00, 0x52, 0x00, 0x41, 0x00, 0x4e, 0x00, 0x54, 0x00, 0x59, 0x00,
    0x20, 0x00, 0x4f, 0x00, 0x46, 0x00, 0x20, 0x00, 0x41, 0x00, 0x4e, 0x00,
    0x59, 0x00, 0x20, 0x00, 0x4b, 0x00, 0x49, 0x00, 0x4e, 0x00, 0x44, 0x00,
    0x2c, 0x00, 0x0a, 0x00, 0x45, 0x00, 0x58, 0x00, 0x50, 0x00, 0x52, 0x00,
    0x45, 0x00, 0x53, 0x00, 0x53, 0x00, 0x20, 0x00, 0x4f, 0x00, 0x52, 0x00,
    0x20, 0x00, 0x49, 0x00, 0x4d, 0x00, 0x50, 0x00, 0x4c, 0x00, 0x49, 0x00,
    0x45, 0x00, 0x44, 0x00, 0x2c, 0x00, 0x20, 0x00, 0x49, 0x00, 0x4e, 0x00,
    0x43, 0x00, 0x4c, 0x00, 0x55, 0x00, 0x44, 0x00, 0x49, 0x00, 0x4e, 0x00,
    0x47, 0x00, 0x20, 0x00, 0x42, 0x00, 0x55, 0x00, 0x54, 0x00, 0x20, 0x00,
    0x4e, 0x00, 0x4f, 0x00, 0x54, 0x00, 0x20, 0x00, 0x4c, 0x00, 0x49, 0x00,
    0x4d, 0x00, 0x49, 0x00, 0x54, 0x00, 0x45, 0x00, 0x44, 0x00, 0x20, 0x00,
    0x54, 0x00, 0x4f, 0x00, 0x20, 0x00, 0x41, 0x00, 0x4e, 0x00, 0x59, 0x00,
    0x20, 0x00, 0x57, 0x00, 0x41, 0x00, 0x52, 0x00, 0x52, 0x00, 0x41, 0x00,
    0x4e, 0x00, 0x54, 0x00, 0x49, 0x00, 0x45, 0x00, 0x53, 0x00, 0x20, 0x00,
    0x4f, 0x00, 0x46, 0x00, 0x0a, 0x00, 0x4d, 0x00, 0x45, 0x00, 0x52, 0x00,
    0x43, 0x00, 0x48, 0x00, 0x41, 0x00, 0x4e, 0x00, 0x54, 0x00, 0x41, 0x00,
    0x42, 0x00, 0x49, 0x00, 0x4c, 0x00, 0x49, 0x00, 0x54, 0x00, 0x59, 0x00,
    0x2c, 0x00, 0x20, 0x00, 0x46, 0x00, 0x49, 0x00, 0x54, 0x00, 0x4e, 0x00,
    0x45, 0x00, 0x53, 0x00, 0x53, 0x00, 0x20, 0x00, 0x46, 0x00, 0x4f, 0x00,
    0x52, 0x00, 0x20, 0x00, 0x41, 0x00, 0x20, 0x00, 0x50, 0x00, 0x41, 0x00,
    0x52, 0x00, 0x54, 0x00, 0x49, 0x00, 0x43, 0x00, 0x55, 0x00, 0x4c, 0x00,
    0x41, 0x00, 0x52, 0x00, 0x20, 0x00, 0x50, 0x00, 0x55, 0x00, 0x52, 0x00,
    0x50, 0x00, 0x4f, 0x00, 0x53, 0x00, 0x45, 0x00, 0x20, 0x00, 0x41, 0x00,
    0x4e, 0x00, 0x44, 0x00, 0x20, 0x00, 0x4e, 0x00, 0x4f, 0x00, 0x4e, 0x00,
    0x49, 0x00, 0x4e, 0x00, 0x46, 0x00, 0x52, 0x00, 0x49, 0x00, 0x4e, 0x00,
    0x47, 0x00, 0x45, 0x00, 0x4d, 0x00, 0x45, 0x00, 0x4e, 0x00, 0x54, 0x00,
    0x0a, 0x00, 0x4f, 0x00, 0x46, 0x00, 0x20, 0x00, 0x43, 0x00, 0x4f, 0x00,
    0x50, 0x00, 0x59, 0x00, 0x52, 0x00, 0x49, 0x00, 0x47, 0x00, 0x48, 0x00,
    0x54, 0x00, 0x2c, 0x00, 0x20, 0x00, 0x50, 0x00, 0x41, 0x00, 0x54, 0x00,
    0x45, 0x00, 0x4e, 0x00, 0x54, 0x00, 0x2c, 0x00, 0x20, 0x00, 0x54, 0x00,
    0x52, 0x00, 0x41, 0x00, 0x44, 0x00, 0x45, 0x00, 0x4d, 0x00, 0x41, 0x00,
    0x52, 0x00, 0x4b, 0x00, 0x2c, 0x00, 0x20, 0x00, 0x4f, 0x00, 0x52, 0x00,
    0x20, 0x00, 0x4f, 0x00, 0x54, 0x00, 0x48, 0x00, 0x45, 0x00, 0x52, 0x00,
    0x20, 0x00, 0x52, 0x00, 0x49, 0x00, 0x47, 0x00, 0x48, 0x00, 0x54, 0x00,
    0x2e, 0x00, 0x20, 0x00, 0x49, 0x00, 0x4e, 0x00, 0x20, 0x00, 0x4e, 0x00,
    0x4f, 0x00, 0x20, 0x00, 0x45, 0x00, 0x56, 0x00, 0x45, 0x00, 0x4e, 0x00,
    0x54, 0x00, 0x20, 0x00, 0x53, 0x00, 0x48, 0x00, 0x41, 0x00, 0x4c, 0x00,
    0x4c, 0x00, 0x20, 0x00, 0x54, 0x00, 0x48, 0x00, 0x45, 0x00, 0x0a, 0x00,
    0x43, 0x00, 0x4f, 0x00, 0x50, 0x00, 0x59, 0x00, 0x52, 0x00, 0x49, 0x00,
    0x47, 0x00, 0x48, 0x00, 0x54, 0x00, 0x20, 0x00, 0x48, 0x00, 0x4f, 0x00,
    0x4c, 0x00, 0x44, 0x00, 0x45, 0x00, 0x52, 0x00, 0x20, 0x00, 0x42, 0x00,
    0x45, 0x00, 0x20, 0x00, 0x4c, 0x00, 0x49, 0x00, 0x41, 0x00, 0x42, 0x00,
    0x4c, 0x00, 0x45, 0x00, 0x20, 0x00, 0x46, 0x00, 0x4f, 0x00, 0x52, 0x00,
    0x20, 0x00, 0x41, 0x00, 0x4e, 0x00, 0x59, 0x00, 0x20, 0x00, 0x43, 0x00,
    0x4c, 0x00, 0x41, 0x00, 0x49, 0x00, 0x4d, 0x00, 0x2c, 0x00, 0x20, 0x00,
    0x44, 0x00, 0x41, 0x00, 0x4d, 0x00, 0x41, 0x00, 0x47, 0x00, 0x45, 0x00,
    0x53, 0x00, 0x20, 0x00, 0x4f, 0x00, 0x52, 0x00, 0x20, 0x00, 0x4f, 0x00,
    0x54, 0x00, 0x48, 0x00, 0x45, 0x00, 0x52, 0x00, 0x20, 0x00, 0x4c, 0x00,
    0x49, 0x00, 0x41, 0x00, 0x42, 0x00, 0x49, 0x00, 0x4c, 0x00, 0x49, 0x00,
    0x54, 0x00, 0x59, 0x00, 0x2c, 0x00, 0x0a, 0x00, 0x49, 0x00, 0x4e, 0x00,
    0x43, 0x00, 0x4c, 0x00, 0x55, 0x00, 0x44, 0x00, 0x49, 0x00, 0x4e, 0x00,
    0x47, 0x00, 0x20, 0x00, 0x41, 0x00, 0x4e, 0x00, 0x59, 0x00, 0x20, 0x00,
    0x47, 0x00, 0x45, 0x00, 0x4e, 0x00, 0x45, 0x00, 0x52, 0x00, 0x41, 0x00,
    0x4c, 0x00, 0x2c, 0x00, 0x20, 0x00, 0x53, 0x00, 0x50, 0x00, 0x45, 0x00,
    0x43, 0x00, 0x49, 0x00, 0x41, 0x00, 0x4c, 0x00, 0x2c, 0x00, 0x20, 0x00,
    0x49, 0x00, 0x4e, 0x00, 0x44, 0x00, 0x49, 0x00, 0x52, 0x00, 0x45, 0x00,
    0x43, 0x00, 0x54, 0x00, 0x2c, 0x00, 0x20, 0x00, 0x49, 0x00, 0x4e, 0x00,
    0x43, 0x00, 0x49, 0x00, 0x44, 0x00, 0x45, 0x00, 0x4e, 0x00, 0x54, 0x00,
    0x41, 0x00, 0x4c, 0x00, 0x2c, 0x00, 0x20, 0x00, 0x4f, 0x00, 0x52, 0x00,
    0x20, 0x00, 0x43, 0x00, 0x4f, 0x00, 0x4e, 0x00, 0x53, 0x00, 0x45, 0x00,
    0x51, 0x00, 0x55, 0x00, 0x45, 0x00, 0x4e, 0x00, 0x54, 0x00, 0x49, 0x00,
    0x41, 0x00, 0x4c, 0x00, 0x0a, 0x00, 0x44, 0x00, 0x41, 0x00, 0x4d, 0x00,
    0x41, 0x00, 0x47, 0x00, 0x45, 0x00, 0x53, 0x00, 0x2c, 0x00, 0x20, 0x00,
    0x57, 0x00, 0x48, 0x00, 0x45, 0x00, 0x54, 0x00, 0x48, 0x00, 0x45, 0x00,
    0x52, 0x00, 0x20, 0x00, 0x49, 0x00, 0x4e, 0x00, 0x20, 0x00, 0x41, 0x00,
    0x4e, 0x00, 0x20, 0x00, 0x41, 0x00, 0x43, 0x00, 0x54, 0x00, 0x49, 0x00,
    0x4f, 0x00, 0x4e, 0x00, 0x20, 0x00, 0x4f, 0x00, 0x46, 0x00, 0x20, 0x00,
    0x43, 0x00, 0x4f, 0x00, 0x4e, 0x00, 0x54, 0x00, 0x52, 0x00, 0x41, 0x00,
    0x43, 0x00, 0x54, 0x00, 0x2c, 0x00, 0x20, 0x00, 0x54, 0x00, 0x4f, 0x00,
    0x52, 0x00, 0x54, 0x00, 0x20, 0x00, 0x4f, 0x00, 0x52, 0x00, 0x20, 0x00,
    0x4f, 0x00, 0x54, 0x00, 0x48, 0x00, 0x45, 0x00, 0x52, 0x00, 0x57, 0x00,
    0x49, 0x00, 0x53, 0x00, 0x45, 0x00, 0x2c, 0x00, 0x20, 0x00, 0x41, 0x00,
    0x52, 0x00, 0x49, 0x00, 0x53, 0x00, 0x49, 0x00, 0x4e, 0x00, 0x47, 0x00,
    0x0a, 0x00, 0x46, 0x00, 0x52, 0x00, 0x4f, 0x00, 0x4d, 0x00, 0x2c, 0x00,
    0x20, 0x00, 0x4f, 0x00, 0x55, 0x00, 0x54, 0x00, 0x20, 0x00, 0x4f, 0x00,
    0x46, 0x00, 0x20, 0x00, 0x54, 0x00, 0x48, 0x00, 0x45, 0x00, 0x20, 0x00,
    0x55, 0x00, 0x53, 0x00, 0x45, 0x00, 0x20, 0x00, 0x4f, 0x00, 0x52, 0x00,
    0x20, 0x00, 0x49, 0x00, 0x4e, 0x00, 0x41, 0x00, 0x42, 0x00, 0x49, 0x00,
    0x4c, 0x00, 0x49, 0x00, 0x54, 0x00, 0x59, 0x00, 0x20, 0x00, 0x54, 0x00,
    0x4f, 0x00, 0x20, 0x00, 0x55, 0x00, 0x53, 0x00, 0x45, 0x00, 0x20, 0x00,
    0x54, 0x00, 0x48, 0x00, 0x45, 0x00, 0x20, 0x00, 0x46, 0x00, 0x4f, 0x00,
    0x4e, 0x00, 0x54, 0x00, 0x20, 0x00, 0x53, 0x00, 0x4f, 0x00, 0x46, 0x00,
    0x54, 0x00, 0x57, 0x00, 0x41, 0x00, 0x52, 0x00, 0x45, 0x00, 0x20, 0x00,
    0x4f, 0x00, 0x52, 0x00, 0x20, 0x00, 0x46, 0x00, 0x52, 0x00, 0x4f, 0x00,
    0x4d, 0x00, 0x0a, 0x00, 0x4f, 0x00, 0x54, 0x00, 0x48, 0x00, 0x45, 0x00,
    0x52, 0x00, 0x20, 0x00, 0x44, 0x00, 0x45, 0x00, 0x41, 0x00, 0x4c, 0x00,
    0x49, 0x00, 0x4e, 0x00, 0x47, 0x00, 0x53, 0x00, 0x20, 0x00, 0x49, 0x00,
    0x4e, 0x00, 0x20, 0x00, 0x54, 0x00, 0x48, 0x00, 0x45, 0x00, 0x20, 0x00,
    0x46, 0x00, 0x4f, 0x00, 0x4e, 0x00, 0x54, 0x00, 0x20, 0x00, 0x53, 0x00,
    0x4f, 0x00, 0x46, 0x00, 0x54, 0x00, 0x57, 0x00, 0x41, 0x00, 0x52, 0x00,
    0x45, 0x00, 0x2e, 0x00, 0x00, 0x43, 0x6f, 0x70, 0x79, 0x72, 0x69, 0x67,
    0x68, 0x74, 0x20, 0x28, 0x63, 0x29, 0x20, 0x32, 0x30, 0x32, 0x34, 0x2c,
    0x20, 0x52, 0x6f, 0x62, 0x65, 0x72, 0x74, 0x6f, 0x20, 0x4d, 0x6f, 0x63,
    0x63, 0x69, 0x20, 0x28, 0x3c, 0x20, 0x70, 0x6f, 0x73, 0x74, 0x6f, 0x63,
    0x61, 0x72, 0x61, 0x74, 0x74, 0x65, 0x72, 0x65, 0x40, 0x67, 0x6d, 0x61,
    0x69, 0x6c, 0x2e, 0x63, 0x6f, 0x6d, 0x20, 0x7c, 0x20, 0x68, 0x74, 0x74,
    0x70, 0x73, 0x3a, 0x2f, 0x2f, 0x70, 0x61, 0x74, 0x72, 0x65, 0x6f, 0x6e,
    0x2e, 0x63, 0x6f, 0x6d, 0x2f, 0x72, 0x6d, 0x6f, 0x63, 0x63, 0x69, 0x20,
    0x3e, 0x29, 0x2c, 0x0a, 0x77, 0x69, 0x74, 0x68, 0x20, 0x52, 0x65, 0x73,
    0x65, 0x72, 0x76, 0x65, 0x64, 0x20, 0x46, 0x6f, 0x6e, 0x74, 0x20, 0x4e,
    0x61, 0x6d, 0x65, 0x20, 0x4d, 0x65, 0x64, 0x6f, 0x64, 0x69, 0x63, 0x61,
    0x2e, 0x0a, 0x0a, 0x54, 0x68, 0x69, 0x73, 0x20, 0x46, 0x6f, 0x6e, 0x74,
    0x20, 0x53, 0x6f, 0x66, 0x74, 0x77, 0x61, 0x72, 0x65, 0x20, 0x69, 0x73,
    0x20, 0x6c, 0x69, 0x63, 0x65, 0x6e, 0x73, 0x65, 0x64, 0x20, 0x75, 0x6e,
    0x64, 0x65, 0x72, 0x20, 0x74, 0x68, 0x65, 0x20, 0x53, 0x49, 0x4c, 0x20,
    0x4f, 0x70, 0x65, 0x6e, 0x20, 0x46, 0x6f, 0x6e, 0x74, 0x20, 0x4c, 0x69,
    0x63, 0x65, 0x6e, 0x73, 0x65, 0x2c, 0x20, 0x56, 0x65, 0x72, 0x73, 0x69,
    0x6f, 0x6e, 0x20, 0x31, 0x2e, 0x31, 0x2e, 0x0a, 0x54, 0x68, 0x69, 0x73,
    0x20, 0x6c, 0x69, 0x63, 0x65, 0x6e, 0x73, 0x65, 0x20, 0x69, 0x73, 0x20,
    0x63, 0x6f, 0x70, 0x69, 0x65, 0x64, 0x20, 0x62, 0x65, 0x6c, 0x6f, 0x77,
    0x2c, 0x20, 0x61, 0x6e, 0x64, 0x20, 0x69, 0x73, 0x20, 0x61, 0x6c, 0x73,
    0x6f, 0x20, 0x61, 0x76, 0x61, 0x69, 0x6c, 0x61, 0x62, 0x6c, 0x65, 0x20,
    0x77, 0x69, 0x74, 0x68, 0x20, 0x61, 0x20, 0x46, 0x41, 0x51, 0x20, 0x61,
    0x74, 0x3a, 0x0a, 0x68, 0x74, 0x74, 0x70, 0x3a, 0x2f, 0x2f, 0x73, 0x63,
    0x72, 0x69, 0x70, 0x74, 0x73, 0x2e, 0x73, 0x69, 0x6c, 0x2e, 0x6f, 0x72,
    0x67, 0x2f, 0x4f, 0x46, 0x4c, 0x0a, 0x0a, 0x0a, 0x2d, 0x2d, 0x2d, 0x2d,
    0x2d, 0x2d, 0x2d, 0x2d, 0x2d, 0x2d, 0x2d, 0x2d, 0x2d, 0x2d, 0x2d, 0x2d,
    0x2d, 0x2d, 0x2d, 0x2d, 0x2d, 0x2d, 0x2d, 0x2d, 0x2d, 0x2d, 0x2d, 0x2d,
    0x2d, 0x2d, 0x2d, 0x2d, 0x2d, 0x2d, 0x2d, 0x2d, 0x2d, 0x2d, 0x2d, 0x2d,
    0x2d, 0x2d, 0x2d, 0x2d, 0x2d, 0x2d, 0x2d, 0x2d, 0x2d, 0x2d, 0x2d, 0x2d,
    0x2d, 0x2d, 0x2d, 0x2d, 0x2d, 0x2d, 0x2d, 0x0a, 0x53, 0x49, 0x4c, 0x20,
    0x4f, 0x50, 0x45, 0x4e, 0x20, 0x46, 0x4f, 0x4e, 0x54, 0x20, 0x4c, 0x49,
    0x43, 0x45, 0x4e, 0x53, 0x45, 0x20, 0x56, 0x65, 0x72, 0x73, 0x69, 0x6f,
    0x6e, 0x20, 0x31, 0x2e, 0x31, 0x20, 0x2d, 0x20, 0x32, 0x36, 0x20, 0x46,
    0x65, 0x62, 0x72, 0x75, 0x61, 0x72, 0x79, 0x20, 0x32, 0x30, 0x30, 0x37,
    0x0a, 0x2d, 0x2d, 0x2d, 0x2d, 0x2d, 0x2d, 0x2d, 0x2d, 0x2d, 0x2d, 0x2d,
    0x2d, 0x2d, 0x2d, 0x2d, 0x2d, 0x2d, 0x2d, 0x2d, 0x2d, 0x2d, 0x2d, 0x2d,
    0x2d, 0x2d, 0x2d, 0x2d, 0x2d, 0x2d, 0x2d, 0x2d, 0x2d, 0x2d, 0x2d, 0x2d,
    0x2d, 0x2d, 0x2d, 0x2d, 0x2d, 0x2d, 0x2d, 0x2d, 0x2d, 0x2d, 0x2d, 0x2d,
    0x2d, 0x2d, 0x2d, 0x2d, 0x2d, 0x2d, 0x2d, 0x2d, 0x2d, 0x2d, 0x2d, 0x2d,
    0x0a, 0x0a, 0x50, 0x52, 0x45, 0x41, 0x4d, 0x42, 0x4c, 0x45, 0x0a, 0x54,
    0x68, 0x65, 0x20, 0x67, 0x6f, 0x61, 0x6c, 0x73, 0x20, 0x6f, 0x66, 0x20,
    0x74, 0x68, 0x65, 0x20, 0x4f, 0x70, 0x65, 0x6e, 0x20, 0x46, 0x6f, 0x6e,
    0x74, 0x20, 0x4c, 0x69, 0x63, 0x65, 0x6e, 0x73, 0x65, 0x20, 0x28, 0x4f,
    0x46, 0x4c, 0x29, 0x20, 0x61, 0x72, 0x65, 0x20, 0x74, 0x6f, 0x20, 0x73,
    0x74, 0x69, 0x6d, 0x75, 0x6c, 0x61, 0x74, 0x65, 0x20, 0x77, 0x6f, 0x72,
    0x6c, 0x64, 0x77, 0x69, 0x64, 0x65, 0x0a, 0x64, 0x65, 0x76, 0x65, 0x6c,
    0x6f, 0x70, 0x6d, 0x65, 0x6e, 0x74, 0x20, 0x6f, 0x66, 0x20, 0x63, 0x6f,
    0x6c, 0x6c, 0x61, 0x62, 0x6f, 0x72, 0x61, 0x74, 0x69, 0x76, 0x65, 0x20,
    0x66, 0x6f, 0x6e, 0x74, 0x20, 0x70, 0x72, 0x6f, 0x6a, 0x65, 0x63, 0x74,
    0x73, 0x2c, 0x20, 0x74, 0x6f, 0x20, 0x73, 0x75, 0x70, 0x70, 0x6f, 0x72,
    0x74, 0x20, 0x74, 0x68, 0x65, 0x20, 0x66, 0x6f, 0x6e, 0x74, 0x20, 0x63,
    0x72, 0x65, 0x61, 0x74, 0x69, 0x6f, 0x6e, 0x0a, 0x65, 0x66, 0x66, 0x6f,
    0x72, 0x74, 0x73, 0x20, 0x6f, 0x66, 0x20, 0x61, 0x63, 0x61, 0x64, 0x65,
    0x6d, 0x69, 0x63, 0x20, 0x61, 0x6e, 0x64, 0x20, 0x6c, 0x69, 0x6e, 0x67,
    0x75, 0x69, 0x73, 0x74, 0x69, 0x63, 0x20, 0x63, 0x6f, 0x6d, 0x6d, 0x75,
    0x6e, 0x69, 0x74, 0x69, 0x65, 0x73, 0x2c, 0x20, 0x61, 0x6e, 0x64, 0x20,
    0x74, 0x6f, 0x20, 0x70, 0x72, 0x6f, 0x76, 0x69, 0x64, 0x65, 0x20, 0x61,
    0x20, 0x66, 0x72, 0x65, 0x65, 0x20, 0x61, 0x6e, 0x64, 0x0a, 0x6f, 0x70,
    0x65, 0x6e, 0x20, 0x66, 0x72, 0x61, 0x6d, 0x65, 0x77, 0x6f, 0x72, 0x6b,
    0x20, 0x69, 0x6e, 0x20, 0x77, 0x68, 0x69, 0x63, 0x68, 0x20, 0x66, 0x6f,
    0x6e, 0x74, 0x73, 0x20, 0x6d, 0x61, 0x79, 0x20, 0x62, 0x65, 0x20, 0x73,
    0x68, 0x61, 0x72, 0x65, 0x64, 0x20, 0x61, 0x6e, 0x64, 0x20, 0x69, 0x6d,
    0x70, 0x72, 0x6f, 0x76, 0x65, 0x64, 0x20, 0x69, 0x6e, 0x20, 0x70, 0x61,
    0x72, 0x74, 0x6e, 0x65, 0x72, 0x73, 0x68, 0x69, 0x70, 0x0a, 0x77, 0x69,
    0x74, 0x68, 0x20, 0x6f, 0x74, 0x68, 0x65, 0x72, 0x73, 0x2e, 0x0a, 0x0a,
    0x54, 0x68, 0x65, 0x20, 0x4f, 0x46, 0x4c, 0x20, 0x61, 0x6c, 0x6c, 0x6f,
    0x77, 0x73, 0x20, 0x74, 0x68, 0x65, 0x20, 0x6c, 0x69, 0x63, 0x65, 0x6e,
    0x73, 0x65, 0x64, 0x20, 0x66, 0x6f, 0x6e, 0x74, 0x73, 0x20, 0x74, 0x6f,
    0x20, 0x62, 0x65, 0x20, 0x75, 0x73, 0x65, 0x64, 0x2c, 0x20, 0x73, 0x74,
    0x75, 0x64, 0x69, 0x65, 0x64, 0x2c, 0x20, 0x6d, 0x6f, 0x64, 0x69, 0x66,
    0x69, 0x65, 0x64, 0x20, 0x61, 0x6e, 0x64, 0x0a, 0x72, 0x65, 0x64, 0x69,
    0x73, 0x74, 0x72, 0x69, 0x62, 0x75, 0x74, 0x65, 0x64, 0x20, 0x66, 0x72,
    0x65, 0x65, 0x6c, 0x79, 0x20, 0x61, 0x73, 0x20, 0x6c, 0x6f, 0x6e, 0x67,
    0x20, 0x61, 0x73, 0x20, 0x74, 0x68, 0x65, 0x79, 0x20, 0x61, 0x72, 0x65,
    0x20, 0x6e, 0x6f, 0x74, 0x20, 0x73, 0x6f, 0x6c, 0x64, 0x20, 0x62, 0x79,
    0x20, 0x74, 0x68, 0x65, 0x6d, 0x73, 0x65, 0x6c, 0x76, 0x65, 0x73, 0x2e,
    0x20, 0x54, 0x68, 0x65, 0x0a, 0x66, 0x6f, 0x6e, 0x74, 0x73, 0x2c, 0x20,
    0x69, 0x6e, 0x63, 0x6c, 0x75, 0x64, 0x69, 0x6e, 0x67, 0x20, 0x61, 0x6e,
    0x79, 0x20, 0x64, 0x65, 0x72, 0x69, 0x76, 0x61, 0x74, 0x69, 0x76, 0x65,
    0x20, 0x77, 0x6f, 0x72, 0x6b, 0x73, 0x2c, 0x20, 0x63, 0x61, 0x6e, 0x20,
    0x62, 0x65, 0x20, 0x62, 0x75, 0x6e, 0x64, 0x6c, 0x65, 0x64, 0x2c, 0x20,
    0x65, 0x6d, 0x62, 0x65, 0x64, 0x64, 0x65, 0x64, 0x2c, 0x20, 0x0a, 0x72,
    0x65, 0x64, 0x69, 0x73, 0x74, 0x72, 0x69, 0x62, 0x75, 0x74, 0x65, 0x64,
    0x20, 0x61, 0x6e, 0x64, 0x2f, 0x6f, 0x72, 0x20, 0x73, 0x6f, 0x6c, 0x64,
    0x20, 0x77, 0x69, 0x74, 0x68, 0x20, 0x61, 0x6e, 0x79, 0x20, 0x73, 0x6f,
    0x66, 0x74, 0x77, 0x61, 0x72, 0x65, 0x20, 0x70, 0x72, 0x6f, 0x76, 0x69,
    0x64, 0x65, 0x64, 0x20, 0x74, 0x68, 0x61, 0x74, 0x20, 0x61, 0x6e, 0x79,
    0x20, 0x72, 0x65, 0x73, 0x65, 0x72, 0x76, 0x65, 0x64, 0x0a, 0x6e, 0x61,
    0x6d, 0x65, 0x73, 0x20, 0x61, 0x72, 0x65, 0x20, 0x6e, 0x6f, 0x74, 0x20,
    0x75, 0x73, 0x65, 0x64, 0x20, 0x62, 0x79, 0x20, 0x64, 0x65, 0x72, 0x69,
    0x76, 0x61, 0x74, 0x69, 0x76, 0x65, 0x20, 0x77, 0x6f, 0x72, 0x6b, 0x73,
    0x2e, 0x20, 0x54, 0x68, 0x65, 0x20, 0x66, 0x6f, 0x6e, 0x74, 0x73, 0x20,
    0x61, 0x6e, 0x64, 0x20, 0x64, 0x65, 0x72, 0x69, 0x76, 0x61, 0x74, 0x69,
    0x76, 0x65, 0x73, 0x2c, 0x0a, 0x68, 0x6f, 0x77, 0x65, 0x76, 0x65, 0x72,
    0x2c, 0x20, 0x63, 0x61, 0x6e, 0x6e, 0x6f, 0x74, 0x20, 0x62, 0x65, 0x20,
    0x72, 0x65, 0x6c, 0x65, 0x61, 0x73, 0x65, 0x64, 0x20, 0x75, 0x6e, 0x64,
    0x65, 0x72, 0x20, 0x61, 0x6e, 0x79, 0x20, 0x6f, 0x74, 0x68, 0x65, 0x72,
    0x20, 0x74, 0x79, 0x70, 0x65, 0x20, 0x6f, 0x66, 0x20, 0x6c, 0x69, 0x63,
    0x65, 0x6e, 0x73, 0x65, 0x2e, 0x20, 0x54, 0x68, 0x65, 0x0a, 0x72, 0x65,
    0x71, 0x75, 0x69, 0x72, 0x65, 0x6d, 0x65, 0x6e, 0x74, 0x20, 0x66, 0x6f,
    0x72, 0x20, 0x66, 0x6f, 0x6e, 0x74, 0x73, 0x20, 0x74, 0x6f, 0x20, 0x72,
    0x65, 0x6d, 0x61, 0x69, 0x6e, 0x20, 0x75, 0x6e, 0x64, 0x65, 0x72, 0x20,
    0x74, 0x68, 0x69, 0x73, 0x20, 0x6c, 0x69, 0x63, 0x65, 0x6e, 0x73, 0x65,
    0x20, 0x64, 0x6f, 0x65, 0x73, 0x20, 0x6e, 0x6f, 0x74, 0x20, 0x61, 0x70,
    0x70, 0x6c, 0x79, 0x0a, 0x74, 0x6f, 0x20, 0x61, 0x6e, 0x79, 0x20, 0x64,
    0x6f, 0x63, 0x75, 0x6d, 0x65, 0x6e, 0x74, 0x20, 0x63, 0x72, 0x65, 0x61,
    0x74, 0x65, 0x64, 0x20, 0x75, 0x73, 0x69, 0x6e, 0x67, 0x20, 0x74, 0x68,
    0x65, 0x20, 0x66, 0x6f, 0x6e, 0x74, 0x73, 0x20, 0x6f, 0x72, 0x20, 0x74,
    0x68, 0x65, 0x69, 0x72, 0x20, 0x64, 0x65, 0x72, 0x69, 0x76, 0x61, 0x74,
    0x69, 0x76, 0x65, 0x73, 0x2e, 0x0a, 0x0a, 0x44, 0x45, 0x46, 0x49, 0x4e,
    0x49, 0x54, 0x49, 0x4f, 0x4e, 0x53, 0x0a, 0x22, 0x46, 0x6f, 0x6e, 0x74,
    0x20, 0x53, 0x6f, 0x66, 0x74, 0x77, 0x61, 0x72, 0x65, 0x22, 0x20, 0x72,
    0x65, 0x66, 0x65, 0x72, 0x73, 0x20, 0x74, 0x6f, 0x20, 0x74, 0x68, 0x65,
    0x20, 0x73, 0x65, 0x74, 0x20, 0x6f, 0x66, 0x20, 0x66, 0x69, 0x6c, 0x65,
    0x73, 0x20, 0x72, 0x65, 0x6c, 0x65, 0x61, 0x73, 0x65, 0x64, 0x20, 0x62,
    0x79, 0x20, 0x74, 0x68, 0x65, 0x20, 0x43, 0x6f, 0x70, 0x79, 0x72, 0x69,
    0x67, 0x68, 0x74, 0x0a, 0x48, 0x6f, 0x6c, 0x64, 0x65, 0x72, 0x28, 0x73,
    0x29, 0x20, 0x75, 0x6e, 0x64, 0x65, 0x72, 0x20, 0x74, 0x68, 0x69, 0x73,
    0x20, 0x6c, 0x69, 0x63, 0x65, 0x6e, 0x73, 0x65, 0x20, 0x61, 0x6e, 0x64,
    0x20, 0x63, 0x6c, 0x65, 0x61, 0x72, 0x6c, 0x79, 0x20, 0x6d, 0x61, 0x72,
    0x6b, 0x65, 0x64, 0x20, 0x61, 0x73, 0x20, 0x73, 0x75, 0x63, 0x68, 0x2e,
    0x20, 0x54, 0x68, 0x69, 0x73, 0x20, 0x6d, 0x61, 0x79, 0x0a, 0x69, 0x6e,
    0x63, 0x6c, 0x75, 0x64, 0x65, 0x20, 0x73, 0x6f, 0x75, 0x72, 0x63, 0x65,
    0x20, 0x66, 0x69, 0x6c, 0x65, 0x73, 0x2c, 0x20, 0x62, 0x75, 0x69, 0x6c,
    0x64, 0x20, 0x73, 0x63, 0x72, 0x69, 0x70, 0x74, 0x73, 0x20, 0x61, 0x6e,
    0x64, 0x20, 0x64, 0x6f, 0x63, 0x75, 0x6d, 0x65, 0x6e, 0x74, 0x61, 0x74,
    0x69, 0x6f, 0x6e, 0x2e, 0x0a, 0x0a, 0x22, 0x52, 0x65, 0x73, 0x65, 0x72,
    0x76, 0x65, 0x64, 0x20, 0x46, 0x6f, 0x6e, 0x74, 0x20, 0x4e, 0x61, 0x6d,
    0x65, 0x22, 0x20, 0x72, 0x65, 0x66, 0x65, 0x72, 0x73, 0x20, 0x74, 0x6f,
    0x20, 0x61, 0x6e, 0x79, 0x20, 0x6e, 0x61, 0x6d, 0x65, 0x73, 0x20, 0x73,
    0x70, 0x65, 0x63, 0x69, 0x66, 0x69, 0x65, 0x64, 0x20, 0x61, 0x73, 0x20,
    0x73, 0x75, 0x63, 0x68, 0x20, 0x61, 0x66, 0x74, 0x65, 0x72, 0x20, 0x74,
    0x68, 0x65, 0x0a, 0x63, 0x6f, 0x70, 0x79, 0x72, 0x69, 0x67, 0x68, 0x74,
    0x20, 0x73, 0x74, 0x61, 0x74, 0x65, 0x6d, 0x65, 0x6e, 0x74, 0x28, 0x73,
    0x29, 0x2e, 0x0a, 0x0a, 0x22, 0x4f, 0x72, 0x69, 0x67, 0x69, 0x6e, 0x61,
    0x6c, 0x20, 0x56, 0x65, 0x72, 0x73, 0x69, 0x6f, 0x6e, 0x22, 0x20, 0x72,
    0x65, 0x66, 0x65, 0x72, 0x73, 0x20, 0x74, 0x6f, 0x20, 0x74, 0x68, 0x65,
    0x20, 0x63, 0x6f, 0x6c, 0x6c, 0x65, 0x63, 0x74, 0x69, 0x6f, 0x6e, 0x20,
    0x6f, 0x66, 0x20, 0x46, 0x6f, 0x6e, 0x74, 0x20, 0x53, 0x6f, 0x66, 0x74,
    0x77, 0x61, 0x72, 0x65, 0x20, 0x63, 0x6f, 0x6d, 0x70, 0x6f, 0x6e, 0x65,
    0x6e, 0x74, 0x73, 0x20, 0x61, 0x73, 0x0a, 0x64, 0x69, 0x73, 0x74, 0x72,
    0x69, 0x62, 0x75, 0x74, 0x65, 0x64, 0x20, 0x62, 0x79, 0x20, 0x74, 0x68,
    0x65, 0x20, 0x43, 0x6f, 0x70, 0x79, 0x72, 0x69, 0x67, 0x68, 0x74, 0x20,
    0x48, 0x6f, 0x6c, 0x64, 0x65, 0x72, 0x28, 0x73, 0x29, 0x2e, 0x0a, 0x0a,
    0x22, 0x4d, 0x6f, 0x64, 0x69, 0x66, 0x69, 0x65, 0x64, 0x20, 0x56, 0x65,
    0x72, 0x73, 0x69, 0x6f, 0x6e, 0x22, 0x20, 0x72, 0x65, 0x66, 0x65, 0x72,
    0x73, 0x20, 0x74, 0x6f, 0x20, 0x61, 0x6e, 0x79, 0x20, 0x64, 0x65, 0x72,
    0x69, 0x76, 0x61, 0x74, 0x69, 0x76, 0x65, 0x20, 0x6d, 0x61, 0x64, 0x65,
    0x20, 0x62, 0x79, 0x20, 0x61, 0x64, 0x64, 0x69, 0x6e, 0x67, 0x20, 0x74,
    0x6f, 0x2c, 0x20, 0x64, 0x65, 0x6c, 0x65, 0x74, 0x69, 0x6e, 0x67, 0x2c,
    0x0a, 0x6f, 0x72, 0x20, 0x73, 0x75, 0x62, 0x73, 0x74, 0x69, 0x74, 0x75,
    0x74, 0x69, 0x6e, 0x67, 0x20, 0x2d, 0x2d, 0x20, 0x69, 0x6e, 0x20, 0x70,
    0x61, 0x72, 0x74, 0x20, 0x6f, 0x72, 0x20, 0x69, 0x6e, 0x20, 0x77, 0x68,
    0x6f, 0x6c, 0x65, 0x20, 0x2d, 0x2d, 0x20, 0x61, 0x6e, 0x79, 0x20, 0x6f,
    0x66, 0x20, 0x74, 0x68, 0x65, 0x20, 0x63, 0x6f, 0x6d, 0x70, 0x6f, 0x6e,
    0x65, 0x6e, 0x74, 0x73, 0x20, 0x6f, 0x66, 0x20, 0x74, 0x68, 0x65, 0x0a,
    0x4f, 0x72, 0x69, 0x67, 0x69, 0x6e, 0x61, 0x6c, 0x20, 0x56, 0x65, 0x72,
    0x73, 0x69, 0x6f, 0x6e, 0x2c, 0x20, 0x62, 0x79, 0x20, 0x63, 0x68, 0x61,
    0x6e, 0x67, 0x69, 0x6e, 0x67, 0x20, 0x66, 0x6f, 0x72, 0x6d, 0x61, 0x74,
    0x73, 0x20, 0x6f, 0x72, 0x20, 0x62, 0x79, 0x20, 0x70, 0x6f, 0x72, 0x74,
    0x69, 0x6e, 0x67, 0x20, 0x74, 0x68, 0x65, 0x20, 0x46, 0x6f, 0x6e, 0x74,
    0x20, 0x53, 0x6f, 0x66, 0x74, 0x77, 0x61, 0x72, 0x65, 0x20, 0x74, 0x6f,
    0x20, 0x61, 0x0a, 0x6e, 0x65, 0x77, 0x20, 0x65, 0x6e, 0x76, 0x69, 0x72,
    0x6f, 0x6e, 0x6d, 0x65, 0x6e, 0x74, 0x2e, 0x0a, 0x0a, 0x22, 0x41, 0x75,
    0x74, 0x68, 0x6f, 0x72, 0x22, 0x20, 0x72, 0x65, 0x66, 0x65, 0x72, 0x73,
    0x20, 0x74, 0x6f, 0x20, 0x61, 0x6e, 0x79, 0x20, 0x64, 0x65, 0x73, 0x69,
    0x67, 0x6e, 0x65, 0x72, 0x2c, 0x20, 0x65, 0x6e, 0x67, 0x69, 0x6e, 0x65,
    0x65, 0x72, 0x2c, 0x20, 0x70, 0x72, 0x6f, 0x67, 0x72, 0x61, 0x6d, 0x6d,
    0x65, 0x72, 0x2c, 0x20, 0x74, 0x65, 0x63, 0x68, 0x6e, 0x69, 0x63, 0x61,
    0x6c, 0x0a, 0x77, 0x72, 0x69, 0x74, 0x65, 0x72, 0x20, 0x6f, 0x72, 0x20,
    0x6f, 0x74, 0x68, 0x65, 0x72, 0x20, 0x70, 0x65, 0x72, 0x73, 0x6f, 0x6e,
    0x20, 0x77, 0x68, 0x6f, 0x20, 0x63, 0x6f, 0x6e, 0x74, 0x72, 0x69, 0x62,
    0x75, 0x74, 0x65, 0x64, 0x20, 0x74, 0x6f, 0x20, 0x74, 0x68, 0x65, 0x20,
    0x46, 0x6f, 0x6e, 0x74, 0x20, 0x53, 0x6f, 0x66, 0x74, 0x77, 0x61, 0x72,
    0x65, 0x2e, 0x0a, 0x0a, 0x50, 0x45, 0x52, 0x4d, 0x49, 0x53, 0x53, 0x49,
    0x4f, 0x4e, 0x20, 0x26, 0x20, 0x43, 0x4f, 0x4e, 0x44, 0x49, 0x54, 0x49,
    0x4f, 0x4e, 0x53, 0x0a, 0x50, 0x65, 0x72, 0x6d, 0x69, 0x73, 0x73, 0x69,
    0x6f, 0x6e, 0x20, 0x69, 0x73, 0x20, 0x68, 0x65, 0x72, 0x65, 0x62, 0x79,
    0x20, 0x67, 0x72, 0x61, 0x6e, 0x74, 0x65, 0x64, 0x2c, 0x20, 0x66, 0x72,
    0x65, 0x65, 0x20, 0x6f, 0x66, 0x20, 0x63, 0x68, 0x61, 0x72, 0x67, 0x65,
    0x2c, 0x20, 0x74, 0x6f, 0x20, 0x61, 0x6e, 0x79, 0x20, 0x70, 0x65, 0x72,
    0x73, 0x6f, 0x6e, 0x20, 0x6f, 0x62, 0x74, 0x61, 0x69, 0x6e, 0x69, 0x6e,
    0x67, 0x0a, 0x61, 0x20, 0x63, 0x6f, 0x70, 0x79, 0x20, 0x6f, 0x66, 0x20,
    0x74, 0x68, 0x65, 0x20, 0x46, 0x6f, 0x6e, 0x74, 0x20, 0x53, 0x6f, 0x66,
    0x74, 0x77, 0x61, 0x72, 0x65, 0x2c, 0x20, 0x74, 0x6f, 0x20, 0x75, 0x73,
    0x65, 0x2c, 0x20, 0x73, 0x74, 0x75, 0x64, 0x79, 0x2c, 0x20, 0x63, 0x6f,
    0x70, 0x79, 0x2c, 0x20, 0x6d, 0x65, 0x72, 0x67, 0x65, 0x2c, 0x20, 0x65,
    0x6d, 0x62, 0x65, 0x64, 0x2c, 0x20, 0x6d, 0x6f, 0x64, 0x69, 0x66, 0x79,
    0x2c, 0x0a, 0x72, 0x65, 0x64, 0x69, 0x73, 0x74, 0x72, 0x69, 0x62, 0x75,
    0x74, 0x65, 0x2c, 0x20, 0x61, 0x6e, 0x64, 0x20, 0x73, 0x65, 0x6c, 0x6c,
    0x20, 0x6d, 0x6f, 0x64, 0x69, 0x66, 0x69, 0x65, 0x64, 0x20, 0x61, 0x6e,
    0x64, 0x20, 0x75, 0x6e, 0x6d, 0x6f, 0x64, 0x69, 0x66, 0x69, 0x65, 0x64,
    0x20, 0x63, 0x6f, 0x70, 0x69, 0x65, 0x73, 0x20, 0x6f, 0x66, 0x20, 0x74,
    0x68, 0x65, 0x20, 0x46, 0x6f, 0x6e, 0x74, 0x0a, 0x53, 0x6f, 0x66, 0x74,
    0x77, 0x61, 0x72, 0x65, 0x2c, 0x20, 0x73, 0x75, 0x62, 0x6a, 0x65, 0x63,
    0x74, 0x20, 0x74, 0x6f, 0x20, 0x74, 0x68, 0x65, 0x20, 0x66, 0x6f, 0x6c,
    0x6c, 0x6f, 0x77, 0x69, 0x6e, 0x67, 0x20, 0x63, 0x6f, 0x6e, 0x64, 0x69,
    0x74, 0x69, 0x6f, 0x6e, 0x73, 0x3a, 0x0a, 0x0a, 0x31, 0x29, 0x20, 0x4e,
    0x65, 0x69, 0x74, 0x68, 0x65, 0x72, 0x20, 0x74, 0x68, 0x65, 0x20, 0x46,
    0x6f, 0x6e, 0x74, 0x20, 0x53, 0x6f, 0x66, 0x74, 0x77, 0x61, 0x72, 0x65,
    0x20, 0x6e, 0x6f, 0x72, 0x20, 0x61, 0x6e, 0x79, 0x20, 0x6f, 0x66, 0x20,
    0x69, 0x74, 0x73, 0x20, 0x69, 0x6e, 0x64, 0x69, 0x76, 0x69, 0x64, 0x75,
    0x61, 0x6c, 0x20, 0x63, 0x6f, 0x6d, 0x70, 0x6f, 0x6e, 0x65, 0x6e, 0x74,
    0x73, 0x2c, 0x0a, 0x69, 0x6e, 0x20, 0x4f, 0x72, 0x69, 0x67, 0x69, 0x6e,
    0x61, 0x6c, 0x20, 0x6f, 0x72, 0x20, 0x4d, 0x6f, 0x64, 0x69, 0x66, 0x69,
    0x65, 0x64, 0x20, 0x56, 0x65, 0x72, 0x73, 0x69, 0x6f, 0x6e, 0x73, 0x2c,
    0x20, 0x6d, 0x61, 0x79, 0x20, 0x62, 0x65, 0x20, 0x73, 0x6f, 0x6c, 0x64,
    0x20, 0x62, 0x79, 0x20, 0x69, 0x74, 0x73, 0x65, 0x6c, 0x66, 0x2e, 0x0a,
    0x0a, 0x32, 0x29, 0x20, 0x4f, 0x72, 0x69, 0x67, 0x69, 0x6e, 0x61, 0x6c,
    0x20, 0x6f, 0x72, 0x20, 0x4d, 0x6f, 0x64, 0x69, 0x66, 0x69, 0x65, 0x64,
    0x20, 0x56, 0x65, 0x72, 0x73, 0x69, 0x6f, 0x6e, 0x73, 0x20, 0x6f, 0x66,
    0x20, 0x74, 0x68, 0x65, 0x20, 0x46, 0x6f, 0x6e, 0x74, 0x20, 0x53, 0x6f,
    0x66, 0x74, 0x77, 0x61, 0x72, 0x65, 0x20, 0x6d, 0x61, 0x79, 0x20, 0x62,
    0x65, 0x20, 0x62, 0x75, 0x6e, 0x64, 0x6c, 0x65, 0x64, 0x2c, 0x0a, 0x72,
    0x65, 0x64, 0x69, 0x73, 0x74, 0x72, 0x69, 0x62, 0x75, 0x74, 0x65, 0x64,
    0x20, 0x61, 0x6e, 0x64, 0x2f, 0x6f, 0x72, 0x20, 0x73, 0x6f, 0x6c, 0x64,
    0x20, 0x77, 0x69, 0x74, 0x68, 0x20, 0x61, 0x6e, 0x79, 0x20, 0x73, 0x6f,
    0x66, 0x74, 0x77, 0x61, 0x72, 0x65, 0x2c, 0x20, 0x70, 0x72, 0x6f, 0x76,
    0x69, 0x64, 0x65, 0x64, 0x20, 0x74, 0x68, 0x61, 0x74, 0x20, 0x65, 0x61,
    0x63, 0x68, 0x20, 0x63, 0x6f, 0x70, 0x79, 0x0a, 0x63, 0x6f, 0x6e, 0x74,
    0x61, 0x69, 0x6e, 0x73, 0x20, 0x74, 0x68, 0x65, 0x20, 0x61, 0x62, 0x6f,
    0x76, 0x65, 0x20, 0x63, 0x6f, 0x70, 0x79, 0x72, 0x69, 0x67, 0x68, 0x74,
    0x20, 0x6e, 0x6f, 0x74, 0x69, 0x63, 0x65, 0x20, 0x61, 0x6e, 0x64, 0x20,
    0x74, 0x68, 0x69, 0x73, 0x20, 0x6c, 0x69, 0x63, 0x65, 0x6e, 0x73, 0x65,
    0x2e, 0x20, 0x54, 0x68, 0x65, 0x73, 0x65, 0x20, 0x63, 0x61, 0x6e, 0x20,
    0x62, 0x65, 0x0a, 0x69, 0x6e, 0x63, 0x6c, 0x75, 0x64, 0x65, 0x64, 0x20,
    0x65, 0x69, 0x74, 0x68, 0x65, 0x72, 0x20, 0x61, 0x73, 0x20, 0x73, 0x74,
    0x61, 0x6e, 0x64, 0x2d, 0x61, 0x6c, 0x6f, 0x6e, 0x65, 0x20, 0x74, 0x65,
    0x78, 0x74, 0x20, 0x66, 0x69, 0x6c, 0x65, 0x73, 0x2c, 0x20, 0x68, 0x75,
    0x6d, 0x61, 0x6e, 0x2d, 0x72, 0x65, 0x61, 0x64, 0x61, 0x62, 0x6c, 0x65,
    0x20, 0x68, 0x65, 0x61, 0x64, 0x65, 0x72, 0x73, 0x20, 0x6f, 0x72, 0x0a,
    0x69, 0x6e, 0x20, 0x74, 0x68, 0x65, 0x20, 0x61, 0x70, 0x70, 0x72, 0x6f,
    0x70, 0x72, 0x69, 0x61, 0x74, 0x65, 0x20, 0x6d, 0x61, 0x63, 0x68, 0x69,
    0x6e, 0x65, 0x2d, 0x72, 0x65, 0x61, 0x64, 0x61, 0x62, 0x6c, 0x65, 0x20,
    0x6d, 0x65, 0x74, 0x61, 0x64, 0x61, 0x74, 0x61, 0x20, 0x66, 0x69, 0x65,
    0x6c, 0x64, 0x73, 0x20, 0x77, 0x69, 0x74, 0x68, 0x69, 0x6e, 0x20, 0x74,
    0x65, 0x78, 0x74, 0x20, 0x6f, 0x72, 0x0a, 0x62, 0x69, 0x6e, 0x61, 0x72,
    0x79, 0x20, 0x66, 0x69, 0x6c, 0x65, 0x73, 0x20, 0x61, 0x73, 0x20, 0x6c,
    0x6f, 0x6e, 0x67, 0x20, 0x61, 0x73, 0x20, 0x74, 0x68, 0x6f, 0x73, 0x65,
    0x20, 0x66, 0x69, 0x65, 0x6c, 0x64, 0x73, 0x20, 0x63, 0x61, 0x6e, 0x20,
    0x62, 0x65, 0x20, 0x65, 0x61, 0x73, 0x69, 0x6c, 0x79, 0x20, 0x76, 0x69,
    0x65, 0x77, 0x65, 0x64, 0x20, 0x62, 0x79, 0x20, 0x74, 0x68, 0x65, 0x20,
    0x75, 0x73, 0x65, 0x72, 0x2e, 0x0a, 0x0a, 0x33, 0x29, 0x20, 0x4e, 0x6f,
    0x20, 0x4d, 0x6f, 0x64, 0x69, 0x66, 0x69, 0x65, 0x64, 0x20, 0x56, 0x65,
    0x72, 0x73, 0x69, 0x6f, 0x6e, 0x20, 0x6f, 0x66, 0x20, 0x74, 0x68, 0x65,
    0x20, 0x46, 0x6f, 0x6e, 0x74, 0x20, 0x53, 0x6f, 0x66, 0x74, 0x77, 0x61,
    0x72, 0x65, 0x20, 0x6d, 0x61, 0x79, 0x20, 0x75, 0x73, 0x65, 0x20, 0x74,
    0x68, 0x65, 0x20, 0x52, 0x65, 0x73, 0x65, 0x72, 0x76, 0x65, 0x64, 0x20,
    0x46, 0x6f, 0x6e, 0x74, 0x0a, 0x4e, 0x61, 0x6d, 0x65, 0x28, 0x73, 0x29,
    0x20, 0x75, 0x6e, 0x6c, 0x65, 0x73, 0x73, 0x20, 0x65, 0x78, 0x70, 0x6c,
    0x69, 0x63, 0x69, 0x74, 0x20, 0x77, 0x72, 0x69, 0x74, 0x74, 0x65, 0x6e,
    0x20, 0x70, 0x65, 0x72, 0x6d, 0x69, 0x73, 0x73, 0x69, 0x6f, 0x6e, 0x20,
    0x69, 0x73, 0x20, 0x67, 0x72, 0x61, 0x6e, 0x74, 0x65, 0x64, 0x20, 0x62,
    0x79, 0x20, 0x74, 0x68, 0x65, 0x20, 0x63, 0x6f, 0x72, 0x72, 0x65, 0x73,
    0x70, 0x6f, 0x6e, 0x64, 0x69, 0x6e, 0x67, 0x0a, 0x43, 0x6f, 0x70, 0x79,
    0x72, 0x69, 0x67, 0x68, 0x74, 0x20, 0x48, 0x6f, 0x6c, 0x64, 0x65, 0x72,
    0x2e, 0x20, 0x54, 0x68, 0x69, 0x73, 0x20, 0x72, 0x65, 0x73, 0x74, 0x72,
    0x69, 0x63, 0x74, 0x69, 0x6f, 0x6e, 0x20, 0x6f, 0x6e, 0x6c, 0x79, 0x20,
    0x61, 0x70, 0x70, 0x6c, 0x69, 0x65, 0x73, 0x20, 0x74, 0x6f, 0x20, 0x74,
    0x68, 0x65, 0x20, 0x70, 0x72, 0x69, 0x6d, 0x61, 0x72, 0x79, 0x20, 0x66,
    0x6f, 0x6e, 0x74, 0x20, 0x6e, 0x61, 0x6d, 0x65, 0x20, 0x61, 0x73, 0x0a,
    0x70, 0x72, 0x65, 0x73, 0x65, 0x6e, 0x74, 0x65, 0x64, 0x20, 0x74, 0x6f,
    0x20, 0x74, 0x68, 0x65, 0x20, 0x75, 0x73, 0x65, 0x72, 0x73, 0x2e, 0x0a,
    0x0a, 0x34, 0x29, 0x20, 0x54, 0x68, 0x65, 0x20, 0x6e, 0x61, 0x6d, 0x65,
    0x28, 0x73, 0x29, 0x20, 0x6f, 0x66, 0x20, 0x74, 0x68, 0x65, 0x20, 0x43,
    0x6f, 0x70, 0x79, 0x72, 0x69, 0x67, 0x68, 0x74, 0x20, 0x48, 0x6f, 0x6c,
    0x64, 0x65, 0x72, 0x28, 0x73, 0x29, 0x20, 0x6f, 0x72, 0x20, 0x74, 0x68,
    0x65, 0x20, 0x41, 0x75, 0x74, 0x68, 0x6f, 0x72, 0x28, 0x73, 0x29, 0x20,
    0x6f, 0x66, 0x20, 0x74, 0x68, 0x65, 0x20, 0x46, 0x6f, 0x6e, 0x74, 0x0a,
    0x53, 0x6f, 0x66, 0x74, 0x77, 0x61, 0x72, 0x65, 0x20, 0x73, 0x68, 0x61,
    0x6c, 0x6c, 0x20, 0x6e, 0x6f, 0x74, 0x20, 0x62, 0x65, 0x20, 0x75, 0x73,
    0x65, 0x64, 0x20, 0x74, 0x6f, 0x20, 0x70, 0x72, 0x6f, 0x6d, 0x6f, 0x74,
    0x65, 0x2c, 0x20, 0x65, 0x6e, 0x64, 0x6f, 0x72, 0x73, 0x65, 0x20, 0x6f,
    0x72, 0x20, 0x61, 0x64, 0x76, 0x65, 0x72, 0x74, 0x69, 0x73, 0x65, 0x20,
    0x61, 0x6e, 0x79, 0x0a, 0x4d, 0x6f, 0x64, 0x69, 0x66, 0x69, 0x65, 0x64,
    0x20, 0x56, 0x65, 0x72, 0x73, 0x69, 0x6f, 0x6e, 0x2c, 0x20, 0x65, 0x78,
    0x63, 0x65, 0x70, 0x74, 0x20, 0x74, 0x6f, 0x20, 0x61, 0x63, 0x6b, 0x6e,
    0x6f, 0x77, 0x6c, 0x65, 0x64, 0x67, 0x65, 0x20, 0x74, 0x68, 0x65, 0x20,
    0x63, 0x6f, 0x6e, 0x74, 0x72, 0x69, 0x62, 0x75, 0x74, 0x69, 0x6f, 0x6e,
    0x28, 0x73, 0x29, 0x20, 0x6f, 0x66, 0x20, 0x74, 0x68, 0x65, 0x0a, 0x43,
    0x6f, 0x70, 0x79, 0x72, 0x69, 0x67, 0x68, 0x74, 0x20, 0x48, 0x6f, 0x6c,
    0x64, 0x65, 0x72, 0x28, 0x73, 0x29, 0x20, 0x61, 0x6e, 0x64, 0x20, 0x74,
    0x68, 0x65, 0x20, 0x41, 0x75, 0x74, 0x68, 0x6f, 0x72, 0x28, 0x73, 0x29,
    0x20, 0x6f, 0x72, 0x20, 0x77, 0x69, 0x74, 0x68, 0x20, 0x74, 0x68, 0x65,
    0x69, 0x72, 0x20, 0x65, 0x78, 0x70, 0x6c, 0x69, 0x63, 0x69, 0x74, 0x20,
    0x77, 0x72, 0x69, 0x74, 0x74, 0x65, 0x6e, 0x0a, 0x70, 0x65, 0x72, 0x6d,
    0x69, 0x73, 0x73, 0x69, 0x6f, 0x6e, 0x2e, 0x0a, 0x0a, 0x35, 0x29, 0x20,
    0x54, 0x68, 0x65, 0x20, 0x46, 0x6f, 0x6e, 0x74, 0x20, 0x53, 0x6f, 0x66,
    0x74, 0x77, 0x61, 0x72, 0x65, 0x2c, 0x20, 0x6d, 0x6f, 0x64, 0x69, 0x66,
    0x69, 0x65, 0x64, 0x20, 0x6f, 0x72, 0x20, 0x75, 0x6e, 0x6d, 0x6f, 0x64,
    0x69, 0x66, 0x69, 0x65, 0x64, 0x2c, 0x20, 0x69, 0x6e, 0x20, 0x70, 0x61,
    0x72, 0x74, 0x20, 0x6f, 0x72, 0x20, 0x69, 0x6e, 0x20, 0x77, 0x68, 0x6f,
    0x6c, 0x65, 0x2c, 0x0a, 0x6d, 0x75, 0x73, 0x74, 0x20, 0x62, 0x65, 0x20,
    0x64, 0x69, 0x73, 0x74, 0x72, 0x69, 0x62, 0x75, 0x74, 0x65, 0x64, 0x20,
    0x65, 0x6e, 0x74, 0x69, 0x72, 0x65, 0x6c, 0x79, 0x20, 0x75, 0x6e, 0x64,
    0x65, 0x72, 0x20, 0x74, 0x68, 0x69, 0x73, 0x20, 0x6c, 0x69, 0x63, 0x65,
    0x6e, 0x73, 0x65, 0x2c, 0x20, 0x61, 0x6e, 0x64, 0x20, 0x6d, 0x75, 0x73,
    0x74, 0x20, 0x6e, 0x6f, 0x74, 0x20, 0x62, 0x65, 0x0a, 0x64, 0x69, 0x73,
    0x74, 0x72, 0x69, 0x62, 0x75, 0x74, 0x65, 0x64, 0x20, 0x75, 0x6e, 0x64,
    0x65, 0x72, 0x20, 0x61, 0x6e, 0x79, 0x20, 0x6f, 0x74, 0x68, 0x65, 0x72,
    0x20, 0x6c, 0x69, 0x63, 0x65, 0x6e, 0x73, 0x65, 0x2e, 0x20, 0x54, 0x68,
    0x65, 0x20, 0x72, 0x65, 0x71, 0x75, 0x69, 0x72, 0x65, 0x6d, 0x65, 0x6e,
    0x74, 0x20, 0x66, 0x6f, 0x72, 0x20, 0x66, 0x6f, 0x6e, 0x74, 0x73, 0x20,
    0x74, 0x6f, 0x0a, 0x72, 0x65, 0x6d, 0x61, 0x69, 0x6e, 0x20, 0x75, 0x6e,
    0x64, 0x65, 0x72, 0x20, 0x74, 0x68, 0x69, 0x73, 0x20, 0x6c, 0x69, 0x63,
    0x65, 0x6e, 0x73, 0x65, 0x20, 0x64, 0x6f, 0x65, 0x73, 0x20, 0x6e, 0x6f,
    0x74, 0x20, 0x61, 0x70, 0x70, 0x6c, 0x79, 0x20, 0x74, 0x6f, 0x20, 0x61,
    0x6e, 0x79, 0x20, 0x64, 0x6f, 0x63, 0x75, 0x6d, 0x65, 0x6e, 0x74, 0x20,
    0x63, 0x72, 0x65, 0x61, 0x74, 0x65, 0x64, 0x0a, 0x75, 0x73, 0x69, 0x6e,
    0x67, 0x20, 0x74, 0x68, 0x65, 0x20, 0x46, 0x6f, 0x6e, 0x74, 0x20, 0x53,
    0x6f, 0x66, 0x74, 0x77, 0x61, 0x72, 0x65, 0x2e, 0x0a, 0x0a, 0x54, 0x45,
    0x52, 0x4d, 0x49, 0x4e, 0x41, 0x54, 0x49, 0x4f, 0x4e, 0x0a, 0x54, 0x68,
    0x69, 0x73, 0x20, 0x6c, 0x69, 0x63, 0x65, 0x6e, 0x73, 0x65, 0x20, 0x62,
    0x65, 0x63, 0x6f, 0x6d, 0x65, 0x73, 0x20, 0x6e, 0x75, 0x6c, 0x6c, 0x20,
    0x61, 0x6e, 0x64, 0x20, 0x76, 0x6f, 0x69, 0x64, 0x20, 0x69, 0x66, 0x20,
    0x61, 0x6e, 0x79, 0x20, 0x6f, 0x66, 0x20, 0x74, 0x68, 0x65, 0x20, 0x61,
    0x62, 0x6f, 0x76, 0x65, 0x20, 0x63, 0x6f, 0x6e, 0x64, 0x69, 0x74, 0x69,
    0x6f, 0x6e, 0x73, 0x20, 0x61, 0x72, 0x65, 0x0a, 0x6e, 0x6f, 0x74, 0x20,
    0x6d, 0x65, 0x74, 0x2e, 0x0a, 0x0a, 0x44, 0x49, 0x53, 0x43, 0x4c, 0x41,
    0x49, 0x4d, 0x45, 0x52, 0x0a, 0x54, 0x48, 0x45, 0x20, 0x46, 0x4f, 0x4e,
    0x54, 0x20, 0x53, 0x4f, 0x46, 0x54, 0x57, 0x41, 0x52, 0x45, 0x20, 0x49,
    0x53, 0x20, 0x50, 0x52, 0x4f, 0x56, 0x49, 0x44, 0x45, 0x44, 0x20, 0x22,
    0x41, 0x53, 0x20, 0x49, 0x53, 0x22, 0x2c, 0x20, 0x57, 0x49, 0x54, 0x48,
    0x4f, 0x55, 0x54, 0x20, 0x57, 0x41, 0x52, 0x52, 0x41, 0x4e, 0x54, 0x59,
    0x20, 0x4f, 0x46, 0x20, 0x41, 0x4e, 0x59, 0x20, 0x4b, 0x49, 0x4e, 0x44,
    0x2c, 0x0a, 0x45, 0x58, 0x50, 0x52, 0x45, 0x53, 0x53, 0x20, 0x4f, 0x52,
    0x20, 0x49, 0x4d, 0x50, 0x4c, 0x49, 0x45, 0x44, 0x2c, 0x20, 0x49, 0x4e,
    0x43, 0x4c, 0x55, 0x44, 0x49, 0x4e, 0x47, 0x20, 0x42, 0x55, 0x54, 0x20,
    0x4e, 0x4f, 0x54, 0x20, 0x4c, 0x49, 0x4d, 0x49, 0x54, 0x45, 0x44, 0x20,
    0x54, 0x4f, 0x20, 0x41, 0x4e, 0x59, 0x20, 0x57, 0x41, 0x52, 0x52, 0x41,
    0x4e, 0x54, 0x49, 0x45, 0x53, 0x20, 0x4f, 0x46, 0x0a, 0x4d, 0x45, 0x52,
    0x43, 0x48, 0x41, 0x4e, 0x54, 0x41, 0x42, 0x49, 0x4c, 0x49, 0x54, 0x59,
    0x2c, 0x20, 0x46, 0x49, 0x54, 0x4e, 0x45, 0x53, 0x53, 0x20, 0x46, 0x4f,
    0x52, 0x20, 0x41, 0x20, 0x50, 0x41, 0x52, 0x54, 0x49, 0x43, 0x55, 0x4c,
    0x41, 0x52, 0x20, 0x50, 0x55, 0x52, 0x50, 0x4f, 0x53, 0x45, 0x20, 0x41,
    0x4e, 0x44, 0x20, 0x4e, 0x4f, 0x4e, 0x49, 0x4e, 0x46, 0x52, 0x49, 0x4e,
    0x47, 0x45, 0x4d, 0x45, 0x4e, 0x54, 0x0a, 0x4f, 0x46, 0x20, 0x43, 0x4f,
    0x50, 0x59, 0x52, 0x49, 0x47, 0x48, 0x54, 0x2c, 0x20, 0x50, 0x41, 0x54,
    0x45, 0x4e, 0x54, 0x2c, 0x20, 0x54, 0x52, 0x41, 0x44, 0x45, 0x4d, 0x41,
    0x52, 0x4b, 0x2c, 0x20, 0x4f, 0x52, 0x20, 0x4f, 0x54, 0x48, 0x45, 0x52,
    0x20, 0x52, 0x49, 0x47, 0x48, 0x54, 0x2e, 0x20, 0x49, 0x4e, 0x20, 0x4e,
    0x4f, 0x20, 0x45, 0x56, 0x45, 0x4e, 0x54, 0x20, 0x53, 0x48, 0x41, 0x4c,
    0x4c, 0x20, 0x54, 0x48, 0x45, 0x0a, 0x43, 0x4f, 0x50, 0x59, 0x52, 0x49,
    0x47, 0x48, 0x54, 0x20, 0x48, 0x4f, 0x4c, 0x44, 0x45, 0x52, 0x20, 0x42,
    0x45, 0x20, 0x4c, 0x49, 0x41, 0x42, 0x4c, 0x45, 0x20, 0x46, 0x4f, 0x52,
    0x20, 0x41, 0x4e, 0x59, 0x20, 0x43, 0x4c, 0x41, 0x49, 0x4d, 0x2c, 0x20,
    0x44, 0x41, 0x4d, 0x41, 0x47, 0x45, 0x53, 0x20, 0x4f, 0x52, 0x20, 0x4f,
    0x54, 0x48, 0x45, 0x52, 0x20, 0x4c, 0x49, 0x41, 0x42, 0x49, 0x4c, 0x49,
    0x54, 0x59, 0x2c, 0x0a, 0x49, 0x4e, 0x43, 0x4c, 0x55, 0x44, 0x49, 0x4e,
    0x47, 0x20, 0x41, 0x4e, 0x59, 0x20, 0x47, 0x45, 0x4e, 0x45, 0x52, 0x41,
    0x4c, 0x2c, 0x20, 0x53, 0x50, 0x45, 0x43, 0x49, 0x41, 0x4c, 0x2c, 0x20,
    0x49, 0x4e, 0x44, 0x49, 0x52, 0x45, 0x43, 0x54, 0x2c, 0x20, 0x49, 0x4e,
    0x43, 0x49, 0x44, 0x45, 0x4e, 0x54, 0x41, 0x4c, 0x2c, 0x20, 0x4f, 0x52,
    0x20, 0x43, 0x4f, 0x4e, 0x53, 0x45, 0x51, 0x55, 0x45, 0x4e, 0x54, 0x49,
    0x41, 0x4c, 0x0a, 0x44, 0x41, 0x4d, 0x41, 0x47, 0x45, 0x53, 0x2c, 0x20,
    0x57, 0x48, 0x45, 0x54, 0x48, 0x45, 0x52, 0x20, 0x49, 0x4e, 0x20, 0x41,
    0x4e, 0x20, 0x41, 0x43, 0x54, 0x49, 0x4f, 0x4e, 0x20, 0x4f, 0x46, 0x20,
    0x43, 0x4f, 0x4e, 0x54, 0x52, 0x41, 0x43, 0x54, 0x2c, 0x20, 0x54, 0x4f,
    0x52, 0x54, 0x20, 0x4f, 0x52, 0x20, 0x4f, 0x54, 0x48, 0x45, 0x52, 0x57,
    0x49, 0x53, 0x45, 0x2c, 0x20, 0x41, 0x52, 0x49, 0x53, 0x49, 0x4e, 0x47,
    0x0a, 0x46, 0x52, 0x4f, 0x4d, 0x2c, 0x20, 0x4f, 0x55, 0x54, 0x20, 0x4f,
    0x46, 0x20, 0x54, 0x48, 0x45, 0x20, 0x55, 0x53, 0x45, 0x20, 0x4f, 0x52,
    0x20, 0x49, 0x4e, 0x41, 0x42, 0x49, 0x4c, 0x49, 0x54, 0x59, 0x20, 0x54,
    0x4f, 0x20, 0x55, 0x53, 0x45, 0x20, 0x54, 0x48, 0x45, 0x20, 0x46, 0x4f,
    0x4e, 0x54, 0x20, 0x53, 0x4f, 0x46, 0x54, 0x57, 0x41, 0x52, 0x45, 0x20,
    0x4f, 0x52, 0x20, 0x46, 0x52, 0x4f, 0x4d, 0x0a, 0x4f, 0x54, 0x48, 0x45,
    0x52, 0x20, 0x44, 0x45, 0x41, 0x4c, 0x49, 0x4e, 0x47, 0x53, 0x20, 0x49,
    0x4e, 0x20, 0x54, 0x48, 0x45, 0x20, 0x46, 0x4f, 0x4e, 0x54, 0x20, 0x53,
    0x4f, 0x46, 0x54, 0x57, 0x41, 0x52, 0x45, 0x2e, 0x00, 0x00, 0x68, 0x00,
    0x74, 0x00, 0x74, 0x00, 0x70, 0x00, 0x3a, 0x00, 0x2f, 0x00, 0x2f, 0x00,
    0x73, 0x00, 0x63, 0x00, 0x72, 0x00, 0x69, 0x00, 0x70, 0x00, 0x74, 0x00,
    0x73, 0x00, 0x2e, 0x00, 0x73, 0x00, 0x69, 0x00, 0x6c, 0x00, 0x2e, 0x00,
    0x6f, 0x00, 0x72, 0x00, 0x67, 0x00, 0x2f, 0x00, 0x4f, 0x00, 0x46, 0x00,
    0x4c, 0x00, 0x00, 0x68, 0x74, 0x74, 0x70, 0x3a, 0x2f, 0x2f, 0x73, 0x63,
    0x72, 0x69, 0x70, 0x74, 0x73, 0x2e, 0x73, 0x69, 0x6c, 0x2e, 0x6f, 0x72,
    0x67, 0x2f, 0x4f, 0x46, 0x4c, 0x00, 0x00, 0x00, 0x00, 0x00, 0x00, 0x03,
    0x00, 0x00, 0x00, 0x03, 0x00, 0x00, 0x00, 0x1c, 0x00, 0x01, 0x00, 0x00,
    0x00, 0x00, 0x00, 0xe6, 0x00, 0x03, 0x00, 0x01, 0x00, 0x00, 0x00, 0x1c,
    0x00, 0x04, 0x00, 0xca, 0x00, 0x00, 0x00, 0x26, 0x00, 0x20, 0x00, 0x04,
    0x00, 0x06, 0x00, 0x7e, 0x00, 0xff, 0x01, 0x53, 0x01, 0x61, 0x01, 0x78,
    0x01, 0x7e, 0x01, 0x92, 0x02, 0xc6, 0x02, 0xdc, 0x20, 0x14, 0x20, 0x1a,
    0x20, 0x1e, 0x20, 0x22, 0x20, 0x26, 0x20, 0x30, 0x20, 0x3a, 0x20, 0xac,
    0x21, 0x22, 0xff, 0xff, 0x00, 0x00, 0x00, 0x20, 0x00, 0xa1, 0x01, 0x52,
    0x01, 0x60, 0x01, 0x78, 0x01, 0x7d, 0x01, 0x92, 0x02, 0xc6, 0x02, 0xdc,
    0x20, 0x13, 0x20, 0x18, 0x20, 0x1c, 0x20, 0x20, 0x20, 0x26, 0x20, 0x30,
    0x20, 0x39, 0x20, 0xac, 0x21, 0x22, 0xff, 0xff, 0xff, 0xe1, 0xff, 0xda,
    0x00, 0x00, 0x00, 0x00, 0xff, 0x02, 0x00, 0x00, 0xfe, 0xd0, 0xfd, 0xa1,
    0xfd, 0x98, 0xe0, 0x5f, 0x00, 0x00, 0x00, 0x00, 0x00, 0x00, 0xe0, 0x3e,
    0xe0, 0x38, 0x00, 0x00, 0xdf, 0xb4, 0xdf, 0x53, 0x00, 0x01, 0x00, 0x00,
    0x00, 0x00, 0x00, 0x22, 0x00, 0x24, 0x00, 0x00, 0x00, 0x24, 0x00, 0x00,
    0x00, 0x00, 0x00, 0x00, 0x00, 0x00, 0x00, 0x1e, 0x00, 0x22, 0x00, 0x26,
    0x00, 0x00, 0x00, 0x00, 0x00, 0x26, 0x00, 0x00, 0x00, 0x00, 0x00, 0x00,
    0x00, 0x6b, 0x00, 0x78, 0x00, 0x69, 0x00, 0x76, 0x00, 0x6c, 0x00, 0x79,
    0x00, 0x6d, 0x00, 0x6e, 0x00, 0x61, 0x00, 0x6f, 0x00, 0x70, 0x00, 0x63,
    0x00, 0x65, 0x00, 0x66, 0x00, 0x71, 0x00, 0x6a, 0x00, 0x77, 0x00, 0x00,
    0x01, 0x06, 0x00, 0x00, 0x01, 0x00, 0x00, 0x00, 0x00, 0x00, 0x00, 0x00,
    0x00, 0x00, 0x00, 0x00, 0x00, 0x00, 0x00, 0x00, 0x00, 0x00, 0x00, 0x00,
    0x00, 0x00, 0x00, 0x00, 0x00, 0x00, 0x00, 0x00, 0x00, 0x00, 0x00, 0x00,
    0x01, 0x02, 0x03, 0x04, 0x05, 0x06, 0x07, 0x08, 0x09, 0x0a, 0x0b, 0x0c,
    0x0d, 0x0e, 0x0f, 0x10, 0x11, 0x12, 0x13, 0x14, 0x15, 0x16, 0x17, 0x18,
    0x19, 0x1a, 0x1b, 0x1c, 0x1d, 0x1e, 0x1f, 0x20, 0x21, 0x22, 0x23, 0x24,
    0x25, 0x26, 0x27, 0x28, 0x29, 0x2a, 0x2b, 0x2c, 0x2d, 0x2e, 0x2f, 0x30,
    0x31, 0x32, 0x33, 0x34, 0x35, 0x36, 0x37, 0x38, 0x39, 0x3a, 0x3b, 0x3c,
    0x3d, 0x3e, 0x3f, 0x40, 0x41, 0x42, 0x43, 0x44, 0x45, 0x46, 0x47, 0x48,
    0x49, 0x4a, 0x4b, 0x4c, 0x4d, 0x4e, 0x4f, 0x50, 0x51, 0x52, 0x53, 0x54,
    0x55, 0x56, 0x57, 0x58, 0x59, 0x5a, 0x5b, 0x5c, 0x5d, 0x5e, 0x5f, 0x00,
    0x9e, 0x9f, 0xa1, 0xa3, 0xab, 0xb0, 0xb6, 0xbb, 0xba, 0xbc, 0xbe, 0xbd,
    0xbf, 0xc1, 0xc3, 0xc2, 0xc4, 0xc5, 0xc7, 0xc6, 0xc8, 0xc9, 0xcb, 0xcd,
    0xcc, 0xce, 0xd0, 0xcf, 0xd4, 0xd3, 0xd5, 0xd6, 0x65, 0x8a, 0x7c, 0x7d,
    0x81, 0x71, 0x90, 0xb9, 0x88, 0x83, 0x75, 0x8e, 0x82, 0x00, 0xa0, 0xb2,
    0x00, 0x8b, 0x00, 0x00, 0x7f, 0x8f, 0x00, 0x00, 0x00, 0x00, 0x00, 0x84,
    0x94, 0x00, 0xc0, 0xd2, 0x99, 0x7b, 0x86, 0x00, 0x62, 0x00, 0x00, 0x85,
    0x95, 0x64, 0x00, 0x9a, 0x9d, 0xaf, 0x6b, 0x78, 0x72, 0x73, 0x6f, 0x70,
    0x6d, 0x6e, 0xd1, 0x00, 0xd9, 0x7a, 0x00, 0x60, 0x6a, 0x77, 0x00, 0x00,
    0x66, 0x91, 0x61, 0x63, 0x68, 0x9c, 0xa4, 0x9b, 0xa5, 0xa2, 0xa7, 0xa8,
    0xa9, 0xa6, 0xad, 0xae, 0x00, 0xac, 0xb4, 0xb5, 0xb3, 0x00, 0x67, 0x74,
    0x89, 0x00, 0x00, 0x00, 0x92, 0x00, 0x00, 0x00, 0x00, 0x03, 0x00, 0x00,
    0x00, 0x00, 0x00, 0x00, 0x00, 0x32, 0x00, 0x64, 0x00, 0x00, 0x00, 0x00,
    0x00, 0x00, 0x00, 0x00, 0x00, 0x00, 0x00, 0x00, 0x00, 0x00, 0x00, 0x00,
    0x00, 0x00, 0x00, 0x00, 0x01, 0x00, 0x04, 0x04, 0x00, 0x01, 0x01, 0x01,
    0x10, 0x4d, 0x65, 0x64, 0x6f, 0x64, 0x69, 0x63, 0x61, 0x52, 0x65, 0x67,
    0x75, 0x6c, 0x61, 0x72, 0x00, 0x01, 0x02, 0x00, 0x01, 0x00, 0x43, 0xf8,
    0x0f, 0x00, 0xf8, 0x23, 0x01, 0xf8, 0x24, 0x02, 0xf8, 0x25, 0x03, 0xf8,
    0x18, 0x04, 0x8b, 0x0c, 0x03, 0xef, 0x0c, 0x04, 0x1e, 0x0a, 0x00, 0x06,
    0x25, 0xff, 0x8b, 0x8b, 0x1e, 0x0a, 0x00, 0x06, 0x25, 0xff, 0x8b, 0x8b,
    0x0c, 0x07, 0x8b, 0xfb, 0x5c, 0xfa, 0x7c, 0xfa, 0xe0, 0x05, 0x1c, 0x00,
    0xef, 0x0f, 0x1c, 0x00, 0x00, 0x10, 0x1c, 0x02, 0xa2, 0x11, 0x1c, 0x00,
    0x33, 0x1c, 0x4b, 0xf4, 0x12, 0x00, 0x0b, 0x02, 0x00, 0x01, 0x00, 0x05,
    0x00, 0x0f, 0x00, 0x19, 0x00, 0x23, 0x00, 0x2a, 0x00, 0x31, 0x00, 0x38,
    0x00, 0x3f, 0x00, 0x5a, 0x00, 0x6a, 0x00, 0x72, 0x45, 0x75, 0x72, 0x6f,
    0x4e, 0x61, 0x6d, 0x65, 0x4d, 0x65, 0x2e, 0x32, 0x35, 0x36, 0x4e, 0x61,
    0x6d, 0x65, 0x4d, 0x65, 0x2e, 0x32, 0x35, 0x37, 0x4e, 0x61, 0x6d, 0x65,
    0x4d, 0x65, 0x2e, 0x32, 0x35, 0x38, 0x75, 0x6e, 0x69, 0x30, 0x30, 0x41,
    0x44, 0x75, 0x6e, 0x69, 0x30, 0x30, 0x42, 0x32, 0x75, 0x6e, 0x69, 0x30,
    0x30, 0x42, 0x33, 0x75, 0x6e, 0x69, 0x30, 0x30, 0x42, 0x39, 0x4f, 0x46,
    0x4c, 0x20, 0x28, 0x63, 0x29, 0x20, 0x32, 0x30, 0x32, 0x34, 0x2c, 0x20,
    0x52, 0x6f, 0x62, 0x65, 0x72, 0x74, 0x6f, 0x20, 0x4d, 0x6f, 0x63, 0x63,
    0x69, 0x4d, 0x65, 0x64, 0x6f, 0x64, 0x69, 0x63, 0x61, 0x20, 0x52, 0x65,
    0x67, 0x75, 0x6c, 0x61, 0x72, 0x4d, 0x65, 0x64, 0x6f, 0x64, 0x69, 0x63,
    0x61, 0x00, 0x00, 0x00, 0x00, 0x01, 0x00, 0x02, 0x00, 0x03, 0x00, 0x04,
    0x00, 0x05, 0x00, 0x06, 0x00, 0x07, 0x00, 0x68, 0x00, 0x09, 0x00, 0x0a,
    0x00, 0x0b, 0x00, 0x0c, 0x00, 0x0d, 0x00, 0x0e, 0x00, 0x0f, 0x00, 0x10,
    0x00, 0x11, 0x00, 0x12, 0x00, 0x13, 0x00, 0x14, 0x00, 0x15, 0x00, 0x16,
    0x00, 0x17, 0x00, 0x18, 0x00, 0x19, 0x00, 0x1a, 0x00, 0x1b, 0x00, 0x1c,
    0x00, 0x1d, 0x00, 0x1e, 0x00, 0x1f, 0x00, 0x20, 0x00, 0x21, 0x00, 0x22,
    0x00, 0x23, 0x00, 0x24, 0x00, 0x25, 0x00, 0x26, 0x00, 0x27, 0x00, 0x28,
    0x00, 0x29, 0x00, 0x2a, 0x00, 0x2b, 0x00, 0x2c, 0x00, 0x2d, 0x00, 0x2e,
    0x00, 0x2f, 0x00, 0x30, 0x00, 0x31, 0x00, 0x32, 0x00, 0x33, 0x00, 0x34,
    0x00, 0x35, 0x00, 0x36, 0x00, 0x37, 0x00, 0x38, 0x00, 0x39, 0x00, 0x3a,
    0x00, 0x3b, 0x00, 0x3c, 0x00, 0x3d, 0x00, 0x3e, 0x00, 0x3f, 0x00, 0x40,
    0x00, 0x7c, 0x00, 0x42, 0x00, 0x43, 0x00, 0x44, 0x00, 0x45, 0x00, 0x46,
    0x00, 0x47, 0x00, 0x48, 0x00, 0x49, 0x00, 0x4a, 0x00, 0x4b, 0x00, 0x4c,
    0x00, 0x4d, 0x00, 0x4e, 0x00, 0x4f, 0x00, 0x50, 0x00, 0x51, 0x00, 0x52,
    0x00, 0x53, 0x00, 0x54, 0x00, 0x55, 0x00, 0x56, 0x00, 0x57, 0x00, 0x58,
    0x00, 0x59, 0x00, 0x5a, 0x00, 0x5b, 0x00, 0x5c, 0x00, 0x5d, 0x00, 0x5e,
    0x00, 0x5f, 0x01, 0x87, 0x00, 0x75, 0x00, 0x65, 0x00, 0x76, 0x00, 0x79,
    0x00, 0x70, 0x00, 0x71, 0x00, 0x7e, 0x00, 0x7a, 0x00, 0xc0, 0x00, 0x6b,
    0x00, 0x8e, 0x00, 0xc7, 0x00, 0x41, 0x00, 0x08, 0x00, 0x69, 0x00, 0x77,
    0x00, 0x74, 0x01, 0x88, 0x01, 0x89, 0x01, 0x8a, 0x00, 0x99, 0x00, 0xdd,
    0x00, 0x6c, 0x00, 0x94, 0x00, 0xe4, 0x00, 0xc6, 0x00, 0x60, 0x00, 0x61,
    0x00, 0x62, 0x00, 0x67, 0x00, 0x64, 0x00, 0xa0, 0x00, 0x66, 0x00, 0x83,
    0x00, 0xaa, 0x00, 0x8b, 0x00, 0x6a, 0x00, 0x97, 0x01, 0x8b, 0x00, 0xa5,
    0x00, 0x80, 0x00, 0xa1, 0x00, 0x9c, 0x01, 0x8c, 0x01, 0x8d, 0x00, 0x7d,
    0x00, 0x98, 0x00, 0x73, 0x00, 0x72, 0x00, 0x85, 0x01, 0x8e, 0x00, 0x8f,
    0x00, 0x78, 0x00, 0x9e, 0x00, 0x9b, 0x00, 0xa3, 0x00, 0x7b, 0x00, 0xae,
    0x00, 0xab, 0x00, 0xac, 0x00, 0xb0, 0x00, 0xad, 0x00, 0xaf, 0x00, 0x8a,
    0x00, 0xb1, 0x00, 0xb5, 0x00, 0xb2, 0x00, 0xb3, 0x00, 0xb4, 0x00, 0xb9,
    0x00, 0xb6, 0x00, 0xb7, 0x00, 0xb8, 0x00, 0x9a, 0x00, 0xba, 0x00, 0xbe,
    0x00, 0xbb, 0x00, 0xbc, 0x00, 0xbf, 0x00, 0xbd, 0x00, 0xa8, 0x00, 0x8d,
    0x00, 0xc4, 0x00, 0xc1, 0x00, 0xc2, 0x00, 0xc3, 0x00, 0xc5, 0x00, 0x9d,
    0x00, 0x95, 0x00, 0xcb, 0x00, 0xc8, 0x00, 0xc9, 0x00, 0xcd, 0x00, 0xca,
    0x00, 0xcc, 0x00, 0x90, 0x00, 0xce, 0x00, 0xd2, 0x00, 0xcf, 0x00, 0xd0,
    0x00, 0xd1, 0x00, 0xd6, 0x00, 0xd3, 0x00, 0xd4, 0x00, 0xd5, 0x00, 0xa7,
    0x00, 0xd7, 0x00, 0xdb, 0x00, 0xd8, 0x00, 0xd9, 0x00, 0xdc, 0x00, 0xda,
    0x00, 0x9f, 0x00, 0x93, 0x00, 0xe1, 0x00, 0xde, 0x00, 0xdf, 0x00, 0xe0,
    0x00, 0xe2, 0x00, 0xa2, 0x00, 0xe3, 0x00, 0xda, 0x02, 0x00, 0x01, 0x00,
    0x24, 0x00, 0x26, 0x00, 0x40, 0x00, 0x56, 0x00, 0xa4, 0x01, 0x64, 0x02,
    0x5f, 0x03, 0x1d, 0x03, 0x2e, 0x03, 0x63, 0x03, 0x9a, 0x04, 0x33, 0x04,
    0x58, 0x04, 0x80, 0x04, 0x90, 0x04, 0xa0, 0x05, 0x0f, 0x05, 0x68, 0x05,
    0x8d, 0x06, 0x15, 0x06, 0x5e, 0x06, 0xa9, 0x06, 0xf2, 0x07, 0x53, 0x07,
    0xb8, 0x08, 0x36, 0x08, 0xa1, 0x08, 0xbe, 0x08, 0xf4, 0x09, 0x49, 0x09,
    0x65, 0x09, 0xbc, 0x0a, 0x35, 0x0a, 0xb0, 0x0a, 0xd8, 0x0b, 0x34, 0x0b,
    0x7f, 0x0b, 0xb1, 0x0b, 0xc4, 0x0b, 0xe5, 0x0c, 0x2c, 0x0c, 0x54, 0x0c,
    0x73, 0x0c, 0xa3, 0x0d, 0x0f, 0x0d, 0x28, 0x0d, 0x7f, 0x0d, 0xc2, 0x0e,
    0x0c, 0x0e, 0x48, 0x0e, 0xd7, 0x0f, 0x21, 0x0f, 0xa3, 0x0f, 0xbe, 0x0f,
    0xdd, 0x10, 0x24, 0x10, 0x91, 0x11, 0x34, 0x11, 0x79, 0x11, 0xed, 0x12,
    0x12, 0x12, 0x92, 0x12, 0xb6, 0x12, 0xec, 0x12, 0xf9, 0x13, 0x1f, 0x13,
    0x51, 0x13, 0x7d, 0x13, 0xb3, 0x13, 0xe0, 0x14, 0x1a, 0x14, 0x51, 0x14,
    0x88, 0x14, 0xc8, 0x14, 0xfe, 0x15, 0x21, 0x15, 0x99, 0x15, 0xb5, 0x15,
    0xf9, 0x16, 0x3a, 0x16, 0x7d, 0x16, 0xa6, 0x16, 0xd3, 0x17, 0x03, 0x17,
    0x83, 0x17, 0xa7, 0x17, 0xe3, 0x18, 0x33, 0x18, 0x93, 0x19, 0x37, 0x19,
    0x96, 0x19, 0xfd, 0x1a, 0x83, 0x1a, 0x93, 0x1b, 0x29, 0x1b, 0x6a, 0x1b,
    0xf3, 0x1c, 0x03, 0x1c, 0x52, 0x1c, 0x67, 0x1c, 0x8d, 0x1c, 0xac, 0x1c,
    0xf3, 0x1d, 0x4b, 0x1e, 0x78, 0x1f, 0x24, 0x1f, 0x58, 0x1f, 0xd7, 0x20,
    0x76, 0x20, 0x9a, 0x20, 0xbe, 0x20, 0xff, 0x21, 0x41, 0x21, 0x63, 0x21,
    0x73, 0x21, 0x83, 0x21, 0xc3, 0x22, 0x3d, 0x22, 0xe7, 0x23, 0x1f, 0x23,
    0x89, 0x24, 0x1b, 0x24, 0x80, 0x24, 0x98, 0x25, 0x1f, 0x25, 0x88, 0x26,
    0x14, 0x26, 0xa2, 0x26, 0xb4, 0x27, 0x4e, 0x27, 0x69, 0x28, 0x42, 0x28,
    0x87, 0x28, 0xe8, 0x29, 0x00, 0x29, 0x10, 0x29, 0xa6, 0x29, 0xb8, 0x2a,
    0x03, 0x2a, 0x31, 0x2a, 0x84, 0x2a, 0xd5, 0x2a, 0xfa, 0x2b, 0x49, 0x2b,
    0x7f, 0x2b, 0x95, 0x2b, 0xb8, 0x2b, 0xe4, 0x2c, 0x0e, 0x2c, 0x76, 0x2d,
    0x21, 0x2e, 0x03, 0x2e, 0xd9, 0x2f, 0x48, 0x2f, 0x9b, 0x2f, 0xee, 0x30,
    0x52, 0x30, 0xb5, 0x30, 0xfb, 0x31, 0x2f, 0x31, 0x9b, 0x32, 0x1c, 0x32,
    0x67, 0x32, 0xae, 0x32, 0xe6, 0x33, 0x12, 0x33, 0x4e, 0x33, 0x8d, 0x33,
    0xd5, 0x34, 0x0c, 0x34, 0x49, 0x34, 0xc8, 0x35, 0x45, 0x35, 0xbe, 0x36,
    0x30, 0x36, 0xbb, 0x37, 0x0f, 0x37, 0xb0, 0x38, 0x8d, 0x38, 0xd3, 0x39,
    0x18, 0x39, 0x66, 0x39, 0xa2, 0x3a, 0x10, 0x3a, 0x5a, 0x3a, 0xca, 0x3b,
    0x34, 0x3b, 0x92, 0x3c, 0x0e, 0x3c, 0x91, 0x3c, 0xee, 0x3d, 0x43, 0x3d,
    0xb1, 0x3e, 0x1c, 0x3e, 0x89, 0x3e, 0xf1, 0x3f, 0x72, 0x3f, 0xd2, 0x40,
    0x0e, 0x40, 0x4d, 0x40, 0x98, 0x40, 0xcf, 0x41, 0x37, 0x41, 0xb8, 0x42,
    0x2c, 0x42, 0x9c, 0x43, 0x07, 0x43, 0x89, 0x43, 0xd1, 0x43, 0xfb, 0x44,
    0xc6, 0x45, 0x30, 0x45, 0x96, 0x46, 0x06, 0x46, 0x64, 0x46, 0xdb, 0x47,
    0x2c, 0x47, 0x9a, 0xf7, 0xc7, 0x8b, 0xdb, 0xf9, 0x14, 0xdb, 0x01, 0xdb,
    0xdb, 0xf8, 0x74, 0xdb, 0x03, 0xdb, 0x16, 0xf9, 0x14, 0xf9, 0xb4, 0xfd,
    0x14, 0x06, 0xdb, 0xfd, 0x64, 0x15, 0xf9, 0x14, 0xf8, 0x74, 0xfd, 0x14,
    0x07, 0x0e, 0x2e, 0x0e, 0xfb, 0x55, 0x8b, 0xef, 0xf9, 0x50, 0x77, 0x01,
    0xef, 0xef, 0x03, 0xef, 0xf9, 0xb4, 0x15, 0x20, 0x0a, 0x27, 0xfd, 0x50,
    0x15, 0x27, 0xef, 0xef, 0x07, 0x0e, 0x92, 0xf9, 0x50, 0xf7, 0xc0, 0x01,
    0xef, 0xef, 0xef, 0xef, 0x03, 0xef, 0xfa, 0x7c, 0x15, 0x21, 0x0a, 0xef,
    0x16, 0x21, 0x0a, 0x0e, 0xf7, 0xc7, 0xa0, 0x76, 0xf7, 0x5c, 0xef, 0xf7,
    0x5c, 0xef, 0xf7, 0x5c, 0x77, 0x01, 0xf7, 0x5c, 0xef, 0xf7, 0x5c, 0xef,
    0x03, 0xf7, 0x5c, 0xf9, 0xb4, 0x15, 0xfb, 0x5c, 0x27, 0x27, 0xef, 0xfb,
    0x5c, 0x27, 0x27, 0xef, 0xfb, 0x5c, 0xef, 0xf7, 0x5c, 0xf7, 0x5c, 0xfb,
    0x5c, 0xef, 0xf7, 0x5c, 0x07, 0xef, 0xef, 0x27, 0xf7, 0x5c, 0xef, 0xef,
    0x27, 0xf7, 0x5c, 0x27, 0xfb, 0x5c, 0xfb, 0x5c, 0xf7, 0x5c, 0x06, 0xfb,
    0xc0, 0x04, 0xf7, 0x5c, 0xfb, 0x5c, 0xfb, 0x5c, 0x06, 0x0e, 0x8b, 0xef,
    0x8b, 0xf7, 0x5c, 0xfb, 0x5c, 0xef, 0xef, 0xef, 0x8b, 0xf7, 0x5c, 0x27,
    0xef, 0x8b, 0xef, 0xef, 0x77, 0x12, 0xef, 0xef, 0x8b, 0xf7, 0xc0, 0xfb,
    0x5c, 0xef, 0xef, 0xef, 0x13, 0x03, 0x20, 0xf7, 0xc0, 0xf9, 0xb4, 0x15,
    0x27, 0x07, 0x13, 0x03, 0x40, 0x27, 0x06, 0x13, 0x09, 0xa0, 0x27, 0x07,
    0x13, 0x93, 0xa0, 0xef, 0xfb, 0x5c, 0x27, 0x06, 0x13, 0x91, 0x40, 0x27,
    0x07, 0x13, 0x91, 0xa0, 0xef, 0xfb, 0x5c, 0x27, 0x06, 0x13, 0x91, 0x40,
    0x27, 0x07, 0x13, 0x91, 0x20, 0xef, 0x27, 0xef, 0xef, 0x06, 0x13, 0x91,
    0x40, 0xef, 0xef, 0x06, 0x13, 0x91, 0x20, 0x27, 0xf7, 0x5c, 0x06, 0x13,
    0x41, 0x40, 0xef, 0x06, 0x13, 0x13, 0x40, 0xef, 0x07, 0x13, 0x13, 0x20,
    0x27, 0xf7, 0x5c, 0x06, 0x13, 0x05, 0x40, 0xef, 0x06, 0x13, 0x03, 0x40,
    0xef, 0x07, 0x13, 0x03, 0x20, 0x27, 0xef, 0x06, 0x13, 0x05, 0x40, 0xef,
    0xfb, 0x5c, 0x15, 0x13, 0x05, 0x10, 0x27, 0xef, 0xef, 0x07, 0x13, 0x41,
    0x40, 0x27, 0xfb, 0xc0, 0x15, 0x13, 0x81, 0x40, 0xfb, 0x5c, 0x07, 0x13,
    0x41, 0x10, 0xef, 0xf7, 0x5c, 0x06, 0x13, 0x81, 0x80, 0xfc, 0x24, 0xfb,
    0x5c, 0x15, 0x13, 0x21, 0x80, 0xef, 0x27, 0x27, 0x07, 0x13, 0x11, 0x80,
    0xef, 0xf7, 0xc0, 0x15, 0x13, 0x09, 0x80, 0x22, 0x0a, 0x0e, 0xf8, 0x2b,
    0x8b, 0xef, 0x8b, 0xf7, 0x5c, 0x8b, 0xef, 0x8b, 0xef, 0x8b, 0xf7, 0x5c,
    0x8b, 0xef, 0x12, 0xef, 0xef, 0x8b, 0xef, 0x8b, 0xef, 0x8b, 0xef, 0x8b,
    0xef, 0x8b, 0xef, 0x8b, 0xef, 0x13, 0x40, 0x00, 0xf7, 0xd0, 0xf7, 0xc0,
    0x15, 0x89, 0x07, 0x8b, 0x04, 0x85, 0x07, 0x13, 0x05, 0x00, 0xfb, 0x08,
    0xf8, 0x90, 0x15, 0x13, 0x0a, 0x00, 0x27, 0x07, 0x13, 0x09, 0x00, 0xef,
    0x06, 0x13, 0x05, 0x00, 0xef, 0x07, 0x13, 0x09, 0x00, 0x27, 0x04, 0x13,
    0x11, 0x00, 0xfb, 0x5c, 0x07, 0x13, 0x08, 0x80, 0xef, 0xf7, 0x5c, 0x06,
    0xfb, 0x5c, 0x04, 0x13, 0x48, 0x80, 0xfb, 0x5c, 0x07, 0x13, 0x48, 0x40,
    0xef, 0xf7, 0x5c, 0x06, 0x8b, 0x04, 0x13, 0x08, 0x20, 0x23, 0x0a, 0xef,
    0x16, 0x13, 0x04, 0x10, 0xef, 0xef, 0x27, 0x06, 0x13, 0x40, 0x40, 0x27,
    0xfc, 0x88, 0x15, 0x13, 0x40, 0x20, 0xfb, 0x5c, 0x07, 0x13, 0x80, 0x20,
    0xef, 0x06, 0x13, 0x40, 0x20, 0xf7, 0x5c, 0x07, 0x8b, 0x04, 0x13, 0x40,
    0x10, 0xef, 0x06, 0x13, 0x20, 0x10, 0xef, 0x27, 0x07, 0x13, 0x40, 0x10,
    0xef, 0x27, 0x15, 0x13, 0x80, 0x10, 0xfb, 0x5c, 0x07, 0x13, 0x40, 0x08,
    0xef, 0xf7, 0x5c, 0x06, 0x13, 0x80, 0x10, 0x27, 0xfb, 0x5c, 0x15, 0x13,
    0x80, 0x20, 0x27, 0x06, 0x13, 0x80, 0x10, 0x27, 0xef, 0x07, 0x13, 0x40,
    0x80, 0xfb, 0xc0, 0xf7, 0xc0, 0x15, 0x27, 0x06, 0x13, 0x81, 0x00, 0xfb,
    0x5c, 0x07, 0x13, 0x40, 0x80, 0xef, 0x06, 0x13, 0x81, 0x00, 0x27, 0x16,
    0x27, 0x27, 0xef, 0x06, 0x13, 0x11, 0x00, 0xf8, 0x88, 0x04, 0x13, 0x12,
    0x00, 0x27, 0x06, 0x13, 0x11, 0x00, 0x27, 0xef, 0x07, 0x13, 0x12, 0x00,
    0x27, 0xef, 0x15, 0x13, 0x0a, 0x00, 0x22, 0x0a, 0x0e, 0xf7, 0xc7, 0x8b,
    0xef, 0x8b, 0xef, 0x8b, 0xef, 0x8b, 0xef, 0x8b, 0xf7, 0xc0, 0x8b, 0xef,
    0x12, 0xef, 0xef, 0x8b, 0xf7, 0x5c, 0x8b, 0xef, 0x8b, 0xef, 0x8b, 0xef,
    0x13, 0x05, 0x00, 0xf7, 0x5c, 0xf9, 0xb4, 0x15, 0x13, 0x0a, 0x00, 0x27,
    0x07, 0x13, 0x09, 0x00, 0xf7, 0x5c, 0x06, 0x13, 0x05, 0x00, 0xef, 0x07,
    0x13, 0x09, 0x00, 0x27, 0x04, 0x13, 0x11, 0x00, 0xfb, 0xc0, 0x07, 0x13,
    0x08, 0x80, 0xef, 0xf7, 0xc0, 0x06, 0x13, 0x11, 0x00, 0x27, 0xfb, 0xc0,
    0x15, 0x13, 0x12, 0x00, 0xfb, 0x5c, 0x27, 0x06, 0x13, 0x21, 0x00, 0xf7,
    0x5c, 0x06, 0x8b, 0x04, 0x13, 0x20, 0x80, 0x27, 0x07, 0x13, 0x40, 0x80,
    0xef, 0x06, 0x13, 0x20, 0x80, 0xef, 0x07, 0x13, 0x40, 0x80, 0x27, 0x04,
    0x13, 0x80, 0x40, 0x27, 0xef, 0x07, 0x13, 0x40, 0x40, 0xef, 0x07, 0x8b,
    0x04, 0x13, 0x20, 0x20, 0xef, 0xef, 0x27, 0x06, 0x13, 0x80, 0x40, 0xfb,
    0x5c, 0x04, 0x13, 0x80, 0x20, 0x27, 0xef, 0xef, 0x07, 0x13, 0x82, 0x40,
    0xfb, 0x5c, 0x16, 0xfb, 0xc0, 0x06, 0x13, 0x81, 0x40, 0x27, 0xf7, 0xc0,
    0x07, 0x13, 0x92, 0x00, 0xfb, 0xc0, 0xef, 0x15, 0xf7, 0x5c, 0x27, 0x07,
    0x13, 0x42, 0x00, 0xfb, 0x5c, 0x07, 0x13, 0x12, 0x00, 0xef, 0xf7, 0xc0,
    0x15, 0x13, 0x0a, 0x00, 0x24, 0x0a, 0x0e, 0xfb, 0x55, 0xf9, 0x50, 0xf7,
    0xc0, 0x01, 0xef, 0xef, 0x03, 0xef, 0xfa, 0x7c, 0x15, 0x21, 0x0a, 0x0e,
    0x2e, 0x27, 0xef, 0xa0, 0x76, 0xf9, 0xb4, 0x77, 0x9f, 0xef, 0x12, 0xef,
    0xef, 0x8b, 0xef, 0x13, 0x14, 0xf7, 0x5c, 0xfa, 0x18, 0x15, 0x13, 0x28,
    0x27, 0x07, 0x13, 0x14, 0xef, 0xef, 0x06, 0x13, 0x68, 0x27, 0x27, 0x15,
    0x27, 0xfd, 0xb4, 0x06, 0x13, 0xa8, 0xef, 0x06, 0x8b, 0x04, 0x13, 0x84,
    0x27, 0xef, 0xef, 0x07, 0x0e, 0x2e, 0x27, 0xef, 0xa0, 0x76, 0xf9, 0xb4,
    0x77, 0x9f, 0xef, 0x12, 0xef, 0xef, 0x8b, 0xef, 0x13, 0x18, 0xef, 0xfa,
    0x18, 0x15, 0x27, 0x07, 0x13, 0x28, 0xef, 0x06, 0x13, 0x18, 0xef, 0x07,
    0x13, 0xa8, 0x27, 0x04, 0xfd, 0xb4, 0x07, 0x13, 0x64, 0xef, 0xf9, 0xb4,
    0x06, 0x13, 0x88, 0x27, 0xfd, 0xb4, 0x15, 0x27, 0x27, 0xef, 0x06, 0x0e,
    0xf7, 0x5c, 0xf7, 0x5c, 0x27, 0xef, 0x8b, 0xef, 0x8b, 0xf7, 0x5c, 0xfb,
    0x5c, 0xef, 0x12, 0xef, 0xef, 0x8b, 0xef, 0x8b, 0xef, 0x8b, 0xef, 0x8b,
    0xef, 0x13, 0x11, 0x00, 0xf7, 0xc0, 0xf9, 0x50, 0x15, 0x13, 0x22, 0x00,
    0xfb, 0x5c, 0x07, 0x13, 0x21, 0x00, 0xef, 0x06, 0x13, 0x11, 0x00, 0xf7,
    0x5c, 0x07, 0x13, 0x21, 0x00, 0xfb, 0x5c, 0x04, 0x13, 0x81, 0x00, 0x27,
    0x07, 0x13, 0x40, 0x80, 0xef, 0x06, 0x13, 0x20, 0x80, 0xef, 0x07, 0x8b,
    0x04, 0x13, 0x08, 0x40, 0xef, 0xef, 0x27, 0x06, 0x13, 0x40, 0x80, 0xfb,
    0x5c, 0x04, 0x13, 0x40, 0x40, 0x27, 0xef, 0xef, 0x07, 0x13, 0x81, 0x00,
    0xfb, 0x5c, 0x16, 0x13, 0x82, 0x00, 0x27, 0x06, 0x13, 0x81, 0x00, 0xfb,
    0x5c, 0xef, 0x07, 0x13, 0x82, 0x00, 0x27, 0xf7, 0x5c, 0x15, 0x13, 0x22,
    0x00, 0xef, 0x07, 0x13, 0x24, 0x00, 0x27, 0x06, 0x13, 0x44, 0x00, 0x27,
    0x07, 0x8b, 0x04, 0x27, 0x27, 0xef, 0x06, 0x13, 0x24, 0x00, 0xf7, 0x5c,
    0x04, 0x13, 0x0c, 0x00, 0xef, 0x27, 0x27, 0x07, 0x0e, 0xf7, 0xc0, 0xef,
    0xf7, 0x5c, 0x77, 0x01, 0xf7, 0xc0, 0xef, 0x03, 0xf7, 0xc0, 0xf8, 0xec,
    0x15, 0xfb, 0x5c, 0xfb, 0x5c, 0x27, 0xf7, 0x5c, 0xfb, 0x5c, 0xef, 0xf7,
    0x5c, 0xf7, 0x5c, 0xef, 0xfb, 0x5c, 0xf7, 0x5c, 0x07, 0x0e, 0x2e, 0xfb,
    0x5c, 0xef, 0x8b, 0xf7, 0x5c, 0x12, 0xef, 0xef, 0x8b, 0xef, 0x13, 0x50,
    0xf7, 0x5c, 0xef, 0x15, 0x13, 0xa0, 0xfb, 0x5c, 0x07, 0x13, 0x50, 0xef,
    0xf7, 0x5c, 0x06, 0x13, 0xa0, 0x27, 0xfb, 0x5c, 0x15, 0x27, 0x27, 0xef,
    0x06, 0x0e, 0xf6, 0xf7, 0xc0, 0xef, 0x01, 0xef, 0xf8, 0x24, 0x03, 0xef,
    0xf8, 0x24, 0x15, 0x25, 0x0a, 0x0e, 0xfb, 0x55, 0x8b, 0xef, 0x01, 0xef,
    0xef, 0x03, 0xef, 0xef, 0x15, 0x27, 0xef, 0xef, 0x07, 0x0e, 0x27, 0xf7,
    0x5c, 0x8b, 0xf7, 0x5c, 0x8b, 0xf7, 0x5c, 0x8b, 0xf7, 0x5c, 0x8b, 0xf7,
    0x5c, 0x12, 0xef, 0xef, 0x8b, 0xef, 0x8b, 0xef, 0x8b, 0xef, 0x8b, 0xef,
    0x13, 0x08, 0x40, 0xf8, 0x88, 0xfa, 0x18, 0x15, 0x13, 0x10, 0x80, 0xfb,
    0x5c, 0x07, 0x13, 0x08, 0x40, 0xef, 0xf7, 0x5c, 0x06, 0x13, 0x10, 0x80,
    0x27, 0xfb, 0x5c, 0x15, 0x27, 0x06, 0x13, 0x21, 0x00, 0xfb, 0x5c, 0x07,
    0x13, 0x10, 0x80, 0xef, 0x06, 0x13, 0x21, 0x00, 0x27, 0x16, 0x27, 0x06,
    0x13, 0x42, 0x00, 0xfb, 0x5c, 0x07, 0x13, 0x21, 0x00, 0xef, 0x06, 0x13,
    0x42, 0x00, 0x27, 0x16, 0x27, 0x06, 0x13, 0x84, 0x00, 0xfb, 0x5c, 0x07,
    0x13, 0x42, 0x00, 0xef, 0x06, 0x13, 0x84, 0x00, 0x27, 0x16, 0x26, 0x0a,
    0x0e, 0x8b, 0xef, 0xf8, 0x88, 0x77, 0xf7, 0x0c, 0x77, 0x9f, 0xef, 0x12,
    0xef, 0xef, 0x8b, 0xf7, 0xc0, 0xfb, 0x5c, 0xef, 0xef, 0xef, 0x13, 0xd4,
    0xf7, 0x5c, 0xf9, 0xb4, 0x15, 0x13, 0xe8, 0x27, 0x07, 0x13, 0xe4, 0xf7,
    0xc0, 0x06, 0x13, 0xd4, 0xef, 0x07, 0x13, 0xe4, 0x27, 0x04, 0xfc, 0xec,
    0x07, 0x13, 0xe1, 0xef, 0xf8, 0xec, 0x06, 0x13, 0xc4, 0x27, 0xfc, 0xec,
    0x15, 0x13, 0xc8, 0xfb, 0xc0, 0x06, 0x13, 0xc4, 0x27, 0xf7, 0xc0, 0x07,
    0x13, 0xe8, 0xfb, 0xc0, 0xef, 0x15, 0x27, 0x0a, 0x13, 0xc2, 0xf7, 0x5c,
    0xf8, 0x88, 0x15, 0x28, 0x0a, 0x0e, 0x8b, 0xef, 0xf8, 0x88, 0xef, 0xef,
    0x77, 0x01, 0xf7, 0xc0, 0xef, 0x03, 0xf7, 0xc0, 0xf9, 0xb4, 0x15, 0x27,
    0xfb, 0x5c, 0x27, 0xf7, 0x5c, 0xfc, 0x88, 0xfb, 0x5c, 0x27, 0xf8, 0x88,
    0xef, 0xfb, 0x5c, 0xf9, 0x50, 0x07, 0x0e, 0x8b, 0xf7, 0x5c, 0xfb, 0x5c,
    0xef, 0xef, 0xef, 0x8b, 0xef, 0xf7, 0x5c, 0xef, 0x8b, 0xef, 0x12, 0xef,
    0xef, 0x8b, 0xef, 0x8b, 0xef, 0x8b, 0xef, 0x8b, 0xef, 0x13, 0x05, 0x00,
    0xf7, 0x5c, 0xf9, 0xb4, 0x15, 0x13, 0x0a, 0x20, 0x27, 0x07, 0x13, 0x05,
    0x20, 0xf7, 0xc0, 0xef, 0x06, 0x27, 0x04, 0x13, 0x14, 0x40, 0xfb, 0xc0,
    0x07, 0x13, 0x14, 0x20, 0xef, 0xf7, 0xc0, 0x06, 0x13, 0x10, 0x40, 0x27,
    0xfb, 0xc0, 0x15, 0x27, 0x06, 0x13, 0x20, 0x80, 0x27, 0x07, 0x13, 0x10,
    0x40, 0xef, 0x06, 0x13, 0x20, 0x80, 0x27, 0x16, 0x27, 0x06, 0x13, 0x81,
    0x00, 0x27, 0x07, 0x13, 0x20, 0x80, 0xef, 0x06, 0x13, 0x81, 0x00, 0x27,
    0x16, 0x27, 0x06, 0x13, 0x41, 0x00, 0x27, 0x07, 0x13, 0x42, 0x20, 0x27,
    0x27, 0xf8, 0x88, 0xef, 0x06, 0x13, 0x41, 0x00, 0xfb, 0xc0, 0x06, 0x13,
    0x0a, 0x00, 0x27, 0xf8, 0xec, 0x15, 0x27, 0x27, 0xef, 0x06, 0x0e, 0x8b,
    0xef, 0xf7, 0xc0, 0xef, 0x8b, 0xf7, 0x5c, 0x8b, 0xef, 0x12, 0xf8, 0x88,
    0xef, 0x13, 0x98, 0xef, 0xf9, 0xb4, 0x15, 0x27, 0x07, 0x13, 0xa8, 0xf8,
    0x24, 0x06, 0x13, 0x98, 0xef, 0x07, 0x13, 0xa8, 0x27, 0x04, 0x13, 0xc8,
    0xfb, 0x5c, 0x07, 0x13, 0xa8, 0xef, 0xf7, 0x5c, 0x06, 0x13, 0xc8, 0x27,
    0xfb, 0x5c, 0x15, 0xfb, 0xc0, 0x27, 0xf7, 0xc0, 0x06, 0x8b, 0x04, 0x21,
    0x0a, 0x27, 0xfb, 0xc0, 0x15, 0xfc, 0x24, 0x27, 0xf8, 0x24, 0x06, 0x0e,
    0xa0, 0x76, 0xf7, 0x5c, 0xef, 0xf7, 0x5c, 0xef, 0xf7, 0x5c, 0x77, 0x12,
    0xef, 0xef, 0x8b, 0xef, 0x8b, 0xf7, 0x5c, 0x27, 0xef, 0x13, 0xf1, 0xf8,
    0x24, 0xf9, 0xb4, 0x15, 0x27, 0x07, 0x13, 0xf2, 0x27, 0x06, 0x13, 0xf5,
    0x27, 0xef, 0xfb, 0xc0, 0x07, 0x13, 0xf9, 0xfb, 0x5c, 0xf7, 0x5c, 0x27,
    0xfb, 0xc0, 0xf7, 0xc0, 0xfb, 0x5c, 0xef, 0xf7, 0x5c, 0xef, 0xef, 0x27,
    0xf8, 0x88, 0x06, 0xfb, 0xc0, 0xfb, 0xc0, 0x15, 0x13, 0xf4, 0xef, 0xef,
    0x27, 0x06, 0x0e, 0x8b, 0xef, 0x8b, 0xef, 0xf7, 0x5c, 0xef, 0xf7, 0x5c,
    0xef, 0x12, 0xef, 0xef, 0xf7, 0xc0, 0xef, 0x13, 0x3c, 0xef, 0xf9, 0xb4,
    0x15, 0xfc, 0x24, 0xf8, 0x24, 0xef, 0xfb, 0xc0, 0xf7, 0x5c, 0xf8, 0x24,
    0xef, 0x07, 0x27, 0xfc, 0x24, 0x15, 0x13, 0xbc, 0xfb, 0xc0, 0x07, 0x13,
    0x7c, 0xef, 0xf7, 0xc0, 0x06, 0x13, 0xbc, 0x27, 0xfb, 0xc0, 0x15, 0xfb,
    0xc0, 0x27, 0xf7, 0xc0, 0x06, 0xfb, 0xc0, 0xef, 0x15, 0x13, 0x7c, 0xef,
    0x27, 0x27, 0x07, 0x0e, 0x8b, 0xef, 0xf7, 0xc0, 0xef, 0xef, 0xef, 0x8b,
    0xef, 0x12, 0xef, 0xef, 0x8b, 0xf7, 0xc0, 0x8b, 0xef, 0x13, 0xd4, 0xf7,
    0x5c, 0xf9, 0xb4, 0x15, 0x13, 0xd8, 0x27, 0x07, 0x13, 0xe4, 0xf7, 0xc0,
    0x06, 0x13, 0xd4, 0xef, 0x07, 0x13, 0xe4, 0x27, 0x04, 0x13, 0xe2, 0x27,
    0xef, 0xef, 0x07, 0x13, 0xda, 0xfc, 0x24, 0x16, 0x27, 0xfc, 0xec, 0xef,
    0xf7, 0xc0, 0xf7, 0xc0, 0xef, 0xfb, 0xc0, 0x06, 0xf7, 0xc0, 0x27, 0x15,
    0x13, 0xc4, 0xfb, 0xc0, 0x07, 0x13, 0xc2, 0xef, 0xf7, 0xc0, 0x06, 0x13,
    0xc4, 0x27, 0xfb, 0xc0, 0x15, 0x13, 0xc8, 0xfb, 0xc0, 0x06, 0x13, 0xc4,
    0x27, 0xf7, 0xc0, 0x07, 0x0e, 0xa0, 0x76, 0xf7, 0xc0, 0xef, 0x8b, 0xef,
    0xef, 0xf7, 0x5c, 0x27, 0xef, 0x12, 0xef, 0xef, 0x8b, 0xef, 0x8b, 0xef,
    0x8b, 0xef, 0x8b, 0xef, 0x13, 0x94, 0x40, 0xef, 0xf9, 0xb4, 0x15, 0xfb,
    0x5c, 0xef, 0x07, 0x13, 0xac, 0x40, 0xef, 0xf7, 0xc0, 0x07, 0x13, 0xa8,
    0x80, 0xfb, 0x5c, 0x07, 0x13, 0xac, 0x40, 0xef, 0xf7, 0xc0, 0x06, 0x13,
    0xa0, 0x80, 0x27, 0xfb, 0xc0, 0x15, 0x27, 0x06, 0x13, 0xc1, 0x00, 0x27,
    0x07, 0x13, 0xa0, 0x80, 0xef, 0x06, 0x13, 0xc1, 0x00, 0x27, 0x16, 0x27,
    0x06, 0x13, 0xc2, 0x00, 0x27, 0x07, 0x13, 0xc1, 0x00, 0xef, 0x06, 0x13,
    0xc2, 0x00, 0x27, 0x16, 0x27, 0xfb, 0xc0, 0xef, 0x06, 0x0e, 0x8b, 0xef,
    0x8b, 0xf7, 0xc0, 0x8b, 0xef, 0x8b, 0xf7, 0x5c, 0x8b, 0xef, 0x12, 0xef,
    0xef, 0x8b, 0xf7, 0xc0, 0x8b, 0xef, 0x13, 0x0a, 0xf7, 0x5c, 0xf9, 0xb4,
    0x15, 0x13, 0x14, 0x27, 0x07, 0x13, 0x12, 0xf7, 0xc0, 0x06, 0x13, 0x0a,
    0xef, 0x07, 0x13, 0x12, 0x27, 0x04, 0x13, 0x22, 0xfb, 0x5c, 0x07, 0x13,
    0x11, 0xef, 0xf7, 0x5c, 0x06, 0x13, 0x22, 0x27, 0xfb, 0x5c, 0x15, 0x13,
    0x24, 0xfb, 0xc0, 0x06, 0x13, 0x44, 0x27, 0x07, 0x13, 0x42, 0xf7, 0xc0,
    0x06, 0x8b, 0x04, 0x13, 0x82, 0xfb, 0xc0, 0x07, 0x13, 0x41, 0xef, 0xf7,
    0xc0, 0x06, 0x13, 0x82, 0x27, 0xfb, 0xc0, 0x15, 0x13, 0x84, 0xfb, 0xc0,
    0x06, 0x13, 0x82, 0x27, 0xf7, 0xc0, 0x07, 0x13, 0x84, 0xfb, 0xc0, 0xef,
    0x15, 0x13, 0x44, 0x24, 0x0a, 0x13, 0x24, 0xef, 0xf8, 0x24, 0x15, 0x13,
    0x14, 0x22, 0x0a, 0x0e, 0x8b, 0xef, 0x8b, 0xef, 0xef, 0xef, 0xf7, 0xc0,
    0x77, 0x9f, 0xef, 0x12, 0xef, 0xef, 0x8b, 0xf7, 0x5c, 0x8b, 0xef, 0x8b,
    0xef, 0x13, 0x2a, 0x00, 0xf7, 0x5c, 0xf9, 0xb4, 0x15, 0x13, 0x34, 0x80,
    0x27, 0xf7, 0xc0, 0x07, 0x13, 0x2a, 0x80, 0xef, 0x07, 0x13, 0x74, 0x80,
    0x27, 0x04, 0xfb, 0xc0, 0xfb, 0xc0, 0x07, 0x13, 0x72, 0x80, 0x27, 0xf7,
    0xc0, 0x07, 0x13, 0x71, 0x00, 0x27, 0x07, 0x13, 0x74, 0x80, 0xef, 0xf8,
    0x88, 0x06, 0x13, 0x61, 0x00, 0x27, 0xfc, 0x88, 0x15, 0x27, 0x06, 0x13,
    0xa2, 0x00, 0x27, 0x07, 0x13, 0x61, 0x00, 0xef, 0x06, 0x13, 0xa2, 0x00,
    0x27, 0x16, 0x29, 0x0a, 0x13, 0x34, 0x00, 0xfb, 0x5c, 0xf8, 0x24, 0x15,
    0x24, 0x0a, 0x0e, 0xfb, 0x55, 0xf7, 0x5c, 0xef, 0xf7, 0x5c, 0xef, 0x01,
    0xef, 0xef, 0x03, 0xef, 0xf8, 0xec, 0x15, 0x27, 0xef, 0xef, 0x07, 0x27,
    0xfb, 0xc0, 0x15, 0x27, 0xef, 0xef, 0x07, 0x0e, 0x2e, 0xfb, 0x5c, 0xef,
    0x8b, 0xf7, 0x5c, 0xf7, 0x5c, 0xef, 0x12, 0xef, 0xef, 0x8b, 0xef, 0x13,
    0x28, 0xf7, 0x5c, 0xf8, 0x24, 0x15, 0x27, 0xef, 0xef, 0x07, 0x13, 0x68,
    0x27, 0xfb, 0xc0, 0x15, 0x13, 0xb0, 0xfb, 0x5c, 0x07, 0x13, 0x68, 0xef,
    0xf7, 0x5c, 0x06, 0x13, 0xb0, 0x27, 0xfb, 0x5c, 0x15, 0x27, 0x27, 0xef,
    0x06, 0x0e, 0x92, 0xef, 0xef, 0x8b, 0xef, 0x8b, 0xef, 0x8b, 0xef, 0x8b,
    0xef, 0x12, 0xef, 0xef, 0x8b, 0xef, 0x8b, 0xef, 0x13, 0x09, 0xf7, 0xc0,
    0xf8, 0xec, 0x15, 0x13, 0x12, 0x27, 0x07, 0x13, 0x09, 0xef, 0xef, 0x06,
    0x13, 0x12, 0x27, 0x27, 0x15, 0x27, 0x06, 0x13, 0x24, 0x27, 0x07, 0x13,
    0x12, 0xef, 0x06, 0x13, 0x24, 0x27, 0x16, 0x27, 0x27, 0x06, 0x13, 0x44,
    0xef, 0x06, 0x8b, 0x04, 0x13, 0x42, 0x27, 0x07, 0x13, 0x82, 0xef, 0x06,
    0x13, 0x42, 0xef, 0x07, 0x13, 0x82, 0x27, 0x04, 0x13, 0x81, 0x27, 0xef,
    0xef, 0x07, 0x0e, 0xf7, 0xc7, 0xf7, 0xd2, 0xef, 0xef, 0xef, 0x01, 0xef,
    0xf8, 0xfe, 0x15, 0x27, 0xf8, 0xec, 0xef, 0x07, 0xfc, 0xec, 0xfb, 0x5c,
    0x15, 0x27, 0xf8, 0xec, 0xef, 0x07, 0x0e, 0x92, 0xef, 0xef, 0x8b, 0xef,
    0x8b, 0xef, 0x8b, 0xef, 0x8b, 0xef, 0x12, 0xef, 0xef, 0x8b, 0xef, 0x8b,
    0xef, 0x13, 0x0c, 0xef, 0xf8, 0xec, 0x15, 0x27, 0x07, 0x13, 0x14, 0xef,
    0x06, 0x13, 0x0c, 0xef, 0x07, 0x13, 0x14, 0x27, 0x04, 0x13, 0x12, 0x27,
    0x07, 0x13, 0x22, 0xef, 0x06, 0x13, 0x12, 0xef, 0x07, 0x13, 0x22, 0x27,
    0x04, 0x13, 0x42, 0x27, 0x07, 0x13, 0x21, 0xef, 0xef, 0x06, 0x13, 0x42,
    0x27, 0x27, 0x15, 0x27, 0x06, 0x13, 0x84, 0x27, 0x07, 0x13, 0x42, 0xef,
    0x06, 0x13, 0x84, 0x27, 0x16, 0x27, 0x27, 0xef, 0x06, 0x0e, 0x8b, 0xef,
    0xef, 0xf7, 0x5c, 0x8b, 0xef, 0x8b, 0xf7, 0x5c, 0x27, 0xef, 0x8b, 0xef,
    0x12, 0xef, 0xef, 0x8b, 0xef, 0x8b, 0xf7, 0x5c, 0xfb, 0x5c, 0xef, 0xef,
    0xef, 0x13, 0x85, 0x00, 0xf7, 0x5c, 0xf9, 0xb4, 0x15, 0x13, 0x8a, 0x20,
    0x27, 0x07, 0x13, 0x91, 0x20, 0xf7, 0xc0, 0x06, 0x13, 0x85, 0x20, 0xef,
    0x07, 0x13, 0x90, 0x20, 0x27, 0x04, 0x13, 0xa0, 0x80, 0xfb, 0x5c, 0x07,
    0x13, 0x90, 0x20, 0xef, 0xf7, 0x5c, 0x06, 0x13, 0xa0, 0x80, 0x27, 0xfb,
    0x5c, 0x15, 0xfb, 0x5c, 0x06, 0x13, 0xc1, 0x00, 0x27, 0x07, 0x13, 0xa0,
    0x80, 0xf7, 0x5c, 0x06, 0x13, 0xc1, 0x00, 0xfb, 0x5c, 0x16, 0x26, 0x0a,
    0x13, 0x8a, 0x00, 0x27, 0xf8, 0x88, 0x15, 0x27, 0x27, 0xef, 0x06, 0x13,
    0x80, 0x40, 0xef, 0xfc, 0x88, 0x15, 0x27, 0xef, 0xef, 0x07, 0x0e, 0xf8,
    0x2b, 0x8b, 0xef, 0x8b, 0xef, 0x8b, 0xef, 0xef, 0xef, 0xef, 0x77, 0x9f,
    0xef, 0x12, 0xef, 0xef, 0xef, 0xf7, 0x5c, 0x27, 0xef, 0xef, 0xef, 0x8b,
    0xef, 0x13, 0x16, 0x40, 0xf7, 0x5c, 0xf9, 0x50, 0x15, 0x13, 0x1a, 0x40,
    0x27, 0xf8, 0x24, 0x07, 0x13, 0x16, 0x40, 0xef, 0x07, 0x13, 0x3a, 0x40,
    0x27, 0x04, 0x21, 0x0a, 0x27, 0xfb, 0xc0, 0x15, 0x13, 0x32, 0x80, 0x27,
    0x06, 0x13, 0x33, 0x00, 0xf7, 0x5c, 0xfb, 0x5c, 0x27, 0x07, 0x13, 0x32,
    0x80, 0xef, 0x27, 0x06, 0x13, 0x33, 0x40, 0x27, 0x27, 0xf7, 0xc0, 0x06,
    0x13, 0x5a, 0x00, 0xfc, 0x24, 0xf8, 0x24, 0x15, 0x27, 0xfc, 0x88, 0x06,
    0x13, 0x9a, 0x00, 0xef, 0x06, 0x8b, 0x04, 0x27, 0x07, 0x13, 0x92, 0x20,
    0xf8, 0x88, 0xef, 0x06, 0x8b, 0x04, 0x13, 0x52, 0x20, 0xef, 0xef, 0x27,
    0x06, 0x0e, 0xa0, 0x76, 0xf7, 0xc0, 0xef, 0xf7, 0xc0, 0x77, 0x9f, 0xef,
    0x12, 0xef, 0xef, 0xf7, 0xc0, 0xef, 0x13, 0xdc, 0xf7, 0x5c, 0xf9, 0xb4,
    0x15, 0x13, 0xec, 0x27, 0xf7, 0xc0, 0x07, 0x13, 0xdc, 0xef, 0x07, 0x13,
    0xec, 0x27, 0x04, 0x2a, 0x0a, 0x0e, 0x8b, 0xef, 0xf7, 0xc0, 0xef, 0x8b,
    0xf7, 0x5c, 0x8b, 0xef, 0x12, 0xef, 0xf8, 0x24, 0xfc, 0x24, 0xef, 0xf7,
    0xc0, 0xef, 0x13, 0xd8, 0xef, 0xf9, 0xb4, 0x15, 0xfd, 0xb4, 0xf8, 0x24,
    0xef, 0x07, 0x13, 0xd4, 0xfb, 0xc0, 0xf7, 0xc0, 0x06, 0x13, 0xd8, 0xf7,
    0xc0, 0xef, 0x06, 0x13, 0xd4, 0xfb, 0xc0, 0xf7, 0x5c, 0x06, 0x13, 0xa8,
    0xf7, 0xc0, 0x06, 0x13, 0xd8, 0xef, 0x07, 0x13, 0xa8, 0x27, 0x04, 0x13,
    0xc8, 0xfb, 0x5c, 0x07, 0x13, 0xa2, 0xef, 0xf7, 0x5c, 0x06, 0x13, 0xc8,
    0x27, 0xfb, 0xc0, 0x15, 0xfb, 0xc0, 0x07, 0x13, 0xc2, 0xef, 0xf7, 0xc0,
    0x06, 0x0e, 0x8b, 0xef, 0x8b, 0xef, 0xf8, 0x24, 0xef, 0x8b, 0xef, 0x12,
    0xef, 0xef, 0x8b, 0xf7, 0xc0, 0x8b, 0xef, 0x13, 0x14, 0xf7, 0x5c, 0xf9,
    0xb4, 0x15, 0x13, 0x18, 0x27, 0x07, 0x13, 0x24, 0xf7, 0xc0, 0x06, 0x13,
    0x14, 0xef, 0x07, 0x13, 0x24, 0x27, 0x04, 0x13, 0x22, 0x27, 0xef, 0xef,
    0x07, 0x13, 0x58, 0xfc, 0x24, 0x16, 0x27, 0xfc, 0xec, 0x06, 0x13, 0x98,
    0xef, 0x06, 0x8b, 0x04, 0x13, 0x84, 0x2b, 0x0a, 0x8b, 0x04, 0x13, 0x42,
    0xef, 0xef, 0x27, 0x06, 0x0e, 0xf7, 0xc7, 0x8b, 0xef, 0xf8, 0xec, 0x77,
    0x9f, 0xef, 0x12, 0xf7, 0x5c, 0xef, 0xf7, 0xc0, 0xef, 0x13, 0xb8, 0xef,
    0xf9, 0xb4, 0x15, 0x27, 0xef, 0xfd, 0x50, 0xf8, 0x24, 0xef, 0xfb, 0xc0,
    0xf8, 0xec, 0x07, 0x13, 0xd8, 0xf7, 0xc0, 0x06, 0x13, 0xb8, 0xef, 0x07,
    0x13, 0xd8, 0x27, 0x04, 0x20, 0x0a, 0x0e, 0x8b, 0xef, 0xf7, 0xc0, 0xef,
    0xf7, 0x5c, 0xef, 0x01, 0xef, 0xef, 0x03, 0xef, 0xf9, 0xb4, 0x15, 0x2c,
    0x0a, 0x0e, 0xa0, 0x76, 0xf8, 0x24, 0xef, 0xf7, 0x5c, 0xef, 0x01, 0xef,
    0xef, 0x03, 0xef, 0xf9, 0xb4, 0x15, 0xfd, 0xb4, 0xef, 0xf8, 0x24, 0xf7,
    0xc0, 0xef, 0xfb, 0xc0, 0xf7, 0x5c, 0xf8, 0x24, 0xef, 0x07, 0x0e, 0x8b,
    0xef, 0xf7, 0x5c, 0xef, 0xf7, 0xc0, 0x77, 0x9f, 0xef, 0x12, 0xef, 0xef,
    0xf7, 0x5c, 0xf7, 0x5c, 0x27, 0xef, 0x13, 0xda, 0xf7, 0x5c, 0xf9, 0xb4,
    0x15, 0x13, 0xea, 0x27, 0x07, 0x13, 0xda, 0xf8, 0x24, 0xef, 0x06, 0x13,
    0xe8, 0xfc, 0x24, 0x27, 0x15, 0x27, 0xfc, 0xec, 0xef, 0x06, 0x8b, 0x04,
    0x27, 0x07, 0x13, 0xca, 0xf8, 0x24, 0x06, 0x13, 0xcc, 0xf8, 0x24, 0xfb,
    0x5c, 0x27, 0x07, 0x13, 0xca, 0xef, 0xfb, 0x5c, 0x06, 0x0e, 0xa0, 0x76,
    0xf8, 0x24, 0xef, 0xf7, 0xc0, 0x77, 0x01, 0xef, 0xef, 0xf7, 0xc0, 0xef,
    0x03, 0xef, 0xf9, 0xb4, 0x15, 0xfd, 0xb4, 0xef, 0xf8, 0x24, 0xf7, 0xc0,
    0xfc, 0x24, 0xef, 0xf9, 0xb4, 0x27, 0xfb, 0xc0, 0xfb, 0xc0, 0xf7, 0xc0,
    0x07, 0x0e, 0x92, 0x8b, 0xef, 0xf8, 0xec, 0xef, 0x01, 0xef, 0xf7, 0xc0,
    0x03, 0xef, 0xf9, 0xb4, 0x15, 0x27, 0xef, 0xfc, 0xec, 0x27, 0x27, 0xf7,
    0xc0, 0xef, 0x27, 0xf8, 0xec, 0xef, 0xef, 0x07, 0x0e, 0xf6, 0x8b, 0xef,
    0xf8, 0xec, 0xef, 0x12, 0xef, 0xf7, 0x5c, 0x8b, 0xef, 0x13, 0xe0, 0xef,
    0xf9, 0xb4, 0x15, 0x27, 0x07, 0x13, 0xd0, 0xf7, 0x5c, 0x06, 0x13, 0xe0,
    0xfc, 0xec, 0x07, 0x13, 0xd0, 0xef, 0xf8, 0xec, 0xef, 0xef, 0x06, 0x13,
    0xe0, 0xfb, 0x5c, 0xfd, 0x50, 0x15, 0x29, 0x0a, 0x0e, 0x8b, 0xef, 0xf7,
    0xc0, 0xf7, 0x5c, 0xfb, 0x5c, 0xef, 0xef, 0xef, 0x8b, 0xef, 0x12, 0xef,
    0xef, 0xef, 0xef, 0x8b, 0xef, 0x8b, 0xef, 0x13, 0xad, 0x00, 0xef, 0xf9,
    0xb4, 0x15, 0xfd, 0xb4, 0xef, 0xf8, 0x24, 0x07, 0x13, 0xc5, 0x00, 0xf7,
    0x5c, 0x06, 0x13, 0xc6, 0x00, 0xf7, 0x5c, 0x27, 0x07, 0x13, 0xae, 0x00,
    0x27, 0x27, 0xf7, 0xc0, 0x07, 0x13, 0xc6, 0x00, 0xf7, 0x5c, 0xfb, 0x5c,
    0x15, 0x13, 0x95, 0x00, 0xef, 0xef, 0x27, 0x06, 0xef, 0x16, 0x13, 0x8c,
    0x80, 0xef, 0xef, 0x27, 0x06, 0x13, 0xc5, 0x00, 0x27, 0xfc, 0x24, 0x15,
    0xfb, 0xc0, 0xef, 0x07, 0x13, 0xa5, 0x00, 0xf7, 0xc0, 0x07, 0xfb, 0xc0,
    0x04, 0x13, 0x84, 0x80, 0x27, 0xef, 0xef, 0x07, 0x0e, 0xf6, 0x8b, 0xef,
    0xf9, 0x50, 0x77, 0x01, 0xef, 0xef, 0x03, 0xef, 0xf9, 0xb4, 0x15, 0xfd,
    0xb4, 0xf8, 0x24, 0xef, 0xfb, 0xc0, 0xf9, 0x50, 0x07, 0x0e, 0xf7, 0xc7,
    0xa0, 0x76, 0xf8, 0x88, 0xef, 0x8b, 0xef, 0xef, 0x77, 0x12, 0xef, 0xf7,
    0x5c, 0xfb, 0x5c, 0xef, 0xef, 0xf7, 0x5c, 0x8b, 0xf7, 0x5c, 0x27, 0xef,
    0x13, 0xb4, 0x00, 0xef, 0xf9, 0xb4, 0x15, 0xfd, 0xb4, 0xef, 0xf8, 0xec,
    0x07, 0x13, 0xd8, 0x00, 0xef, 0x06, 0x13, 0xb8, 0x00, 0xef, 0x07, 0x13,
    0xb4, 0x00, 0x27, 0xef, 0x06, 0x13, 0xd8, 0x00, 0xef, 0xfb, 0x5c, 0x15,
    0x13, 0xd2, 0x00, 0x2d, 0x0a, 0x8b, 0x04, 0x13, 0xb0, 0x80, 0xef, 0xfc,
    0xec, 0xef, 0xf9, 0xb4, 0x27, 0x27, 0x06, 0x13, 0xb1, 0x00, 0x27, 0x06,
    0x0e, 0xa0, 0x76, 0xf8, 0x88, 0xef, 0xf7, 0x5c, 0x77, 0x12, 0xef, 0xf7,
    0x5c, 0xfb, 0x5c, 0xef, 0xef, 0xef, 0x8b, 0xf7, 0x5c, 0x27, 0xef, 0x13,
    0xe8, 0xef, 0xf9, 0xb4, 0x15, 0xfd, 0xb4, 0xef, 0xf8, 0xec, 0x07, 0x13,
    0xf0, 0xef, 0xef, 0x06, 0x13, 0xe8, 0x27, 0xef, 0x06, 0x13, 0xf0, 0xef,
    0xfb, 0x5c, 0x15, 0x13, 0xe4, 0x27, 0xef, 0xef, 0x07, 0x27, 0x04, 0x13,
    0xe2, 0x27, 0x07, 0x13, 0xe5, 0x2e, 0x0a, 0x0e, 0x8b, 0xef, 0xf8, 0xec,
    0x77, 0x9f, 0xef, 0x12, 0xef, 0xef, 0x8b, 0xf7, 0xc0, 0x8b, 0xef, 0x13,
    0xa8, 0xf7, 0x5c, 0xf9, 0xb4, 0x15, 0x13, 0xd0, 0x27, 0x07, 0x13, 0xc8,
    0xf7, 0xc0, 0x06, 0x13, 0xa8, 0xef, 0x07, 0x13, 0xc8, 0x27, 0x04, 0xfc,
    0xec, 0x07, 0x13, 0xc4, 0xef, 0xf8, 0xec, 0x06, 0x13, 0x88, 0x27, 0xfc,
    0xec, 0x15, 0x13, 0x90, 0xfb, 0xc0, 0x06, 0x13, 0x88, 0x27, 0xf7, 0xc0,
    0x07, 0x13, 0xd0, 0xfb, 0xc0, 0xef, 0x15, 0x27, 0x0a, 0x0e, 0xa0, 0x76,
    0xf8, 0x24, 0xef, 0x8b, 0xf7, 0x5c, 0x8b, 0xef, 0x12, 0xef, 0xef, 0xf7,
    0xc0, 0xef, 0x13, 0xdc, 0xef, 0xf9, 0xb4, 0x15, 0xfd, 0xb4, 0xef, 0xf8,
    0x24, 0xf7, 0xc0, 0xef, 0xfb, 0xc0, 0xf7, 0x5c, 0x07, 0x13, 0xac, 0xf7,
    0xc0, 0x06, 0x13, 0xdc, 0xef, 0x07, 0x13, 0xac, 0x27, 0x04, 0x13, 0xcc,
    0xfb, 0x5c, 0x07, 0x13, 0xac, 0xef, 0xf7, 0x5c, 0x06, 0x0e, 0x8b, 0xef,
    0x8b, 0xef, 0x8b, 0xef, 0xf8, 0x24, 0x77, 0x9f, 0xef, 0x12, 0xef, 0xef,
    0x8b, 0xf7, 0x5c, 0x27, 0xef, 0x8b, 0xef, 0x8b, 0xef, 0x13, 0x0a, 0x00,
    0xf7, 0x5c, 0xf9, 0xb4, 0x15, 0x13, 0x14, 0x40, 0x27, 0xf7, 0xc0, 0x07,
    0x13, 0x0a, 0x40, 0xef, 0x07, 0x13, 0x50, 0x40, 0x27, 0x04, 0x13, 0x40,
    0x80, 0xfc, 0x88, 0x07, 0x13, 0x30, 0x40, 0xef, 0xf8, 0x88, 0x06, 0x13,
    0x40, 0x80, 0x27, 0xfc, 0x88, 0x15, 0x13, 0x41, 0x00, 0x27, 0x06, 0x13,
    0x82, 0x00, 0x27, 0x07, 0x13, 0x80, 0x80, 0xef, 0x06, 0x8b, 0x04, 0x13,
    0x80, 0x40, 0x27, 0xef, 0xef, 0x07, 0x13, 0x82, 0x00, 0xfb, 0x5c, 0x16,
    0x13, 0x84, 0x00, 0xfb, 0x5c, 0x06, 0x13, 0x82, 0x00, 0x27, 0xf7, 0x5c,
    0x07, 0x13, 0x94, 0x00, 0xfb, 0x5c, 0xef, 0x15, 0xf8, 0xec, 0x27, 0x07,
    0x13, 0x44, 0x00, 0xfc, 0xec, 0x07, 0x13, 0x41, 0x00, 0xf7, 0xc0, 0xef,
    0x15, 0x13, 0x21, 0x00, 0xef, 0x27, 0x27, 0x07, 0x0e, 0x8b, 0xf7, 0x5c,
    0xf7, 0x5c, 0xef, 0x8b, 0xf7, 0x5c, 0x8b, 0xef, 0x12, 0xef, 0xef, 0xf7,
    0x5c, 0xef, 0x8b, 0xef, 0x13, 0xdc, 0xef, 0xf9, 0xb4, 0x15, 0xfd, 0xb4,
    0xef, 0xf8, 0x24, 0xf7, 0x5c, 0xfb, 0x5c, 0xef, 0x07, 0x13, 0xaa, 0xf7,
    0xc0, 0x07, 0x13, 0xda, 0xfb, 0xc0, 0xf7, 0x5c, 0x06, 0x13, 0xaa, 0xf7,
    0xc0, 0x06, 0x13, 0xda, 0xef, 0x07, 0x13, 0xaa, 0x27, 0x04, 0x2f, 0x0a,
    0x13, 0x8c, 0x27, 0xfc, 0x88, 0x15, 0x13, 0x8a, 0x2f, 0x0a, 0x0e, 0x8b,
    0xef, 0x8b, 0xef, 0xf7, 0x5c, 0xef, 0x8b, 0xf7, 0x5c, 0x27, 0xef, 0x8b,
    0xef, 0x12, 0xef, 0xef, 0x8b, 0xf7, 0xc0, 0x8b, 0xef, 0x13, 0x05, 0x00,
    0xf7, 0x5c, 0xf9, 0xb4, 0x15, 0x13, 0x12, 0x00, 0x27, 0x07, 0x13, 0x09,
    0x00, 0xf7, 0xc0, 0x06, 0x13, 0x05, 0x00, 0xef, 0x07, 0x13, 0x09, 0x00,
    0x27, 0x04, 0x13, 0x08, 0x80, 0x27, 0xef, 0xef, 0x07, 0x13, 0x12, 0x00,
    0xfc, 0x24, 0x16, 0x27, 0xfb, 0x5c, 0x06, 0x13, 0x22, 0x00, 0xef, 0x06,
    0x8b, 0x04, 0x13, 0x21, 0x00, 0x2b, 0x0a, 0x27, 0x04, 0x13, 0x81, 0x00,
    0xfb, 0xc0, 0x07, 0x13, 0x60, 0x80, 0xef, 0xf7, 0xc0, 0x06, 0x13, 0x81,
    0x00, 0x27, 0xfb, 0xc0, 0x15, 0x13, 0x82, 0x00, 0xfb, 0xc0, 0x06, 0x13,
    0x81, 0x00, 0x27, 0xf7, 0xc0, 0x07, 0x13, 0x82, 0x00, 0xfb, 0xc0, 0xef,
    0x15, 0x13, 0x42, 0x00, 0xef, 0x27, 0x27, 0x07, 0x0e, 0xa0, 0x76, 0xf9,
    0x50, 0xef, 0x01, 0xf7, 0xc0, 0xef, 0x03, 0xef, 0xf9, 0xb4, 0x15, 0x27,
    0xf7, 0x5c, 0xfd, 0x50, 0xef, 0xf9, 0x50, 0xf7, 0x5c, 0xef, 0x07, 0x0e,
    0x8b, 0xef, 0xf9, 0x50, 0x77, 0x01, 0xef, 0xef, 0xf7, 0xc0, 0xef, 0x03,
    0xef, 0xf9, 0xb4, 0x15, 0x30, 0x0a, 0xfd, 0x50, 0x04, 0x2b, 0x0a, 0x8b,
    0x04, 0xef, 0xf9, 0x50, 0x27, 0x06, 0x0e, 0x8b, 0xef, 0x8b, 0xf7, 0x5c,
    0xf8, 0x88, 0x77, 0x12, 0xef, 0xef, 0x8b, 0xef, 0x8b, 0xef, 0x8b, 0xef,
    0x8b, 0xef, 0x13, 0x70, 0xef, 0xf9, 0xb4, 0x15, 0x31, 0x0a, 0xfc, 0x88,
    0x04, 0x13, 0x68, 0xfb, 0x5c, 0x07, 0x13, 0xa8, 0xef, 0x06, 0x13, 0x68,
    0xf7, 0x5c, 0x07, 0x13, 0xa8, 0xfb, 0x5c, 0x04, 0x13, 0xa4, 0x27, 0xef,
    0xef, 0x07, 0x8b, 0x04, 0x13, 0x62, 0x23, 0x0a, 0xef, 0x16, 0x13, 0x61,
    0xef, 0xf8, 0x88, 0x27, 0x06, 0x0e, 0xf8, 0x2b, 0x8b, 0xef, 0x8b, 0xef,
    0xf8, 0xec, 0x77, 0x12, 0xef, 0xef, 0x8b, 0xef, 0x8b, 0xef, 0x8b, 0xef,
    0x8b, 0xef, 0x8b, 0xef, 0x8b, 0xef, 0x13, 0x70, 0x00, 0xef, 0xf9, 0xb4,
    0x15, 0xfd, 0x50, 0x07, 0x13, 0xb0, 0x00, 0xef, 0xf9, 0x50, 0x06, 0xfd,
    0x50, 0x04, 0x13, 0xa8, 0x00, 0x27, 0xef, 0xef, 0x07, 0x8b, 0x04, 0x13,
    0x64, 0x00, 0xef, 0xef, 0x27, 0x06, 0xef, 0x16, 0x13, 0x62, 0x00, 0x32,
    0x0a, 0xef, 0xfb, 0xc0, 0x15, 0x13, 0x61, 0x00, 0x27, 0x07, 0x13, 0xa1,
    0x00, 0xef, 0x06, 0x13, 0x61, 0x00, 0xef, 0x07, 0x13, 0xa1, 0x00, 0x27,
    0x04, 0x13, 0xa0, 0x80, 0x27, 0xef, 0xef, 0x07, 0x8b, 0x04, 0x13, 0x60,
    0x40, 0xef, 0xf9, 0x50, 0x27, 0x06, 0x0e, 0x8b, 0xf7, 0x5c, 0x8b, 0xef,
    0x8b, 0xf7, 0x5c, 0x8b, 0xef, 0x8b, 0xf7, 0x5c, 0x12, 0xef, 0xef, 0x8b,
    0xef, 0x8b, 0xef, 0x8b, 0xef, 0x8b, 0xef, 0x13, 0x0c, 0x00, 0xef, 0xf9,
    0xb4, 0x15, 0xfb, 0x5c, 0x07, 0x13, 0x14, 0x00, 0xef, 0x06, 0x13, 0x0c,
    0x00, 0xf7, 0x5c, 0x07, 0x13, 0x14, 0x00, 0xfb, 0x5c, 0x04, 0x13, 0x12,
    0x00, 0x27, 0x07, 0x13, 0x22, 0x00, 0xef, 0x06, 0x13, 0x12, 0x00, 0xef,
    0x07, 0x13, 0x22, 0x00, 0x27, 0x04, 0x13, 0x42, 0x00, 0xfb, 0x5c, 0x07,
    0x13, 0x41, 0x00, 0xef, 0x06, 0x13, 0x21, 0x00, 0xf7, 0x5c, 0x07, 0x8b,
    0x04, 0x13, 0x10, 0x80, 0xef, 0xef, 0x27, 0x06, 0xef, 0x16, 0x13, 0x08,
    0x40, 0x23, 0x0a, 0x13, 0x41, 0x00, 0x27, 0xfc, 0x88, 0x15, 0x13, 0x40,
    0x80, 0x27, 0x07, 0x13, 0x80, 0x80, 0xef, 0x06, 0x13, 0x40, 0x80, 0xef,
    0x07, 0x13, 0x80, 0x80, 0x27, 0x04, 0x13, 0x80, 0x40, 0x2f, 0x0a, 0x13,
    0x42, 0x00, 0xfb, 0xc0, 0xef, 0x15, 0x27, 0x06, 0x13, 0x84, 0x00, 0x27,
    0x07, 0x13, 0x42, 0x00, 0xef, 0x06, 0x13, 0x84, 0x00, 0x27, 0x16, 0x26,
    0x0a, 0x0e, 0xa0, 0x76, 0xf8, 0x24, 0xef, 0x8b, 0xf7, 0xc0, 0x12, 0xef,
    0xef, 0x8b, 0xef, 0x8b, 0xef, 0x8b, 0xef, 0x8b, 0xef, 0x13, 0xb0, 0xef,
    0xf9, 0xb4, 0x15, 0xfb, 0xc0, 0x07, 0x13, 0xd0, 0xef, 0x06, 0x13, 0xb0,
    0xf7, 0xc0, 0x07, 0x13, 0xd0, 0xfb, 0xc0, 0x04, 0x13, 0xc8, 0x27, 0xef,
    0xef, 0x07, 0x27, 0x04, 0x13, 0xc4, 0x28, 0x0a, 0x8b, 0x04, 0x13, 0xc2,
    0xef, 0xef, 0x27, 0x06, 0xef, 0x16, 0x13, 0xa1, 0x32, 0x0a, 0x0e, 0x8b,
    0xef, 0xf7, 0x5c, 0xef, 0x8b, 0xef, 0x8b, 0xef, 0x8b, 0xf7, 0x5c, 0x27,
    0xef, 0x12, 0xef, 0xef, 0x8b, 0xef, 0x8b, 0xef, 0x8b, 0xef, 0x8b, 0xef,
    0x13, 0x96, 0x20, 0xef, 0xf9, 0xb4, 0x15, 0x27, 0xf8, 0x24, 0x07, 0x13,
    0x90, 0x40, 0x27, 0x07, 0x13, 0x8a, 0x20, 0xef, 0xf7, 0x5c, 0x06, 0x13,
    0x90, 0x40, 0x27, 0xfb, 0x5c, 0x15, 0x27, 0x06, 0x13, 0xa0, 0x80, 0x27,
    0x07, 0x13, 0x90, 0x40, 0xef, 0x06, 0x13, 0xa0, 0x80, 0x27, 0x16, 0x27,
    0x06, 0x13, 0xc1, 0x00, 0x27, 0x07, 0x13, 0xa0, 0x80, 0xef, 0x06, 0x13,
    0xc1, 0x00, 0x27, 0x16, 0x27, 0x06, 0x13, 0xc2, 0x00, 0x27, 0x07, 0x13,
    0xc1, 0x00, 0xef, 0x06, 0x13, 0xc2, 0x20, 0x27, 0x16, 0x27, 0xfb, 0xc0,
    0xf8, 0x88, 0xef, 0xfc, 0x24, 0x06, 0x0e, 0x2e, 0x27, 0xef, 0xf9, 0xb4,
    0xef, 0x12, 0xef, 0xf7, 0x5c, 0xfb, 0x5c, 0xef, 0x13, 0xe0, 0xef, 0xfa,
    0x18, 0x15, 0xfe, 0x7c, 0xf7, 0x5c, 0xef, 0x07, 0x13, 0xd0, 0x27, 0xf9,
    0xb4, 0x06, 0x13, 0xe0, 0xef, 0xef, 0x06, 0x0e, 0x27, 0xf7, 0x5c, 0x8b,
    0xf7, 0x5c, 0x8b, 0xf7, 0x5c, 0x8b, 0xf7, 0x5c, 0x8b, 0xf7, 0x5c, 0x12,
    0xef, 0xef, 0x8b, 0xef, 0x8b, 0xef, 0x8b, 0xef, 0x8b, 0xef, 0x13, 0x0c,
    0x00, 0xef, 0xfa, 0x18, 0x15, 0xfb, 0x5c, 0x07, 0x13, 0x14, 0x00, 0xef,
    0x06, 0x13, 0x0c, 0x00, 0xf7, 0x5c, 0x07, 0x13, 0x14, 0x00, 0xfb, 0x5c,
    0x04, 0x13, 0x12, 0x00, 0xfb, 0x5c, 0x07, 0x13, 0x22, 0x00, 0xef, 0x06,
    0x13, 0x12, 0x00, 0xf7, 0x5c, 0x07, 0x13, 0x22, 0x00, 0xfb, 0x5c, 0x04,
    0x13, 0x21, 0x00, 0xfb, 0x5c, 0x07, 0x13, 0x41, 0x00, 0xef, 0x06, 0x13,
    0x21, 0x00, 0xf7, 0x5c, 0x07, 0x13, 0x41, 0x00, 0xfb, 0x5c, 0x04, 0x13,
    0x40, 0x80, 0xfb, 0x5c, 0x07, 0x13, 0x80, 0x80, 0xef, 0x06, 0x13, 0x40,
    0x80, 0xf7, 0x5c, 0x07, 0x13, 0x80, 0x80, 0xfb, 0x5c, 0x04, 0x13, 0x80,
    0x40, 0x2f, 0x0a, 0x0e, 0x2e, 0x27, 0xef, 0xf9, 0xb4, 0xef, 0x12, 0xef,
    0xf7, 0x5c, 0x27, 0xef, 0x13, 0xe0, 0xef, 0xfa, 0x18, 0x15, 0x27, 0x07,
    0x13, 0xd0, 0xef, 0xfd, 0xb4, 0x06, 0x13, 0xe0, 0x27, 0x27, 0xf7, 0x5c,
    0xfa, 0x7c, 0x06, 0x0e, 0xf6, 0xf9, 0x50, 0xef, 0x8b, 0xef, 0x12, 0xef,
    0xef, 0x8b, 0xf7, 0x5c, 0x8b, 0xef, 0x13, 0x50, 0xf7, 0x5c, 0xfa, 0x18,
    0x15, 0x13, 0xa0, 0x27, 0x07, 0x13, 0x90, 0xf7, 0x5c, 0x06, 0x13, 0x50,
    0xef, 0x07, 0x13, 0x90, 0x27, 0x04, 0x13, 0x88, 0x27, 0xef, 0xef, 0x07,
    0x13, 0xa0, 0xfb, 0xc0, 0x16, 0x27, 0x27, 0xef, 0x06, 0x0e, 0xf7, 0xc7,
    0x27, 0xef, 0x01, 0xef, 0x16, 0x27, 0xf8, 0xec, 0xef, 0x07, 0x0e, 0x2e,
    0xf9, 0x50, 0xef, 0x8b, 0xef, 0x12, 0xef, 0xef, 0x8b, 0xef, 0x13, 0x60,
    0xef, 0xfa, 0x18, 0x15, 0x27, 0x07, 0x13, 0xa0, 0xef, 0x06, 0x13, 0x60,
    0xef, 0x07, 0x13, 0xa0, 0x27, 0x04, 0x13, 0x90, 0x27, 0xef, 0xef, 0x07,
    0x0e, 0x8b, 0xef, 0x8b, 0xf7, 0x5c, 0x8b, 0xef, 0xef, 0xef, 0x12, 0xef,
    0xef, 0xf7, 0xc0, 0xef, 0x13, 0x1c, 0xf7, 0x5c, 0xf8, 0xec, 0x15, 0x2b,
    0x0a, 0x27, 0x04, 0x13, 0x3c, 0x27, 0xfb, 0xc0, 0x07, 0x13, 0x5c, 0x27,
    0x07, 0x13, 0xbc, 0x33, 0x0a, 0xfc, 0x24, 0xfc, 0x24, 0x15, 0x13, 0x5c,
    0x22, 0x0a, 0x0e, 0x8b, 0xef, 0xf8, 0x24, 0xef, 0xf7, 0x5c, 0x77, 0x01,
    0xef, 0xef, 0xf7, 0xc0, 0xef, 0x03, 0xef, 0xf9, 0xb4, 0x15, 0xfd, 0xb4,
    0xf8, 0x24, 0xef, 0xfb, 0xc0, 0xf8, 0x24, 0xf7, 0xc0, 0xef, 0xfb, 0xc0,
    0xf7, 0x5c, 0x07, 0xf7, 0xc0, 0xfb, 0xc0, 0x15, 0x28, 0x0a, 0x0e, 0x8b,
    0xef, 0xf7, 0xc0, 0xef, 0x8b, 0xef, 0x12, 0xef, 0xef, 0xf7, 0xc0, 0xef,
    0x13, 0xb8, 0xf7, 0x5c, 0xf8, 0xec, 0x15, 0x27, 0x07, 0x13, 0xd8, 0xf7,
    0xc0, 0x06, 0x13, 0xb8, 0xef, 0x07, 0x13, 0xd8, 0x27, 0x04, 0x27, 0xef,
    0xef, 0x07, 0x13, 0xb8, 0xfc, 0x24, 0x16, 0x27, 0xfc, 0x24, 0xef, 0x06,
    0x8b, 0x04, 0x25, 0x0a, 0x0e, 0x8b, 0xef, 0xf8, 0x24, 0xef, 0xf7, 0x5c,
    0x77, 0x01, 0xef, 0xef, 0xf7, 0xc0, 0xef, 0x03, 0xf8, 0x88, 0xf9, 0xb4,
    0x15, 0xfb, 0x5c, 0xfb, 0xc0, 0x27, 0xf7, 0xc0, 0xfc, 0x24, 0xfb, 0xc0,
    0x27, 0xf8, 0x24, 0xf9, 0xb4, 0x07, 0xfc, 0x24, 0xfd, 0x50, 0x15, 0x34,
    0x0a, 0x0e, 0x8b, 0xef, 0xf7, 0x5c, 0xf7, 0x5c, 0xfb, 0x5c, 0xef, 0xef,
    0xef, 0x12, 0xef, 0xef, 0xf7, 0xc0, 0xef, 0x13, 0x9c, 0xf7, 0x5c, 0xf8,
    0xec, 0x15, 0x27, 0x07, 0x13, 0xcc, 0xf7, 0xc0, 0x06, 0x13, 0x9c, 0xef,
    0x07, 0x13, 0xcc, 0x27, 0x04, 0x13, 0xbc, 0x35, 0x0a, 0x13, 0xcc, 0xf8,
    0x24, 0xf7, 0x5c, 0x06, 0xfc, 0x24, 0xfc, 0x24, 0x15, 0x25, 0x0a, 0x0e,
    0xa0, 0x76, 0xf8, 0x24, 0xef, 0xf7, 0x5c, 0x77, 0x9f, 0xef, 0x12, 0xf7,
    0x5c, 0xef, 0x13, 0xd8, 0xf7, 0xc0, 0xf9, 0xb4, 0x15, 0x13, 0xe8, 0x27,
    0x07, 0x13, 0xd8, 0xf7, 0xc0, 0xef, 0x06, 0x13, 0xe8, 0xfb, 0xc0, 0x27,
    0x15, 0x27, 0xfb, 0x5c, 0x27, 0x27, 0xef, 0xfc, 0x24, 0xef, 0xf8, 0x24,
    0xf7, 0x5c, 0xef, 0xfb, 0x5c, 0x06, 0x0e, 0xfb, 0x5c, 0xef, 0xf7, 0x5c,
    0xef, 0xf7, 0xc0, 0xef, 0x01, 0xef, 0xef, 0xf7, 0xc0, 0xef, 0x03, 0xf7,
    0x5c, 0xf8, 0xec, 0x15, 0x27, 0xf7, 0xc0, 0xfb, 0xc0, 0xfb, 0xc0, 0x27,
    0xf7, 0xc0, 0xfb, 0x5c, 0xef, 0xf9, 0x50, 0x07, 0x27, 0xfd, 0x50, 0x15,
    0xfb, 0xc0, 0x27, 0xf7, 0xc0, 0x06, 0xfb, 0xc0, 0xf8, 0x24, 0x15, 0x24,
    0x0a, 0x0e, 0xa0, 0x76, 0xf8, 0x24, 0xef, 0x8b, 0xef, 0xf7, 0x5c, 0x77,
    0x12, 0xef, 0xf7, 0x5c, 0xfb, 0x5c, 0xef, 0xef, 0xf7, 0x5c, 0x8b, 0xef,
    0x13, 0xd4, 0xef, 0xf9, 0xb4, 0x15, 0xfd, 0xb4, 0xef, 0xf8, 0x24, 0x07,
    0x13, 0xd8, 0xef, 0xef, 0x06, 0x13, 0xd4, 0x27, 0xf7, 0xc0, 0x06, 0x13,
    0xd8, 0xef, 0xfb, 0xc0, 0x15, 0x13, 0xb2, 0x36, 0x0a, 0xf7, 0x5c, 0x27,
    0x15, 0x13, 0xb1, 0x31, 0x0a, 0x0e, 0x92, 0x8b, 0xef, 0xf8, 0x24, 0xef,
    0xef, 0xef, 0x12, 0xef, 0xf7, 0x5c, 0x27, 0xef, 0x13, 0xe8, 0xf7, 0x5c,
    0xf9, 0xb4, 0x15, 0x27, 0xef, 0xef, 0x07, 0x13, 0xf0, 0xfb, 0x5c, 0xfb,
    0x5c, 0x15, 0x27, 0x07, 0x13, 0xe8, 0xef, 0xfc, 0x24, 0x06, 0x13, 0xf0,
    0x37, 0x0a, 0x13, 0xe8, 0x27, 0x06, 0x13, 0xf0, 0xf8, 0x88, 0x07, 0x0e,
    0x92, 0xfb, 0x5c, 0xef, 0xf8, 0xec, 0xef, 0x01, 0xef, 0xef, 0x03, 0xef,
    0xf8, 0xec, 0x15, 0x27, 0xef, 0xfc, 0xec, 0xef, 0xf8, 0xec, 0xef, 0xef,
    0x07, 0xfb, 0x5c, 0xfd, 0x50, 0x15, 0x27, 0x27, 0xef, 0x06, 0x0e, 0x8b,
    0xef, 0x8b, 0xef, 0x8b, 0xf7, 0x5c, 0xfb, 0x5c, 0xef, 0xef, 0xef, 0x8b,
    0xef, 0xef, 0x77, 0x12, 0xef, 0xef, 0xef, 0xef, 0x8b, 0xef, 0x8b, 0xef,
    0x13, 0x93, 0x40, 0xef, 0xf9, 0x50, 0x15, 0xfd, 0x50, 0xef, 0xf7, 0x5c,
    0x07, 0x13, 0x43, 0x40, 0xf7, 0x5c, 0x06, 0x13, 0x13, 0x80, 0x8b, 0xef,
    0x05, 0x13, 0x23, 0x80, 0xef, 0x27, 0x07, 0x13, 0x93, 0x80, 0x27, 0x27,
    0xf8, 0x24, 0x07, 0x13, 0x23, 0x80, 0xf7, 0x5c, 0xfb, 0xc0, 0x15, 0x13,
    0x0b, 0x40, 0xef, 0xef, 0x27, 0x06, 0xef, 0x16, 0x13, 0x07, 0x20, 0xef,
    0xef, 0x27, 0x06, 0x13, 0x43, 0x40, 0x27, 0xfc, 0x24, 0x15, 0x27, 0x07,
    0x13, 0x83, 0x40, 0xef, 0x06, 0x13, 0x43, 0x40, 0xef, 0x07, 0x13, 0x83,
    0x40, 0x27, 0x04, 0x13, 0x83, 0x20, 0x27, 0xef, 0xef, 0x07, 0x0e, 0x92,
    0x8b, 0xef, 0xf8, 0xec, 0x77, 0x12, 0xef, 0xef, 0x8b, 0xf7, 0x5c, 0x13,
    0xe0, 0xef, 0xf9, 0x50, 0x15, 0x20, 0x0a, 0xfc, 0xec, 0x04, 0x13, 0xd0,
    0x2d, 0x0a, 0x0e, 0xf8, 0x2b, 0xa0, 0x76, 0xf8, 0x88, 0xef, 0x12, 0xef,
    0xef, 0x8b, 0xf7, 0x5c, 0x8b, 0xef, 0x8b, 0xf7, 0x5c, 0x8b, 0xef, 0x13,
    0xd0, 0xf7, 0x5c, 0xf8, 0xec, 0x15, 0x13, 0xe0, 0x27, 0x07, 0x13, 0xd0,
    0xf7, 0x5c, 0xef, 0x06, 0x27, 0x04, 0x13, 0xc8, 0x31, 0x0a, 0x8b, 0x04,
    0x13, 0xc4, 0x36, 0x0a, 0xf7, 0x5c, 0x27, 0x15, 0x13, 0xc2, 0x31, 0x0a,
    0x13, 0xe0, 0xfc, 0xec, 0x16, 0x27, 0xfc, 0x88, 0xef, 0x06, 0x0e, 0xa0,
    0x76, 0xf8, 0x24, 0xef, 0x8b, 0xef, 0x12, 0xef, 0xf7, 0x5c, 0xfb, 0x5c,
    0xef, 0xef, 0xf7, 0x5c, 0x8b, 0xef, 0x13, 0xa4, 0xf7, 0xc0, 0xf8, 0xec,
    0x15, 0x13, 0xd0, 0x27, 0x07, 0x13, 0xa4, 0xf7, 0x5c, 0xef, 0x06, 0x27,
    0x04, 0x13, 0xa2, 0x31, 0x0a, 0x13, 0xd0, 0xfb, 0xc0, 0x16, 0x13, 0xb0,
    0xfb, 0x5c, 0x06, 0x13, 0xc8, 0xfc, 0x88, 0xef, 0xf8, 0x24, 0x07, 0x13,
    0xd0, 0xef, 0x06, 0x0e, 0x8b, 0xef, 0xf8, 0x24, 0xef, 0x12, 0xef, 0xef,
    0x8b, 0xf7, 0xc0, 0x8b, 0xef, 0x13, 0xd0, 0xf7, 0x5c, 0xf8, 0xec, 0x15,
    0x13, 0xe0, 0x27, 0x07, 0x13, 0xd0, 0xf7, 0xc0, 0xef, 0x06, 0x27, 0x04,
    0xfc, 0x24, 0x07, 0x13, 0xc8, 0xef, 0xf8, 0x24, 0x06, 0x13, 0xd0, 0x27,
    0xfc, 0x24, 0x15, 0x13, 0xe0, 0xfb, 0xc0, 0x06, 0x13, 0xd0, 0x27, 0xf7,
    0xc0, 0x07, 0x13, 0xe0, 0xfb, 0xc0, 0xef, 0x15, 0x34, 0x0a, 0x0e, 0xfb,
    0x47, 0x76, 0xf7, 0xc0, 0xef, 0xf7, 0xc0, 0xef, 0x01, 0xef, 0xef, 0xf7,
    0xc0, 0xef, 0x03, 0xef, 0xf8, 0xec, 0x15, 0xfd, 0xb4, 0xef, 0xf7, 0xc0,
    0xf7, 0xc0, 0xef, 0xfb, 0xc0, 0xf7, 0xc0, 0xf7, 0xc0, 0xef, 0x07, 0x27,
    0x04, 0x21, 0x0a, 0x0e, 0xfb, 0x47, 0x76, 0xf7, 0xc0, 0xef, 0xf7, 0xc0,
    0xef, 0x01, 0xef, 0xef, 0xf7, 0xc0, 0xef, 0x03, 0xf7, 0x5c, 0xf8, 0xec,
    0x15, 0x27, 0xf7, 0xc0, 0xfb, 0xc0, 0xfb, 0xc0, 0x27, 0xf7, 0xc0, 0xfb,
    0xc0, 0xef, 0xf9, 0xb4, 0x07, 0xfc, 0x24, 0xfc, 0x24, 0x15, 0x24, 0x0a,
    0x0e, 0xf6, 0xa0, 0x76, 0xf8, 0x88, 0xef, 0x12, 0xef, 0xf7, 0x5c, 0xfb,
    0x5c, 0xef, 0xef, 0xf7, 0x5c, 0x13, 0xd0, 0xef, 0xf8, 0xec, 0x15, 0xfc,
    0xec, 0xef, 0xf8, 0x24, 0x07, 0x13, 0xe0, 0xef, 0xef, 0x06, 0x13, 0xd0,
    0x27, 0xef, 0x06, 0x13, 0xe0, 0xef, 0x27, 0x15, 0x13, 0xc8, 0x36, 0x0a,
    0x0e, 0x8b, 0xef, 0x8b, 0xf7, 0x5c, 0xfb, 0x5c, 0xef, 0xef, 0xef, 0x8b,
    0xef, 0x8b, 0xef, 0x12, 0xef, 0xef, 0x8b, 0xf7, 0xc0, 0x8b, 0xef, 0x13,
    0x05, 0x00, 0xf7, 0x5c, 0xf8, 0xec, 0x15, 0x13, 0x0a, 0x00, 0x27, 0x07,
    0x13, 0x05, 0x00, 0xf7, 0xc0, 0xef, 0x06, 0x13, 0x0a, 0x00, 0xfb, 0xc0,
    0x27, 0x15, 0x27, 0x27, 0x06, 0x13, 0x12, 0x00, 0xef, 0x06, 0x8b, 0x04,
    0x13, 0x11, 0x00, 0x27, 0x07, 0x13, 0x41, 0x00, 0xf7, 0xc0, 0x06, 0x13,
    0x11, 0x00, 0xef, 0x07, 0x13, 0x41, 0x00, 0x27, 0x04, 0x13, 0x81, 0x00,
    0xfb, 0x5c, 0x07, 0x13, 0x40, 0x80, 0xef, 0xf7, 0x5c, 0x06, 0x13, 0x81,
    0x00, 0x27, 0xfb, 0x5c, 0x15, 0x13, 0x82, 0x00, 0xfb, 0xc0, 0x06, 0x13,
    0x81, 0x00, 0x27, 0xf7, 0xc0, 0x07, 0x13, 0x82, 0x00, 0xfb, 0xc0, 0xef,
    0x15, 0x13, 0x22, 0x00, 0xef, 0x27, 0x27, 0x07, 0x0e, 0xf6, 0x8b, 0xef,
    0xf8, 0x24, 0xef, 0xf7, 0x5c, 0x77, 0x01, 0xef, 0xef, 0x03, 0xef, 0xf9,
    0xb4, 0x15, 0xfd, 0x50, 0xef, 0xf8, 0x24, 0xf7, 0xc0, 0xef, 0xfb, 0xc0,
    0xf7, 0x5c, 0x07, 0xfd, 0x50, 0x04, 0x2b, 0x0a, 0x0e, 0x8b, 0xef, 0x8b,
    0xef, 0xf8, 0x24, 0x77, 0x12, 0xef, 0xef, 0x8b, 0xf7, 0x5c, 0x8b, 0xf7,
    0x5c, 0x27, 0xef, 0x13, 0x70, 0xef, 0xf8, 0xec, 0x15, 0xfc, 0x88, 0x07,
    0x13, 0xb0, 0xef, 0xf8, 0x88, 0x06, 0xfc, 0x88, 0x04, 0x13, 0xa8, 0x2d,
    0x0a, 0x8b, 0x04, 0x13, 0x62, 0xef, 0x06, 0x13, 0xa2, 0x38, 0x0a, 0x13,
    0x62, 0xfc, 0x24, 0x07, 0x13, 0x64, 0x27, 0x06, 0x0e, 0x8b, 0xef, 0x8b,
    0xf7, 0x5c, 0x8b, 0xf7, 0xc0, 0x12, 0xef, 0xef, 0x8b, 0xef, 0x8b, 0xef,
    0x8b, 0xef, 0x8b, 0xef, 0x13, 0x30, 0xef, 0xf8, 0xec, 0x15, 0xfb, 0xc0,
    0x07, 0x13, 0x50, 0xef, 0x06, 0x13, 0x30, 0xf7, 0xc0, 0x07, 0x13, 0x50,
    0xfb, 0xc0, 0x04, 0x13, 0x48, 0xfb, 0x5c, 0x07, 0x13, 0x88, 0xef, 0x06,
    0x13, 0x48, 0xf7, 0x5c, 0x07, 0x13, 0x88, 0xfb, 0x5c, 0x04, 0x13, 0x84,
    0x27, 0xef, 0xef, 0x07, 0x8b, 0x04, 0x13, 0x42, 0x23, 0x0a, 0xef, 0x16,
    0x13, 0x21, 0x32, 0x0a, 0x0e, 0xf8, 0x2b, 0x8b, 0xef, 0xf8, 0x88, 0x77,
    0x12, 0xef, 0xef, 0x8b, 0xf7, 0x5c, 0x8b, 0xef, 0x8b, 0xf7, 0x5c, 0x8b,
    0xef, 0x13, 0xc2, 0xf9, 0x50, 0xf8, 0xec, 0x15, 0x13, 0xc4, 0xfc, 0x88,
    0x07, 0x13, 0xc2, 0xef, 0xf8, 0x88, 0x06, 0x13, 0xc4, 0x27, 0xfc, 0x88,
    0x15, 0x13, 0xc8, 0xfb, 0x5c, 0x06, 0x13, 0xc4, 0x27, 0xf7, 0x5c, 0x07,
    0x13, 0xc8, 0xfb, 0x5c, 0xef, 0x15, 0xf8, 0x88, 0x27, 0x07, 0x13, 0xd0,
    0xfc, 0x88, 0x07, 0x8b, 0x04, 0x13, 0xe0, 0xfb, 0x5c, 0x06, 0x13, 0xd0,
    0x27, 0xf7, 0x5c, 0x07, 0x13, 0xe0, 0xfb, 0x5c, 0xef, 0x15, 0xf8, 0x88,
    0x27, 0xfc, 0x88, 0x07, 0x0e, 0x8b, 0xef, 0x8b, 0xef, 0x8b, 0xf7, 0x5c,
    0x8b, 0xef, 0x8b, 0xef, 0x12, 0xef, 0xef, 0x8b, 0xef, 0x8b, 0xef, 0x8b,
    0xef, 0x8b, 0xef, 0x13, 0x0c, 0x00, 0xef, 0xf8, 0xec, 0x15, 0x27, 0x07,
    0x13, 0x14, 0x00, 0xef, 0x06, 0x13, 0x0c, 0x00, 0xef, 0x07, 0x13, 0x14,
    0x00, 0x27, 0x04, 0x13, 0x12, 0x00, 0x27, 0x07, 0x13, 0x22, 0x00, 0xef,
    0x06, 0x13, 0x12, 0x00, 0xef, 0x07, 0x13, 0x22, 0x00, 0x27, 0x04, 0x13,
    0x42, 0x00, 0xfb, 0x5c, 0x07, 0x13, 0x41, 0x00, 0xef, 0x06, 0x13, 0x21,
    0x00, 0xf7, 0x5c, 0x07, 0x8b, 0x04, 0x13, 0x10, 0x80, 0xef, 0xef, 0x27,
    0x06, 0xef, 0x16, 0x13, 0x08, 0x40, 0xef, 0xef, 0x27, 0x06, 0x13, 0x41,
    0x00, 0x27, 0xfc, 0x24, 0x15, 0x13, 0x40, 0x80, 0x27, 0x07, 0x13, 0x80,
    0x80, 0xef, 0x06, 0x13, 0x40, 0x80, 0xef, 0x07, 0x13, 0x80, 0x80, 0x27,
    0x04, 0x13, 0x80, 0x40, 0x27, 0xef, 0xef, 0x07, 0x13, 0x42, 0x00, 0xfb,
    0xc0, 0xef, 0x15, 0x27, 0x06, 0x13, 0x84, 0x00, 0x27, 0x07, 0x13, 0x42,
    0x00, 0xef, 0x06, 0x13, 0x84, 0x00, 0x27, 0x16, 0x27, 0x27, 0xef, 0x06,
    0x0e, 0xf6, 0x8b, 0xef, 0x8b, 0xf7, 0x5c, 0x27, 0xef, 0x8b, 0xf7, 0xc0,
    0x12, 0xef, 0xf7, 0x5c, 0xfb, 0x5c, 0xef, 0x8b, 0xf7, 0x5c, 0x27, 0xef,
    0x8b, 0xef, 0x13, 0x14, 0x00, 0xef, 0xf8, 0xec, 0x15, 0xfb, 0xc0, 0x07,
    0x13, 0x24, 0x00, 0xef, 0x06, 0x13, 0x14, 0x00, 0xf7, 0xc0, 0x07, 0x13,
    0xa4, 0x00, 0xfb, 0xc0, 0x04, 0x13, 0xa2, 0x00, 0x27, 0x07, 0x13, 0xa1,
    0x00, 0xef, 0x06, 0x13, 0x88, 0x00, 0x27, 0x07, 0x13, 0x41, 0x00, 0xef,
    0x06, 0x13, 0x42, 0x00, 0xf7, 0x5c, 0x07, 0x8b, 0x04, 0x13, 0x10, 0x80,
    0x32, 0x0a, 0x13, 0x88, 0x00, 0x27, 0xfc, 0x88, 0x15, 0x29, 0x0a, 0x0e,
    0xf6, 0x8b, 0xf7, 0x5c, 0xfb, 0x5c, 0xef, 0xef, 0xef, 0x8b, 0xef, 0x8b,
    0xf7, 0x5c, 0x27, 0xef, 0x12, 0xef, 0xef, 0x8b, 0xef, 0x8b, 0xef, 0x8b,
    0xef, 0x13, 0x16, 0x40, 0xef, 0xf8, 0xec, 0x15, 0x27, 0xf7, 0xc0, 0x07,
    0x13, 0x10, 0x80, 0x27, 0x07, 0x13, 0x0a, 0x40, 0xef, 0xf7, 0x5c, 0x06,
    0x13, 0x10, 0x80, 0x27, 0xfb, 0x5c, 0x15, 0x27, 0x06, 0x13, 0x21, 0x00,
    0x27, 0x07, 0x13, 0x10, 0x80, 0xef, 0x06, 0x13, 0x21, 0x00, 0x27, 0x16,
    0x27, 0x06, 0x13, 0x82, 0x00, 0x27, 0x07, 0x13, 0x21, 0x00, 0xef, 0x06,
    0x13, 0x82, 0x40, 0x27, 0x16, 0x27, 0xfb, 0x5c, 0x06, 0x13, 0x42, 0x40,
    0xf8, 0x24, 0xef, 0xfb, 0xc0, 0x06, 0x0e, 0xf6, 0x27, 0xef, 0x8b, 0xf7,
    0x5c, 0xfb, 0x5c, 0xef, 0xf8, 0x88, 0x77, 0x9f, 0xf7, 0x5c, 0x27, 0xef,
    0x8b, 0xef, 0x12, 0xef, 0xef, 0x8b, 0xef, 0x8b, 0xef, 0x8b, 0xef, 0x13,
    0x02, 0x40, 0xf7, 0xc0, 0xfa, 0x18, 0x15, 0x13, 0x08, 0x80, 0x27, 0x07,
    0x13, 0x04, 0x40, 0xef, 0x06, 0x13, 0x02, 0x40, 0xef, 0x07, 0x13, 0x04,
    0x40, 0x27, 0x04, 0x13, 0x04, 0x20, 0x27, 0xef, 0xef, 0x07, 0x13, 0x08,
    0x80, 0xfb, 0x5c, 0x16, 0x27, 0x06, 0x13, 0x11, 0x00, 0xfb, 0x5c, 0x07,
    0x13, 0x08, 0x80, 0xef, 0x06, 0x13, 0x51, 0x00, 0x27, 0x16, 0x27, 0xfc,
    0x24, 0xef, 0x06, 0x8b, 0x04, 0x13, 0x40, 0x80, 0xfb, 0x5c, 0x07, 0x13,
    0x80, 0x80, 0xef, 0x06, 0x13, 0x40, 0x80, 0xf7, 0x5c, 0x07, 0x13, 0x80,
    0x80, 0xfb, 0x5c, 0x04, 0x13, 0x80, 0x40, 0x27, 0xef, 0xef, 0x07, 0x8b,
    0x04, 0x13, 0x20, 0x20, 0xef, 0xef, 0x27, 0x06, 0x0e, 0xfb, 0x55, 0xef,
    0xef, 0x03, 0xef, 0xfa, 0x18, 0x15, 0xfe, 0x7c, 0xef, 0xfa, 0x7c, 0x07,
    0x0e, 0xf6, 0x27, 0xef, 0x8b, 0xf7, 0x5c, 0xfb, 0x5c, 0xef, 0xf8, 0x88,
    0x77, 0x9f, 0xf7, 0x5c, 0x27, 0xef, 0x8b, 0xef, 0x12, 0xef, 0xef, 0x8b,
    0xef, 0x8b, 0xef, 0x8b, 0xef, 0x13, 0x02, 0x80, 0xf7, 0x5c, 0xfa, 0x18,
    0x15, 0x13, 0x05, 0x00, 0x27, 0x07, 0x13, 0x08, 0x80, 0xef, 0x06, 0x13,
    0x02, 0x80, 0xef, 0x07, 0x13, 0x08, 0x80, 0x27, 0x04, 0x13, 0x08, 0x40,
    0xfb, 0x5c, 0x07, 0x13, 0x10, 0x40, 0xef, 0x06, 0x13, 0x08, 0x40, 0xf7,
    0x5c, 0x07, 0x13, 0x50, 0x40, 0xfb, 0x5c, 0x04, 0xfc, 0x24, 0x07, 0x13,
    0x50, 0x20, 0xef, 0xf8, 0x24, 0x06, 0x13, 0x40, 0x40, 0x27, 0xfc, 0x24,
    0x15, 0x27, 0x06, 0x13, 0x80, 0x80, 0xfb, 0x5c, 0x07, 0x13, 0x40, 0x40,
    0xef, 0x06, 0x13, 0x80, 0x80, 0x27, 0x16, 0x13, 0x81, 0x00, 0x27, 0x06,
    0x13, 0x80, 0x80, 0x27, 0xef, 0x07, 0x13, 0x81, 0x00, 0x27, 0xef, 0x15,
    0x13, 0x21, 0x00, 0xef, 0x27, 0x27, 0x07, 0x13, 0x05, 0x00, 0xef, 0xf9,
    0xb4, 0x15, 0x27, 0x27, 0xef, 0x06, 0x0e, 0xf7, 0xc7, 0xf7, 0xc0, 0xef,
    0x8b, 0xef, 0x12, 0xef, 0xef, 0x8b, 0xf7, 0x5c, 0x8b, 0xf7, 0x5c, 0x8b,
    0xef, 0x13, 0x50, 0xf7, 0x5c, 0xf8, 0x88, 0x15, 0x13, 0xa0, 0x27, 0x07,
    0x13, 0x90, 0xf7, 0x5c, 0x06, 0x13, 0x50, 0xef, 0x07, 0x13, 0x90, 0x27,
    0x04, 0x13, 0x88, 0x2d, 0x0a, 0x8b, 0x04, 0x13, 0x44, 0xef, 0xef, 0x27,
    0x06, 0x13, 0xa0, 0xfc, 0x24, 0x27, 0x15, 0x27, 0x27, 0xef, 0x06, 0x0e,
    0xf8, 0x8f, 0x27, 0xef, 0x8b, 0xef, 0xef, 0xef, 0xef, 0xef, 0xef, 0x77,
    0x9f, 0xef, 0x8b, 0xef, 0x12, 0xf7, 0x5c, 0xef, 0x8b, 0xef, 0xf8, 0x24,
    0xef, 0x13, 0x32, 0xc0, 0xf8, 0x24, 0xf9, 0xb4, 0x15, 0x13, 0x34, 0xc0,
    0x27, 0xf8, 0x24, 0x07, 0x13, 0x32, 0xc0, 0xef, 0x07, 0x13, 0x34, 0x40,
    0x27, 0x04, 0x27, 0xef, 0xef, 0x07, 0x13, 0x34, 0xc0, 0xfc, 0x88, 0x16,
    0x27, 0x06, 0x13, 0x39, 0x40, 0x27, 0x07, 0x13, 0x34, 0xc0, 0xef, 0x06,
    0x13, 0x79, 0x40, 0x27, 0x16, 0x27, 0x27, 0x27, 0x27, 0xef, 0x27, 0x27,
    0x27, 0xef, 0x27, 0xef, 0xef, 0xf7, 0xc0, 0xef, 0xfb, 0xc0, 0x06, 0xef,
    0xf8, 0x24, 0xef, 0xfc, 0x24, 0x07, 0xfc, 0x24, 0x04, 0x13, 0x70, 0xc0,
    0x27, 0x07, 0x13, 0xb0, 0xc0, 0xef, 0x06, 0x13, 0x70, 0xc0, 0xef, 0x07,
    0x13, 0xb0, 0xc0, 0x27, 0x04, 0x25, 0x0a, 0x8b, 0x04, 0x13, 0x70, 0x40,
    0xef, 0xef, 0x27, 0x06, 0x0e, 0xfb, 0x55, 0xfb, 0x5c, 0xf7, 0xc0, 0x01,
    0xef, 0xef, 0x03, 0xef, 0xef, 0x15, 0x21, 0x0a, 0x0e, 0xf6, 0xfb, 0x5c,
    0xef, 0xf7, 0xc0, 0xef, 0xf7, 0x5c, 0xef, 0x12, 0xef, 0xef, 0x8b, 0xef,
    0x8b, 0xf7, 0x5c, 0x13, 0xe4, 0xf7, 0xc0, 0xf8, 0xec, 0x15, 0x13, 0xe8,
    0x27, 0x07, 0x13, 0xe4, 0xf7, 0x5c, 0xef, 0x06, 0x13, 0xe8, 0xfb, 0x5c,
    0x27, 0x15, 0x27, 0xfb, 0x5c, 0x06, 0x13, 0xf0, 0x27, 0x27, 0x06, 0x13,
    0xe8, 0xef, 0x06, 0x13, 0xf0, 0xfb, 0xc0, 0x07, 0x13, 0xe8, 0xef, 0xf7,
    0xc0, 0xef, 0xef, 0x27, 0x06, 0x13, 0xf0, 0x27, 0xfc, 0x24, 0x15, 0x27,
    0x27, 0xef, 0x06, 0x0e, 0x92, 0xfb, 0x5c, 0xf7, 0xc0, 0x01, 0xef, 0xef,
    0xef, 0xef, 0x03, 0xef, 0xef, 0x15, 0x21, 0x0a, 0xef, 0x16, 0x21, 0x0a,
    0x0e, 0xf8, 0x2b, 0x8b, 0xef, 0x01, 0xef, 0xef, 0xf7, 0x5c, 0xef, 0xf7,
    0x5c, 0xef, 0x03, 0x14, 0x70, 0xef, 0xef, 0x15, 0x27, 0xef, 0xef, 0x07,
    0xf7, 0x5c, 0x16, 0x27, 0xef, 0xef, 0x07, 0xf7, 0x5c, 0x16, 0x27, 0xef,
    0xef, 0x07, 0x0e, 0x92, 0xf8, 0x88, 0xef, 0xef, 0x77, 0x01, 0xf7, 0x5c,
    0xef, 0x03, 0xf7, 0x5c, 0xf9, 0x50, 0x15, 0x27, 0x27, 0x27, 0xef, 0xfc,
    0x24, 0xef, 0xf8, 0x24, 0xef, 0xef, 0x27, 0xef, 0x07, 0x0e, 0x92, 0xa0,
    0x76, 0xef, 0xef, 0xf8, 0x24, 0xef, 0xef, 0x77, 0x12, 0xef, 0xf7, 0xc0,
    0xfb, 0x5c, 0xef, 0x13, 0xf4, 0xf7, 0x5c, 0xf9, 0xb4, 0x15, 0x27, 0x07,
    0x13, 0xf8, 0x27, 0x27, 0x06, 0x13, 0xf4, 0xef, 0xfc, 0x24, 0x06, 0x13,
    0xf8, 0x27, 0x27, 0x06, 0x13, 0xf4, 0xef, 0x27, 0xef, 0xef, 0x06, 0x13,
    0xf8, 0xef, 0xef, 0x06, 0x13, 0xf4, 0x27, 0xf8, 0x24, 0x06, 0x13, 0xf8,
    0xef, 0xef, 0x06, 0x13, 0xf4, 0x27, 0xef, 0x06, 0x0e, 0xf9, 0x50, 0xef,
    0x8b, 0xef, 0x8b, 0xef, 0x12, 0xef, 0xef, 0x8b, 0xef, 0x8b, 0xef, 0x8b,
    0xef, 0x8b, 0xef, 0x13, 0x24, 0xf7, 0xc0, 0xfa, 0x7c, 0x15, 0x13, 0x48,
    0x27, 0x07, 0x13, 0x44, 0xef, 0x06, 0x13, 0x24, 0xef, 0x07, 0x13, 0x44,
    0x27, 0x04, 0x13, 0x42, 0x27, 0x07, 0x13, 0x82, 0xef, 0x06, 0x13, 0x42,
    0xef, 0x07, 0x13, 0x82, 0x27, 0x04, 0x13, 0x81, 0x27, 0xef, 0xef, 0x07,
    0x13, 0x48, 0xfb, 0xc0, 0xef, 0x15, 0x27, 0x06, 0x13, 0x90, 0x27, 0x07,
    0x13, 0x48, 0xef, 0x06, 0x13, 0x90, 0x27, 0x16, 0x27, 0x27, 0xef, 0x06,
    0x0e, 0xf8, 0xf3, 0x8b, 0xef, 0x8b, 0xf7, 0x5c, 0x8b, 0xef, 0x8b, 0xef,
    0x8b, 0xf7, 0x5c, 0x8b, 0xef, 0x12, 0xef, 0xef, 0x8b, 0xef, 0x8b, 0xef,
    0x8b, 0xef, 0x8b, 0xef, 0x8b, 0xef, 0x8b, 0xef, 0x8b, 0xef, 0x8b, 0xef,
    0x13, 0x05, 0x00, 0xf7, 0x5c, 0xf9, 0xb4, 0x15, 0x13, 0x0a, 0x00, 0x27,
    0x07, 0x13, 0x09, 0x00, 0xef, 0x06, 0x13, 0x05, 0x00, 0xef, 0x07, 0x13,
    0x09, 0x00, 0x27, 0x04, 0x13, 0x11, 0x00, 0xfb, 0x5c, 0x07, 0x13, 0x08,
    0x80, 0xef, 0xf7, 0x5c, 0x06, 0xfb, 0x5c, 0x04, 0x13, 0x48, 0x80, 0xfb,
    0x5c, 0x07, 0x13, 0x48, 0x40, 0xef, 0xf7, 0x5c, 0x06, 0x8b, 0x04, 0x13,
    0x08, 0x20, 0x23, 0x0a, 0xef, 0x16, 0x13, 0x04, 0x10, 0xef, 0xef, 0x27,
    0x06, 0x13, 0x40, 0x40, 0x27, 0xfc, 0x88, 0x15, 0x13, 0x40, 0x20, 0xfb,
    0x5c, 0x07, 0x13, 0x80, 0x20, 0xef, 0x06, 0x13, 0x40, 0x20, 0xf7, 0x5c,
    0x07, 0x8b, 0x04, 0x13, 0x40, 0x10, 0xef, 0x06, 0x13, 0x20, 0x10, 0xef,
    0x27, 0x07, 0x13, 0x40, 0x10, 0xef, 0x27, 0x15, 0x13, 0x80, 0x10, 0xfb,
    0x5c, 0x07, 0x13, 0x80, 0x08, 0xef, 0x06, 0x13, 0x40, 0x08, 0xf7, 0x5c,
    0x07, 0x8b, 0x04, 0x13, 0x40, 0x04, 0xef, 0x06, 0x13, 0x20, 0x04, 0xef,
    0x27, 0x07, 0x13, 0x40, 0x04, 0xef, 0x27, 0x15, 0x13, 0x80, 0x02, 0x8b,
    0x27, 0x05, 0x13, 0x80, 0x04, 0x27, 0x07, 0x13, 0x40, 0x02, 0xef, 0xef,
    0x06, 0xef, 0x07, 0x13, 0x80, 0x04, 0x27, 0xfb, 0x5c, 0x15, 0x13, 0x80,
    0x08, 0x27, 0x06, 0x13, 0x80, 0x04, 0x27, 0xef, 0x07, 0x13, 0x80, 0x10,
    0xfb, 0x5c, 0xef, 0x15, 0x13, 0x80, 0x20, 0x27, 0x06, 0x13, 0x80, 0x10,
    0x27, 0xef, 0x07, 0x13, 0x40, 0x80, 0xfb, 0xc0, 0xf7, 0xc0, 0x15, 0x27,
    0x06, 0x13, 0x81, 0x00, 0xfb, 0x5c, 0x07, 0x13, 0x40, 0x80, 0xef, 0x06,
    0x13, 0x81, 0x00, 0x27, 0x16, 0x27, 0x27, 0xef, 0x06, 0x13, 0x11, 0x00,
    0xf8, 0x88, 0x04, 0x13, 0x12, 0x00, 0x27, 0x06, 0x13, 0x11, 0x00, 0x27,
    0xef, 0x07, 0x13, 0x12, 0x00, 0x27, 0xef, 0x15, 0x13, 0x0a, 0x00, 0x22,
    0x0a, 0x0e, 0x8b, 0xef, 0x8b, 0xef, 0xf7, 0x5c, 0xef, 0x8b, 0xf7, 0x5c,
    0x27, 0xef, 0x8b, 0xef, 0xef, 0xef, 0x8b, 0xef, 0x12, 0xef, 0xef, 0x8b,
    0xf7, 0xc0, 0x8b, 0xef, 0x13, 0x01, 0x80, 0xef, 0xfa, 0xe0, 0x15, 0x27,
    0x07, 0x13, 0x02, 0x80, 0xef, 0x06, 0x13, 0x01, 0x80, 0xef, 0x07, 0x13,
    0x02, 0x80, 0x27, 0x04, 0x13, 0x02, 0x40, 0x2b, 0x0a, 0x8b, 0x04, 0x13,
    0x01, 0x20, 0xef, 0xef, 0x27, 0x06, 0x13, 0x04, 0x40, 0xfb, 0xc0, 0xfb,
    0xc0, 0x15, 0x13, 0x10, 0x80, 0x27, 0x07, 0x13, 0x08, 0x40, 0xf7, 0xc0,
    0x06, 0x13, 0x04, 0x40, 0xef, 0x07, 0x13, 0x08, 0x40, 0x27, 0x04, 0x13,
    0x08, 0x20, 0x27, 0xef, 0xef, 0x07, 0x13, 0x10, 0x80, 0xfc, 0x24, 0x16,
    0x27, 0xfb, 0x5c, 0x06, 0x13, 0x20, 0x80, 0xef, 0x06, 0x8b, 0x04, 0x13,
    0x20, 0x40, 0x2b, 0x0a, 0x27, 0x04, 0x13, 0x80, 0x40, 0xfb, 0xc0, 0x07,
    0x13, 0x60, 0x20, 0xef, 0xf7, 0xc0, 0x06, 0x13, 0x80, 0x40, 0x27, 0xfb,
    0xc0, 0x15, 0x13, 0x80, 0x80, 0xfb, 0xc0, 0x06, 0x13, 0x80, 0x40, 0x27,
    0xf7, 0xc0, 0x07, 0x13, 0x80, 0x80, 0xfb, 0xc0, 0xef, 0x15, 0x13, 0x40,
    0x80, 0xef, 0x27, 0x27, 0x07, 0x0e, 0x2e, 0xf7, 0x5c, 0xef, 0x8b, 0xf7,
    0x5c, 0x8b, 0xef, 0x12, 0xef, 0xef, 0x8b, 0xef, 0x13, 0x28, 0xf7, 0x5c,
    0xf8, 0xec, 0x15, 0x13, 0x50, 0x27, 0x07, 0x13, 0x28, 0xef, 0xef, 0x06,
    0x13, 0x50, 0x27, 0x27, 0x15, 0x27, 0xfb, 0x5c, 0x06, 0x13, 0x90, 0xef,
    0x06, 0x8b, 0x04, 0x13, 0x88, 0x27, 0xef, 0xef, 0x07, 0x0e, 0xf8, 0x8f,
    0x8b, 0xef, 0x8b, 0xef, 0xf7, 0x5c, 0xef, 0xf7, 0x5c, 0x77, 0x9f, 0xef,
    0x12, 0xef, 0xef, 0x8b, 0xf7, 0x5c, 0x8b, 0xf7, 0x5c, 0x27, 0xef, 0x13,
    0x2a, 0x00, 0xf7, 0x5c, 0xf9, 0xb4, 0x15, 0x13, 0x34, 0x80, 0x27, 0x07,
    0x13, 0x68, 0x80, 0xf7, 0xc0, 0xfc, 0x88, 0x06, 0x13, 0x61, 0x00, 0x27,
    0x06, 0x13, 0xa2, 0x80, 0x27, 0x07, 0x13, 0x60, 0x80, 0xef, 0x06, 0x13,
    0xa8, 0x80, 0x25, 0x0a, 0x13, 0xa9, 0x00, 0xfb, 0xc0, 0x06, 0x13, 0x2a,
    0x80, 0xf7, 0xc0, 0xf7, 0x5c, 0xef, 0xfb, 0x5c, 0xf7, 0x5c, 0xf7, 0xc0,
    0xef, 0x07, 0x13, 0xa2, 0x00, 0xfc, 0x88, 0xfd, 0x50, 0x15, 0x13, 0xa4,
    0x00, 0xfb, 0x5c, 0x06, 0x13, 0xa2, 0x00, 0x27, 0xf7, 0x5c, 0x07, 0x13,
    0xb4, 0x00, 0xfb, 0x5c, 0xef, 0x15, 0xf8, 0xec, 0x27, 0x07, 0x13, 0x64,
    0x00, 0xfc, 0xec, 0x07, 0x0e, 0x8b, 0xef, 0xf7, 0x5c, 0xef, 0x8b, 0xef,
    0x8b, 0xef, 0x8b, 0xf7, 0x5c, 0x27, 0xef, 0xef, 0xef, 0x8b, 0xef, 0x12,
    0xef, 0xef, 0x8b, 0xef, 0x8b, 0xef, 0x8b, 0xef, 0x8b, 0xef, 0x13, 0x81,
    0x80, 0xef, 0xfa, 0xe0, 0x15, 0x27, 0x07, 0x13, 0x82, 0x80, 0xef, 0x06,
    0x13, 0x81, 0x80, 0xef, 0x07, 0x13, 0x82, 0x80, 0x27, 0x04, 0x13, 0x82,
    0x48, 0x2b, 0x0a, 0x8b, 0x04, 0x13, 0x81, 0x08, 0xef, 0xef, 0x27, 0x06,
    0x13, 0x94, 0x88, 0xfc, 0x24, 0xfb, 0xc0, 0x15, 0x27, 0xf8, 0x24, 0x07,
    0x13, 0x90, 0x10, 0x27, 0x07, 0x13, 0x88, 0x88, 0xef, 0xf7, 0x5c, 0x06,
    0x13, 0x90, 0x10, 0x27, 0xfb, 0x5c, 0x15, 0x27, 0x06, 0x13, 0xa0, 0x20,
    0x27, 0x07, 0x13, 0x90, 0x10, 0xef, 0x06, 0x13, 0xa0, 0x20, 0x27, 0x16,
    0x27, 0x06, 0x13, 0xc0, 0x40, 0x27, 0x07, 0x13, 0xa0, 0x20, 0xef, 0x06,
    0x13, 0xc0, 0x40, 0x27, 0x16, 0x27, 0x06, 0x13, 0xc0, 0x80, 0x27, 0x07,
    0x13, 0xc0, 0x40, 0xef, 0x06, 0x13, 0xc0, 0x88, 0x27, 0x16, 0x27, 0xfb,
    0xc0, 0xf8, 0x88, 0xef, 0xfc, 0x24, 0x06, 0x0e, 0x2e, 0xf8, 0xec, 0xef,
    0x8b, 0xf7, 0x5c, 0x12, 0xef, 0xef, 0x8b, 0xef, 0x13, 0x60, 0xf7, 0x5c,
    0xfa, 0x18, 0x15, 0x27, 0xfb, 0x5c, 0x06, 0x13, 0xa0, 0xef, 0x06, 0x8b,
    0x04, 0x13, 0x90, 0x27, 0xef, 0xef, 0x07, 0x0e, 0x2e, 0xf8, 0xec, 0xf7,
    0x5c, 0x8b, 0xef, 0x12, 0xef, 0xef, 0x8b, 0xef, 0x13, 0x90, 0xf7, 0x5c,
    0xf8, 0xec, 0x15, 0xef, 0xf7, 0x5c, 0x06, 0x13, 0xa0, 0x27, 0x06, 0x8b,
    0x04, 0x13, 0x60, 0xef, 0x27, 0x27, 0x07, 0x0e, 0xf6, 0xf8, 0xec, 0xef,
    0x8b, 0xf7, 0x5c, 0x12, 0xef, 0xef, 0x8b, 0xef, 0x8b, 0xef, 0x8b, 0xef,
    0x13, 0x60, 0xf7, 0x5c, 0xfa, 0x18, 0x15, 0x27, 0xfb, 0x5c, 0x06, 0x13,
    0xa0, 0xef, 0x06, 0x8b, 0x04, 0x13, 0x90, 0x27, 0xef, 0xef, 0x07, 0x13,
    0x48, 0xef, 0xf7, 0x5c, 0x15, 0x27, 0x06, 0x13, 0x90, 0xfb, 0x5c, 0x07,
    0x13, 0x88, 0xef, 0x06, 0x8b, 0x04, 0x13, 0x84, 0x27, 0xef, 0xef, 0x07,
    0x0e, 0xf6, 0xf8, 0xec, 0xf7, 0x5c, 0x8b, 0xef, 0x12, 0xef, 0xef, 0x8b,
    0xef, 0x8b, 0xef, 0x8b, 0xef, 0x13, 0x90, 0xf7, 0x5c, 0xf8, 0xec, 0x15,
    0xef, 0xf7, 0x5c, 0x06, 0x13, 0xa0, 0x27, 0x06, 0x8b, 0x04, 0x13, 0x60,
    0xef, 0x27, 0x27, 0x07, 0x13, 0x84, 0xf7, 0xc0, 0xfb, 0x5c, 0x15, 0xef,
    0xf7, 0x5c, 0x06, 0x13, 0x88, 0x27, 0x06, 0x8b, 0x04, 0x13, 0x48, 0xef,
    0x27, 0x07, 0x13, 0x90, 0x27, 0x07, 0x0e, 0xf6, 0xf7, 0xc0, 0xf7, 0x5c,
    0xef, 0x77, 0x01, 0xf7, 0x5c, 0xf7, 0x5c, 0x03, 0xf7, 0x5c, 0xf8, 0xec,
    0x15, 0x27, 0x27, 0xfb, 0x5c, 0xef, 0x27, 0xf7, 0x5c, 0xef, 0xef, 0xf7,
    0x5c, 0x27, 0xef, 0x07, 0x0e, 0x92, 0xf7, 0xc0, 0xef, 0x01, 0xef, 0xf7,
    0xc0, 0x03, 0xef, 0xf8, 0x24, 0x15, 0x2b, 0x0a, 0x0e, 0xf7, 0xc7, 0xf7,
    0xc0, 0xef, 0x01, 0xef, 0xf8, 0x24, 0x15, 0x27, 0xf8, 0xec, 0xef, 0x07,
    0x0e, 0xf9, 0x50, 0xef, 0x8b, 0xef, 0x12, 0xef, 0xef, 0x8b, 0xf7, 0x5c,
    0x8b, 0xef, 0x8b, 0xef, 0x13, 0x50, 0xf7, 0x5c, 0xfa, 0x18, 0x15, 0x13,
    0xa0, 0x27, 0x07, 0x13, 0x90, 0xf7, 0x5c, 0x06, 0x13, 0x50, 0xef, 0x07,
    0x13, 0x90, 0x27, 0x04, 0x13, 0x88, 0x27, 0xef, 0xef, 0x07, 0x8b, 0x04,
    0x13, 0x44, 0xef, 0xef, 0x27, 0x06, 0x13, 0xa0, 0xfb, 0xc0, 0x27, 0x15,
    0x27, 0x27, 0xef, 0x06, 0x0e, 0xf8, 0x8f, 0xf8, 0x24, 0xf7, 0x5c, 0x27,
    0xef, 0x8b, 0xef, 0x8b, 0xef, 0x12, 0xf7, 0x5c, 0xef, 0xef, 0xef, 0x8b,
    0xef, 0x8b, 0xef, 0x8b, 0xf7, 0x5c, 0x27, 0xef, 0x13, 0x9a, 0x00, 0xef,
    0xf9, 0xb4, 0x15, 0x27, 0xef, 0xfb, 0xc0, 0xef, 0xf7, 0xc0, 0x07, 0x13,
    0x2a, 0x00, 0xf7, 0x5c, 0x06, 0x13, 0x9a, 0x00, 0xef, 0x07, 0x13, 0x2a,
    0x00, 0x27, 0x04, 0x13, 0x8c, 0x00, 0x27, 0x07, 0x13, 0x4a, 0x00, 0xef,
    0x06, 0x13, 0x2a, 0x00, 0xef, 0x07, 0x13, 0x4a, 0x00, 0x27, 0x04, 0x13,
    0x49, 0x00, 0x27, 0xef, 0xef, 0x07, 0x8b, 0x04, 0x13, 0x28, 0x40, 0xef,
    0x06, 0x13, 0x98, 0x40, 0xfb, 0x5c, 0xef, 0xf8, 0x24, 0x27, 0x07, 0x13,
    0x28, 0x40, 0x27, 0x07, 0x13, 0x28, 0x80, 0x27, 0x06, 0x13, 0x8c, 0x00,
    0xfb, 0x5c, 0x27, 0x15, 0x26, 0x0a, 0x0e, 0x8b, 0xef, 0x8b, 0xf7, 0x5c,
    0xfb, 0x5c, 0xef, 0xef, 0xef, 0x8b, 0xef, 0x8b, 0xef, 0xef, 0xef, 0x8b,
    0xef, 0x12, 0xef, 0xef, 0x8b, 0xf7, 0xc0, 0x8b, 0xef, 0x13, 0x01, 0x80,
    0xef, 0xfa, 0x18, 0x15, 0x27, 0x07, 0x13, 0x02, 0x80, 0xef, 0x06, 0x13,
    0x01, 0x80, 0xef, 0x07, 0x13, 0x02, 0x80, 0x27, 0x04, 0x13, 0x02, 0x40,
    0x2b, 0x0a, 0x8b, 0x04, 0x13, 0x01, 0x20, 0xef, 0xef, 0x27, 0x06, 0x13,
    0x04, 0x40, 0xfb, 0xc0, 0xfb, 0xc0, 0x15, 0x13, 0x08, 0x80, 0x27, 0x07,
    0x13, 0x04, 0x40, 0xf7, 0xc0, 0xef, 0x06, 0x13, 0x08, 0x80, 0xfb, 0xc0,
    0x27, 0x15, 0x27, 0x27, 0x06, 0x13, 0x10, 0x80, 0xef, 0x06, 0x8b, 0x04,
    0x13, 0x10, 0x40, 0x27, 0x07, 0x13, 0x40, 0x40, 0xf7, 0xc0, 0x06, 0x13,
    0x10, 0x40, 0xef, 0x07, 0x13, 0x40, 0x40, 0x27, 0x04, 0x13, 0x80, 0x40,
    0xfb, 0x5c, 0x07, 0x13, 0x40, 0x20, 0xef, 0xf7, 0x5c, 0x06, 0x13, 0x80,
    0x40, 0x27, 0xfb, 0x5c, 0x15, 0x13, 0x80, 0x80, 0xfb, 0xc0, 0x06, 0x13,
    0x80, 0x40, 0x27, 0xf7, 0xc0, 0x07, 0x13, 0x80, 0x80, 0xfb, 0xc0, 0xef,
    0x15, 0x13, 0x20, 0x80, 0xef, 0x27, 0x27, 0x07, 0x0e, 0x2e, 0xf7, 0x5c,
    0xef, 0x8b, 0xf7, 0x5c, 0x8b, 0xef, 0x12, 0xef, 0xef, 0x8b, 0xef, 0x13,
    0x30, 0xef, 0xf8, 0xec, 0x15, 0x27, 0x07, 0x13, 0x50, 0xef, 0x06, 0x13,
    0x30, 0xef, 0x07, 0x13, 0x50, 0x27, 0x04, 0x13, 0x90, 0xfb, 0x5c, 0x07,
    0x13, 0x48, 0xef, 0xf7, 0x5c, 0x06, 0x13, 0x90, 0x27, 0xfb, 0x5c, 0x15,
    0x27, 0x27, 0xef, 0x06, 0x0e, 0xf8, 0x8f, 0x8b, 0xef, 0x8b, 0xef, 0x8b,
    0xef, 0xf7, 0x5c, 0xef, 0x12, 0xef, 0xef, 0x8b, 0xf7, 0x5c, 0x8b, 0xf7,
    0x5c, 0x27, 0xef, 0x13, 0x54, 0xf7, 0x5c, 0xf8, 0xec, 0x15, 0x13, 0x59,
    0x27, 0xf7, 0xc0, 0xfb, 0xc0, 0x07, 0x13, 0x52, 0x27, 0x06, 0x13, 0x95,
    0x27, 0x07, 0x13, 0x51, 0xef, 0x06, 0x13, 0xb1, 0x25, 0x0a, 0x13, 0xb2,
    0xfb, 0xc0, 0xef, 0xf7, 0x5c, 0xef, 0x06, 0x13, 0x35, 0xfb, 0x5c, 0xf7,
    0x5c, 0xf7, 0xc0, 0xef, 0x06, 0x13, 0x94, 0xfc, 0x88, 0xfc, 0x88, 0x15,
    0x13, 0x98, 0xfb, 0x5c, 0x06, 0x13, 0x94, 0x27, 0xf7, 0x5c, 0x07, 0x13,
    0x98, 0xfb, 0x5c, 0xef, 0x15, 0xf8, 0x24, 0x27, 0x07, 0x13, 0x58, 0xfc,
    0x24, 0x07, 0x0e, 0xf6, 0x8b, 0xf7, 0x5c, 0xfb, 0x5c, 0xef, 0xef, 0xef,
    0x8b, 0xef, 0x8b, 0xf7, 0x5c, 0x27, 0xef, 0xef, 0xef, 0x8b, 0xef, 0x12,
    0xef, 0xef, 0x8b, 0xef, 0x8b, 0xef, 0x8b, 0xef, 0x13, 0x01, 0x80, 0xef,
    0xfa, 0x18, 0x15, 0x27, 0x07, 0x13, 0x02, 0x80, 0xef, 0x06, 0x13, 0x01,
    0x80, 0xef, 0x07, 0x13, 0x02, 0x80, 0x27, 0x04, 0x13, 0x02, 0x50, 0x2d,
    0x0a, 0x8b, 0x04, 0x13, 0x01, 0x10, 0xef, 0xef, 0x27, 0x06, 0x13, 0x14,
    0x90, 0xfb, 0xc0, 0xfb, 0xc0, 0x15, 0x27, 0xf7, 0xc0, 0x07, 0x13, 0x10,
    0x20, 0x27, 0x07, 0x13, 0x08, 0x90, 0xef, 0xf7, 0x5c, 0x06, 0x13, 0x10,
    0x20, 0x27, 0xfb, 0x5c, 0x15, 0x27, 0x06, 0x13, 0x20, 0x40, 0x27, 0x07,
    0x13, 0x10, 0x20, 0xef, 0x06, 0x13, 0x20, 0x40, 0x27, 0x16, 0x27, 0x06,
    0x13, 0x80, 0x80, 0x27, 0x07, 0x13, 0x20, 0x40, 0xef, 0x06, 0x13, 0x80,
    0x90, 0x27, 0x16, 0x27, 0xfb, 0x5c, 0x06, 0x13, 0x40, 0x90, 0xf8, 0x24,
    0xef, 0xfb, 0xc0, 0x06, 0x0e, 0xa0, 0x76, 0xf8, 0x24, 0xef, 0x8b, 0xf7,
    0xc0, 0xef, 0xef, 0x12, 0xef, 0xef, 0x8b, 0xef, 0x8b, 0xef, 0x8b, 0xef,
    0x8b, 0xef, 0x13, 0x94, 0x00, 0xf7, 0x5c, 0xfa, 0x7c, 0x15, 0x27, 0xef,
    0xef, 0x07, 0x13, 0x91, 0x00, 0xef, 0x16, 0x27, 0xef, 0xef, 0x07, 0x13,
    0xb8, 0x00, 0xfc, 0x24, 0xfb, 0x5c, 0x15, 0xfb, 0xc0, 0x07, 0x13, 0xd8,
    0x00, 0xef, 0x06, 0x13, 0xb8, 0x00, 0xf7, 0xc0, 0x07, 0x13, 0xd8, 0x00,
    0xfb, 0xc0, 0x04, 0x13, 0xd4, 0x00, 0x27, 0xef, 0xef, 0x07, 0x27, 0x04,
    0x13, 0xd2, 0x00, 0x28, 0x0a, 0x8b, 0x04, 0x13, 0xd1, 0x00, 0xef, 0xef,
    0x27, 0x06, 0xef, 0x16, 0x13, 0xb0, 0x80, 0x32, 0x0a, 0x0e, 0xfb, 0x55,
    0xf8, 0xec, 0xef, 0x01, 0xef, 0xef, 0x03, 0xef, 0xf9, 0x50, 0x15, 0x27,
    0xef, 0xef, 0x07, 0x27, 0xfb, 0x5c, 0x15, 0x20, 0x0a, 0x0e, 0xa0, 0x76,
    0xef, 0xef, 0x8b, 0xef, 0xef, 0xef, 0x8b, 0xef, 0xef, 0x77, 0x12, 0xef,
    0xef, 0x8b, 0xf7, 0xc0, 0xfb, 0x5c, 0xef, 0xef, 0xef, 0x13, 0xcc, 0x80,
    0xf7, 0xc0, 0xf9, 0x50, 0x15, 0x27, 0x07, 0x13, 0xcd, 0x00, 0x27, 0x06,
    0x13, 0xce, 0x80, 0x27, 0xef, 0xfb, 0xc0, 0x27, 0x07, 0x13, 0xcd, 0x00,
    0x27, 0x07, 0x13, 0xcc, 0x80, 0xef, 0x27, 0xef, 0xef, 0x06, 0x13, 0xcd,
    0x00, 0xef, 0xef, 0x06, 0x13, 0xcc, 0x80, 0x27, 0xf7, 0xc0, 0x06, 0x13,
    0x95, 0x00, 0xef, 0x06, 0x13, 0xcd, 0x00, 0xef, 0x07, 0x13, 0xcc, 0x80,
    0x27, 0xef, 0x06, 0x13, 0x95, 0x00, 0xef, 0xfb, 0x5c, 0x15, 0x13, 0x94,
    0x40, 0x27, 0xef, 0xef, 0x07, 0x13, 0xc5, 0x00, 0x27, 0xfb, 0xc0, 0x15,
    0x13, 0xa4, 0x40, 0xef, 0xef, 0x27, 0x06, 0x13, 0xce, 0x00, 0xfb, 0xc0,
    0x27, 0x15, 0xf7, 0xc0, 0x27, 0x07, 0x13, 0xa6, 0x00, 0xfb, 0xc0, 0x07,
    0x0e, 0xf7, 0xc7, 0x27, 0xef, 0x8b, 0xef, 0xef, 0xef, 0xf7, 0xc0, 0xef,
    0x8b, 0xef, 0x12, 0xf7, 0x5c, 0xef, 0x8b, 0xf7, 0x5c, 0x8b, 0xef, 0x8b,
    0xef, 0x13, 0x2a, 0x00, 0xf7, 0xc0, 0xf9, 0xb4, 0x15, 0x13, 0x2c, 0x00,
    0x27, 0x07, 0x13, 0x32, 0x00, 0xf7, 0x5c, 0x06, 0x13, 0x2a, 0x00, 0xef,
    0x07, 0x13, 0x32, 0x00, 0x27, 0x04, 0x13, 0x31, 0x00, 0x27, 0xef, 0xef,
    0x07, 0x13, 0xac, 0x80, 0xfb, 0xc0, 0x16, 0x27, 0xfc, 0x24, 0x27, 0x27,
    0xef, 0xfb, 0x5c, 0x27, 0x27, 0xf8, 0x88, 0xef, 0xfb, 0xc0, 0xf7, 0x5c,
    0x06, 0x13, 0xad, 0x00, 0x36, 0x0a, 0x13, 0xa0, 0x80, 0xf7, 0xc0, 0xfb,
    0xc0, 0x15, 0x13, 0x60, 0x80, 0xef, 0xef, 0x27, 0x06, 0x0e, 0xf7, 0xc7,
    0xef, 0xef, 0x8b, 0xef, 0x8b, 0xf7, 0x5c, 0x8b, 0xef, 0x8b, 0xef, 0x12,
    0xef, 0xef, 0x8b, 0xef, 0x8b, 0xf7, 0x5c, 0x8b, 0xef, 0x8b, 0xef, 0x13,
    0x0c, 0x00, 0xef, 0xf9, 0x50, 0x15, 0x27, 0xef, 0xef, 0x07, 0x13, 0x08,
    0x40, 0xf8, 0x24, 0x16, 0x27, 0xef, 0xef, 0x07, 0x13, 0x11, 0x00, 0xfc,
    0x24, 0x27, 0x15, 0x13, 0x22, 0x00, 0x27, 0x07, 0x13, 0x21, 0x00, 0xf7,
    0x5c, 0x06, 0x13, 0x11, 0x00, 0xef, 0x07, 0x13, 0x21, 0x00, 0x27, 0x04,
    0x13, 0x41, 0x00, 0xfb, 0x5c, 0x07, 0x13, 0x20, 0x80, 0xef, 0xf7, 0x5c,
    0x06, 0x13, 0x41, 0x00, 0x27, 0xfb, 0x5c, 0x15, 0x13, 0x42, 0x00, 0xfb,
    0x5c, 0x06, 0x13, 0x41, 0x00, 0x27, 0xf7, 0x5c, 0x07, 0x13, 0x42, 0x00,
    0xfb, 0x5c, 0xef, 0x15, 0x13, 0x22, 0x00, 0x22, 0x0a, 0x13, 0x84, 0x00,
    0x27, 0x27, 0x15, 0x27, 0xef, 0xef, 0x07, 0x13, 0x80, 0x40, 0xf8, 0x24,
    0x16, 0x27, 0xef, 0xef, 0x07, 0x0e, 0xf8, 0x2b, 0xef, 0xef, 0xef, 0xef,
    0xef, 0xef, 0x8b, 0xef, 0x8b, 0xef, 0x12, 0xef, 0xef, 0x8b, 0xef, 0x8b,
    0xef, 0x8b, 0xef, 0x8b, 0xef, 0x8b, 0xef, 0x8b, 0xef, 0x13, 0xcc, 0x00,
    0xef, 0xf9, 0xb4, 0x15, 0x27, 0x07, 0x13, 0xd4, 0x00, 0xef, 0x06, 0x13,
    0xcc, 0x00, 0xef, 0x07, 0x13, 0xd4, 0x00, 0x27, 0x04, 0x13, 0xd2, 0x00,
    0x27, 0x07, 0x13, 0xe2, 0x00, 0xef, 0x06, 0x13, 0xd2, 0x00, 0xef, 0x07,
    0x13, 0xe2, 0x00, 0x27, 0x04, 0x13, 0xe1, 0x00, 0x27, 0xef, 0xef, 0x07,
    0x27, 0x04, 0x13, 0xe2, 0x90, 0x27, 0xfb, 0x5c, 0x27, 0xf7, 0x5c, 0x27,
    0xfb, 0x5c, 0x27, 0xf7, 0x5c, 0xfb, 0x5c, 0xef, 0xf7, 0x5c, 0xf7, 0x5c,
    0xef, 0xfb, 0x5c, 0xef, 0x07, 0xf7, 0x5c, 0xef, 0xfb, 0x5c, 0xef, 0x06,
    0x8b, 0x04, 0x13, 0xe0, 0x40, 0xef, 0xef, 0x27, 0x06, 0xef, 0x16, 0x13,
    0xd0, 0x20, 0xef, 0xef, 0x27, 0x06, 0xef, 0x16, 0x13, 0xc8, 0x10, 0xef,
    0xef, 0x27, 0x06, 0x0e, 0xfb, 0x55, 0xef, 0xef, 0x03, 0xef, 0xfa, 0x18,
    0x15, 0x28, 0x0a, 0x27, 0xfc, 0xec, 0x15, 0x28, 0x0a, 0x0e, 0xf6, 0x8b,
    0xef, 0x8b, 0xef, 0x8b, 0xef, 0x8b, 0xf7, 0x5c, 0x8b, 0xef, 0x8b, 0xef,
    0x8b, 0xef, 0x12, 0xef, 0xef, 0x8b, 0xf7, 0x5c, 0x8b, 0xef, 0x13, 0x02,
    0x80, 0xf7, 0x5c, 0xf9, 0xb4, 0x15, 0x13, 0x05, 0x00, 0x27, 0x07, 0x13,
    0x02, 0x80, 0xf7, 0x5c, 0xef, 0x06, 0x13, 0x05, 0x00, 0xfb, 0x5c, 0x27,
    0x15, 0x27, 0x27, 0x06, 0x13, 0x09, 0x00, 0xef, 0x06, 0x8b, 0x04, 0x13,
    0x11, 0x00, 0x27, 0x07, 0x13, 0x10, 0x80, 0xf7, 0x5c, 0x06, 0x13, 0x08,
    0x80, 0xef, 0x07, 0x13, 0x10, 0x80, 0x27, 0x04, 0x13, 0x20, 0x80, 0xfb,
    0x5c, 0x07, 0x13, 0x10, 0x40, 0xef, 0xf7, 0x5c, 0x06, 0x13, 0x20, 0x80,
    0x27, 0xfb, 0x5c, 0x15, 0x13, 0x21, 0x00, 0xfb, 0x5c, 0x06, 0x13, 0x20,
    0x80, 0x27, 0x07, 0x13, 0x40, 0x80, 0xf7, 0x5c, 0x06, 0x8b, 0x04, 0x13,
    0x80, 0x80, 0x27, 0x07, 0x13, 0x40, 0x40, 0xef, 0xef, 0x06, 0x13, 0x80,
    0x80, 0x27, 0x27, 0x15, 0x29, 0x0a, 0x13, 0x21, 0x00, 0xfb, 0x5c, 0xf7,
    0xc0, 0x15, 0x13, 0x11, 0x00, 0x22, 0x0a, 0x0e, 0xf6, 0xf9, 0xb4, 0xef,
    0x01, 0xef, 0xef, 0xf7, 0x5c, 0xef, 0x03, 0xef, 0xfa, 0x18, 0x15, 0x27,
    0xef, 0xef, 0x07, 0xf7, 0x5c, 0x16, 0x27, 0xef, 0xef, 0x07, 0x0e, 0xf8,
    0x8f, 0x8b, 0xef, 0x8b, 0xef, 0x8b, 0xef, 0x8b, 0xf7, 0x5c, 0xfb, 0x5c,
    0xef, 0xef, 0xef, 0x8b, 0xef, 0x8b, 0xef, 0x12, 0xef, 0xef, 0x8b, 0xef,
    0x8b, 0xef, 0x8b, 0xf7, 0x5c, 0x8b, 0xef, 0x8b, 0xef, 0x8b, 0xef, 0x13,
    0x01, 0x20, 0xf7, 0xc0, 0xf9, 0xb4, 0x15, 0x13, 0x02, 0x44, 0x27, 0xf8,
    0x24, 0x07, 0x13, 0x01, 0x24, 0xef, 0x07, 0x13, 0x02, 0x04, 0x27, 0x04,
    0x27, 0xef, 0xef, 0x07, 0x27, 0x04, 0x13, 0x40, 0x04, 0xfc, 0x24, 0x07,
    0x13, 0x22, 0x02, 0xef, 0xf8, 0x24, 0x06, 0x13, 0x40, 0x04, 0x27, 0xfc,
    0x24, 0x15, 0x27, 0x06, 0x13, 0x80, 0x04, 0x27, 0x07, 0x13, 0x40, 0x04,
    0xef, 0x06, 0x13, 0x80, 0x44, 0x27, 0x16, 0xfc, 0x24, 0x06, 0x13, 0x80,
    0x24, 0x27, 0xf8, 0x24, 0x07, 0x13, 0x80, 0x40, 0xfc, 0x24, 0xef, 0x15,
    0x13, 0x40, 0x40, 0xef, 0x07, 0x13, 0x40, 0x80, 0x27, 0x06, 0x13, 0x40,
    0x40, 0x27, 0x07, 0x13, 0x42, 0x80, 0xef, 0x04, 0xf8, 0x24, 0x27, 0x07,
    0x13, 0x20, 0x80, 0xfc, 0x24, 0x07, 0x13, 0x02, 0x80, 0xef, 0xf8, 0x24,
    0x15, 0x13, 0x02, 0x40, 0xef, 0xef, 0x27, 0x06, 0x13, 0x04, 0x10, 0xf7,
    0x5c, 0x27, 0x15, 0x13, 0x10, 0x20, 0x27, 0x07, 0x13, 0x04, 0x10, 0xf7,
    0x5c, 0xef, 0x06, 0x13, 0x10, 0x20, 0xfb, 0x5c, 0x27, 0x15, 0x27, 0xfb,
    0x5c, 0x06, 0x13, 0x20, 0x20, 0xef, 0x06, 0x8b, 0x04, 0x13, 0x20, 0x10,
    0x2d, 0x0a, 0x8b, 0x04, 0x13, 0x08, 0x08, 0xef, 0xef, 0x27, 0x06, 0x0e,
    0xf8, 0x88, 0xef, 0xef, 0xf7, 0x5c, 0xfb, 0x5c, 0xef, 0xef, 0xef, 0x12,
    0xf7, 0x5c, 0xef, 0x8b, 0xef, 0x8b, 0xef, 0x13, 0x94, 0xf7, 0xc0, 0xfa,
    0x7c, 0x15, 0x13, 0xc8, 0x27, 0x07, 0x13, 0xc4, 0xef, 0x06, 0x13, 0x94,
    0xef, 0x07, 0x13, 0xc4, 0x27, 0x04, 0x13, 0xaa, 0x27, 0x27, 0x07, 0x13,
    0xca, 0xef, 0x27, 0xfb, 0x5c, 0xf7, 0xc0, 0xf7, 0x5c, 0x07, 0xfc, 0x24,
    0xfb, 0xc0, 0x15, 0x27, 0xf8, 0x88, 0xef, 0x07, 0x0e, 0xf6, 0xef, 0xef,
    0x8b, 0xf7, 0x5c, 0x8b, 0xef, 0x12, 0xef, 0xef, 0x8b, 0xef, 0x8b, 0xef,
    0x8b, 0xef, 0x13, 0x28, 0xf7, 0x5c, 0xf8, 0x88, 0x15, 0x13, 0x50, 0x27,
    0x07, 0x13, 0x48, 0xef, 0x06, 0x13, 0x28, 0xef, 0x07, 0x13, 0x48, 0x27,
    0x04, 0x13, 0x88, 0xfb, 0x5c, 0x07, 0x13, 0x84, 0xef, 0x06, 0x13, 0x44,
    0xf7, 0x5c, 0x07, 0x8b, 0x04, 0x13, 0x22, 0xef, 0xef, 0x27, 0x06, 0x13,
    0x84, 0xfb, 0xc0, 0x04, 0x13, 0x82, 0x27, 0xef, 0xef, 0x07, 0x13, 0x88,
    0xfb, 0x5c, 0x16, 0x13, 0x90, 0x27, 0x06, 0x13, 0x88, 0x27, 0xef, 0x07,
    0x13, 0x90, 0x27, 0xef, 0x15, 0x13, 0x50, 0x22, 0x0a, 0x0e, 0xf7, 0xc7,
    0xf8, 0x88, 0xef, 0x01, 0xf8, 0xec, 0xef, 0x03, 0xef, 0xf8, 0xec, 0x15,
    0x27, 0xf8, 0x88, 0xfb, 0x5c, 0xef, 0xf7, 0xc0, 0x07, 0x0e, 0x2e, 0xf7,
    0xc0, 0xef, 0x01, 0xef, 0xf7, 0x5c, 0x03, 0xef, 0xf8, 0x24, 0x15, 0x2d,
    0x0a, 0x0e, 0xf8, 0x8f, 0x8b, 0xef, 0xef, 0xef, 0x8b, 0xef, 0x8b, 0xef,
    0x8b, 0xef, 0xef, 0x77, 0x9f, 0xef, 0x12, 0xef, 0xef, 0xef, 0xef, 0x8b,
    0xf7, 0x5c, 0x27, 0xef, 0x8b, 0xef, 0xef, 0xef, 0x13, 0x83, 0x08, 0xf7,
    0x5c, 0xf9, 0xb4, 0x15, 0x13, 0x85, 0x08, 0x27, 0xf8, 0xec, 0x07, 0x13,
    0x83, 0x08, 0xef, 0x07, 0x13, 0x85, 0x08, 0x27, 0x04, 0x20, 0x0a, 0x27,
    0xfc, 0xec, 0x15, 0xfc, 0xec, 0x27, 0xf8, 0xec, 0x06, 0xfc, 0xec, 0xef,
    0x15, 0x27, 0x0a, 0x13, 0x89, 0x48, 0xf7, 0xc0, 0xf8, 0x88, 0x15, 0x13,
    0x89, 0x88, 0x27, 0x07, 0x13, 0x91, 0x48, 0xf7, 0x5c, 0x06, 0x13, 0x89,
    0x48, 0xef, 0x07, 0x13, 0x91, 0x48, 0x27, 0x04, 0x13, 0xa1, 0x28, 0x27,
    0x07, 0x13, 0x91, 0x18, 0xef, 0xef, 0x06, 0x13, 0xa1, 0x28, 0x27, 0x27,
    0x15, 0x27, 0x27, 0x06, 0x13, 0xc1, 0x28, 0xef, 0x06, 0x8b, 0x04, 0x13,
    0xc1, 0x18, 0x27, 0xef, 0xef, 0x07, 0x13, 0xc9, 0x88, 0xfb, 0xc0, 0xf7,
    0x5c, 0x15, 0x27, 0xfb, 0xc0, 0xef, 0x06, 0x0e, 0xf9, 0xb4, 0xef, 0x01,
    0xef, 0xf8, 0x88, 0x03, 0xef, 0xfa, 0x18, 0x15, 0x27, 0xf8, 0x88, 0xef,
    0x07, 0x0e, 0x92, 0xf8, 0x24, 0xef, 0x8b, 0xf7, 0x5c, 0x8b, 0xef, 0x12,
    0xef, 0xef, 0x8b, 0xef, 0x8b, 0xef, 0x13, 0x28, 0xf7, 0x5c, 0xf9, 0xb4,
    0x15, 0x13, 0x50, 0x27, 0x07, 0x13, 0x48, 0xef, 0x06, 0x13, 0x28, 0xef,
    0x07, 0x13, 0x48, 0x27, 0x04, 0x13, 0x88, 0xfb, 0x5c, 0x07, 0x13, 0x44,
    0xef, 0xf7, 0x5c, 0x06, 0x13, 0x88, 0x27, 0xfb, 0x5c, 0x15, 0x13, 0x90,
    0x27, 0x06, 0x13, 0x88, 0x27, 0xef, 0x07, 0x13, 0x90, 0x27, 0xef, 0x15,
    0x13, 0x50, 0x22, 0x0a, 0x0e, 0xef, 0xef, 0xf7, 0x5c, 0xef, 0xf7, 0x5c,
    0x77, 0x01, 0xf7, 0xc0, 0xef, 0x03, 0xf7, 0xc0, 0xf9, 0x50, 0x15, 0xfb,
    0x5c, 0xfb, 0x5c, 0x27, 0xf7, 0x5c, 0xfb, 0x5c, 0xfb, 0x5c, 0x27, 0xf8,
    0x88, 0xef, 0xfb, 0x5c, 0xf7, 0x5c, 0xf7, 0x5c, 0xef, 0xfb, 0x5c, 0xf7,
    0x5c, 0x07, 0x0e, 0x92, 0xf8, 0x88, 0xf7, 0x5c, 0xfb, 0x5c, 0xef, 0xef,
    0xef, 0x8b, 0xef, 0x8b, 0xef, 0x12, 0xef, 0xef, 0x8b, 0xef, 0x8b, 0xef,
    0x13, 0x0d, 0xef, 0xfa, 0x7c, 0x15, 0x27, 0x07, 0x13, 0x15, 0xf7, 0x5c,
    0x06, 0x13, 0x0d, 0xef, 0x07, 0x13, 0x11, 0x27, 0x04, 0x13, 0x22, 0x27,
    0x07, 0x13, 0x11, 0xef, 0xef, 0x06, 0x13, 0x22, 0x27, 0x27, 0x15, 0x27,
    0x06, 0x13, 0x84, 0x27, 0x07, 0x13, 0x22, 0xef, 0x06, 0x13, 0x85, 0x27,
    0x16, 0x27, 0xfb, 0x5c, 0x06, 0x13, 0x45, 0xf7, 0xc0, 0xef, 0xfb, 0x5c,
    0x06, 0x0e, 0x92, 0xf8, 0x88, 0xef, 0x8b, 0xef, 0x8b, 0xef, 0x8b, 0xef,
    0x8b, 0xef, 0x12, 0xef, 0xf7, 0x5c, 0x27, 0xef, 0x8b, 0xef, 0x13, 0x0c,
    0xef, 0xfa, 0x7c, 0x15, 0x27, 0x07, 0x13, 0x14, 0xf7, 0x5c, 0x06, 0x13,
    0x0c, 0xef, 0x07, 0x13, 0x14, 0x27, 0x04, 0x13, 0x22, 0x27, 0x07, 0x13,
    0x11, 0xef, 0xef, 0x06, 0x13, 0x22, 0x27, 0x27, 0x15, 0x27, 0x27, 0x06,
    0x13, 0x42, 0xef, 0x06, 0x8b, 0x04, 0x13, 0x84, 0x27, 0x07, 0x13, 0x41,
    0xef, 0xef, 0x06, 0x13, 0x84, 0x27, 0x27, 0x15, 0x29, 0x0a, 0x0e, 0x2e,
    0xf9, 0x50, 0xef, 0x8b, 0xef, 0x12, 0xef, 0xef, 0x8b, 0xef, 0x13, 0x50,
    0xf7, 0xc0, 0xfa, 0x18, 0x15, 0x27, 0x06, 0x13, 0xa0, 0x27, 0x07, 0x13,
    0x50, 0xef, 0x06, 0x13, 0xa0, 0x27, 0x16, 0x27, 0x27, 0xef, 0x06, 0x0e,
    0xf7, 0xc7, 0xfb, 0x47, 0x76, 0xef, 0xef, 0x8b, 0xef, 0xf8, 0x88, 0x77,
    0x12, 0xef, 0xef, 0xf7, 0x5c, 0xf7, 0x5c, 0x27, 0xef, 0x8b, 0xef, 0x13,
    0xbc, 0xef, 0xf8, 0xec, 0x15, 0xfd, 0xb4, 0xef, 0xf7, 0x5c, 0xf7, 0x5c,
    0xef, 0xfb, 0x5c, 0xf8, 0x88, 0x07, 0xf7, 0x5c, 0xfc, 0x88, 0x15, 0x13,
    0xba, 0xef, 0x27, 0x06, 0x13, 0xda, 0xef, 0xf8, 0xec, 0x27, 0xfc, 0x24,
    0x06, 0x13, 0xbc, 0x27, 0x06, 0x13, 0xda, 0xf7, 0x5c, 0xfb, 0x5c, 0x15,
    0x13, 0xd9, 0x27, 0xef, 0xef, 0x07, 0x0e, 0xf8, 0x88, 0xf7, 0x5c, 0x8b,
    0xef, 0x12, 0xef, 0xf7, 0xc0, 0xfb, 0x5c, 0xf7, 0x5c, 0xef, 0xef, 0x13,
    0x58, 0xf7, 0x5c, 0xf9, 0xb4, 0x15, 0x13, 0x98, 0x27, 0x07, 0x13, 0xa8,
    0x27, 0xfb, 0x5c, 0x06, 0x13, 0x98, 0xef, 0x27, 0xef, 0xfc, 0x88, 0xef,
    0x06, 0x13, 0x68, 0xf9, 0xb4, 0xef, 0xfd, 0xb4, 0xef, 0xfa, 0x18, 0x07,
    0x0e, 0x2e, 0xf7, 0xc0, 0xf7, 0x5c, 0x01, 0xef, 0xf7, 0x5c, 0x03, 0xef,
    0xf8, 0x88, 0x15, 0xfb, 0x5c, 0xf7, 0x5c, 0xf7, 0x5c, 0x07, 0x0e, 0x2e,
    0xfb, 0x5c, 0xef, 0x8b, 0xef, 0x12, 0xef, 0xef, 0x8b, 0xef, 0x13, 0x50,
    0xf7, 0x5c, 0x16, 0x13, 0xa0, 0x27, 0x07, 0x13, 0x50, 0xef, 0xef, 0x06,
    0x13, 0xa0, 0x27, 0x27, 0x15, 0x27, 0x27, 0xef, 0x06, 0x0e, 0x92, 0xf8,
    0x88, 0xef, 0xf7, 0x5c, 0xef, 0x12, 0xef, 0xf7, 0x5c, 0x27, 0xef, 0x13,
    0xd0, 0xf7, 0x5c, 0xfa, 0x7c, 0x15, 0x27, 0x07, 0x13, 0xe0, 0x27, 0x27,
    0x06, 0x13, 0xd0, 0xef, 0xfb, 0x5c, 0x06, 0x13, 0xe0, 0x37, 0x0a, 0x13,
    0xd0, 0x27, 0xf8, 0x24, 0x06, 0x0e, 0xf8, 0x88, 0xef, 0xef, 0xef, 0xef,
    0xef, 0x01, 0xf7, 0x5c, 0xef, 0xef, 0xef, 0x03, 0x14, 0xe0, 0xf7, 0x5c,
    0xfa, 0x7c, 0x15, 0x39, 0x0a, 0xfb, 0x5c, 0x27, 0x15, 0xef, 0x27, 0x27,
    0x06, 0xfb, 0x5c, 0xfb, 0x5c, 0x15, 0x27, 0xf8, 0x88, 0xef, 0x07, 0x0e,
    0xf6, 0xef, 0xef, 0x8b, 0xf7, 0x5c, 0x8b, 0xef, 0x12, 0xef, 0xef, 0x8b,
    0xef, 0x8b, 0xef, 0x8b, 0xef, 0x13, 0x30, 0xef, 0xf8, 0x88, 0x15, 0x27,
    0x07, 0x13, 0x50, 0xef, 0x06, 0x13, 0x30, 0xef, 0x07, 0x13, 0x50, 0x27,
    0x04, 0x13, 0x90, 0xfb, 0x5c, 0x07, 0x13, 0x88, 0xef, 0x06, 0x13, 0x48,
    0xf7, 0x5c, 0x07, 0x8b, 0x04, 0x13, 0x44, 0xef, 0x06, 0x13, 0x24, 0xef,
    0x27, 0x07, 0x13, 0x44, 0xef, 0x27, 0x15, 0x13, 0x84, 0xfb, 0x5c, 0x07,
    0x13, 0x42, 0xef, 0xf7, 0x5c, 0x06, 0x13, 0x84, 0x27, 0xfb, 0x5c, 0x15,
    0x13, 0x88, 0x27, 0x06, 0x13, 0x84, 0x27, 0xef, 0x07, 0x13, 0x90, 0xfb,
    0x5c, 0xef, 0x15, 0x27, 0x27, 0xef, 0x06, 0x0e, 0xf8, 0x8f, 0x8b, 0xf7,
    0x5c, 0xfb, 0x5c, 0xef, 0xef, 0xf7, 0x5c, 0xfb, 0x5c, 0xef, 0xef, 0xf7,
    0x5c, 0xfb, 0x5c, 0xef, 0xef, 0xf7, 0x5c, 0x27, 0xef, 0x12, 0xef, 0xf7,
    0x5c, 0x27, 0xef, 0x8b, 0xef, 0x8b, 0xef, 0x8b, 0xef, 0x8b, 0xef, 0x8b,
    0xef, 0x13, 0x05, 0x40, 0xf7, 0x5c, 0xfa, 0x18, 0x15, 0x27, 0x07, 0x13,
    0x05, 0x80, 0x27, 0x27, 0x06, 0x13, 0x05, 0x40, 0xef, 0xfb, 0x5c, 0x06,
    0x13, 0x04, 0x90, 0x27, 0x27, 0x06, 0x13, 0x20, 0x50, 0xf7, 0xc0, 0x06,
    0x13, 0x05, 0x50, 0xef, 0x27, 0xf8, 0x24, 0x07, 0x13, 0x20, 0x10, 0xef,
    0xfc, 0x88, 0x15, 0x13, 0x80, 0x20, 0xfb, 0x5c, 0x07, 0x13, 0x80, 0x10,
    0xef, 0x06, 0x13, 0x20, 0x10, 0xf7, 0x5c, 0x07, 0x8b, 0x04, 0x13, 0x08,
    0x08, 0x23, 0x0a, 0xef, 0x16, 0x13, 0x02, 0x04, 0x23, 0x0a, 0x13, 0x80,
    0x10, 0x27, 0xfc, 0xec, 0x15, 0x13, 0x80, 0x0a, 0xfb, 0x5c, 0x07, 0x13,
    0x54, 0x02, 0x3a, 0x0a, 0x13, 0x10, 0x04, 0x27, 0x06, 0x13, 0x80, 0x0a,
    0x27, 0x07, 0x13, 0x50, 0x0a, 0xef, 0x27, 0x27, 0x06, 0x13, 0x80, 0x08,
    0xef, 0x07, 0x13, 0x80, 0x20, 0xfb, 0x5c, 0x16, 0x26, 0x0a, 0x0e, 0xf8,
    0x8f, 0x27, 0xf7, 0x5c, 0xfb, 0x5c, 0xef, 0x8b, 0xf7, 0x5c, 0x27, 0xf7,
    0x5c, 0x27, 0xef, 0x8b, 0xef, 0x8b, 0xf7, 0x5c, 0xfb, 0x5c, 0xef, 0xef,
    0xf7, 0x5c, 0x27, 0xef, 0x12, 0xef, 0xf7, 0x5c, 0x27, 0xef, 0x8b, 0xef,
    0x8b, 0xef, 0x8b, 0xef, 0x8b, 0xef, 0x8b, 0xef, 0x8b, 0xef, 0x13, 0x01,
    0x50, 0x00, 0xf7, 0x5c, 0xfa, 0x18, 0x15, 0x27, 0x07, 0x13, 0x01, 0x60,
    0x00, 0x27, 0x27, 0x06, 0x13, 0x01, 0x50, 0x00, 0xef, 0xfb, 0x5c, 0x06,
    0x13, 0x01, 0x64, 0x00, 0x37, 0x0a, 0x13, 0x01, 0x50, 0x00, 0x27, 0xf8,
    0x24, 0x06, 0x13, 0x21, 0x04, 0x00, 0xef, 0xfc, 0x88, 0x15, 0x13, 0x20,
    0x08, 0x00, 0xfb, 0x5c, 0x07, 0x13, 0x0a, 0x04, 0x00, 0xef, 0xf7, 0x5c,
    0x06, 0x8b, 0x04, 0x13, 0x02, 0x02, 0x00, 0x23, 0x0a, 0xef, 0x16, 0x13,
    0x00, 0x81, 0x00, 0x23, 0x0a, 0x13, 0x20, 0x08, 0x00, 0xfb, 0x5c, 0xfc,
    0xec, 0x15, 0x26, 0x0a, 0x13, 0x04, 0x00, 0x80, 0xf7, 0xc0, 0xf8, 0x24,
    0x15, 0x13, 0x08, 0x01, 0x00, 0x27, 0x07, 0x13, 0x10, 0x00, 0x80, 0xef,
    0x06, 0x13, 0x04, 0x00, 0x80, 0xef, 0x07, 0x13, 0x10, 0x00, 0x80, 0x27,
    0x04, 0x13, 0x80, 0x00, 0x80, 0xfb, 0x5c, 0x07, 0x13, 0x10, 0x00, 0x40,
    0xef, 0xf7, 0x5c, 0x06, 0x13, 0x80, 0x00, 0x80, 0x27, 0xfb, 0x5c, 0x15,
    0x27, 0x06, 0x13, 0x40, 0x00, 0x80, 0x27, 0x07, 0x13, 0x40, 0x01, 0x40,
    0x37, 0x0a, 0x13, 0x40, 0x00, 0x80, 0x27, 0x06, 0x13, 0x08, 0x01, 0x00,
    0x27, 0xf7, 0xc0, 0x15, 0x27, 0x27, 0xef, 0x06, 0x0e, 0xf8, 0x8f, 0x8b,
    0xf7, 0x5c, 0xfb, 0x5c, 0xef, 0xef, 0xf7, 0x5c, 0xfb, 0x5c, 0xef, 0xef,
    0xef, 0x8b, 0xef, 0x8b, 0xef, 0x8b, 0xef, 0x8b, 0xef, 0x12, 0xef, 0xf7,
    0x5c, 0x27, 0xef, 0x8b, 0xef, 0x8b, 0xef, 0x8b, 0xef, 0x8b, 0xef, 0x8b,
    0xef, 0x13, 0x00, 0xc0, 0xef, 0xfa, 0x18, 0x15, 0x27, 0x07, 0x13, 0x01,
    0x40, 0xf7, 0x5c, 0x06, 0x13, 0x00, 0xc0, 0xef, 0x07, 0x13, 0x01, 0x40,
    0x27, 0x04, 0x13, 0x02, 0x20, 0x27, 0x07, 0x13, 0x01, 0x10, 0xef, 0xef,
    0x06, 0x13, 0x02, 0x20, 0x27, 0x27, 0x15, 0x27, 0x27, 0x06, 0x13, 0x04,
    0x20, 0xef, 0x06, 0x8b, 0x04, 0x13, 0x08, 0x40, 0x27, 0x07, 0x13, 0x04,
    0x10, 0xef, 0xef, 0x06, 0x13, 0x08, 0x40, 0x27, 0x27, 0x15, 0x29, 0x0a,
    0x13, 0x02, 0x82, 0xf7, 0xc0, 0xf8, 0x24, 0x15, 0x13, 0x02, 0x84, 0xfb,
    0x5c, 0x07, 0x13, 0x02, 0x82, 0xef, 0xf7, 0x5c, 0x06, 0x13, 0x22, 0x04,
    0x27, 0xfb, 0x5c, 0x15, 0x27, 0x06, 0x13, 0x20, 0x08, 0xfb, 0x5c, 0x07,
    0x13, 0x0a, 0x04, 0xef, 0x06, 0x13, 0x20, 0x08, 0x27, 0x16, 0x27, 0x06,
    0x13, 0x80, 0x10, 0xfb, 0x5c, 0x07, 0x13, 0x80, 0x08, 0xef, 0x06, 0x8b,
    0x04, 0x13, 0x80, 0x05, 0xfb, 0x5c, 0x07, 0x13, 0x58, 0x01, 0x3a, 0x0a,
    0x13, 0x10, 0x02, 0x27, 0x06, 0x13, 0x80, 0x05, 0x27, 0x07, 0x13, 0x50,
    0x05, 0xef, 0x27, 0x27, 0x06, 0x13, 0x80, 0x04, 0xef, 0x07, 0x13, 0x80,
    0x10, 0xfb, 0x5c, 0x16, 0x26, 0x0a, 0x0e, 0x27, 0xef, 0x8b, 0xf7, 0x5c,
    0xfb, 0x5c, 0xef, 0xef, 0xef, 0x8b, 0xf7, 0x5c, 0xef, 0xef, 0x12, 0xef,
    0xef, 0x8b, 0xf7, 0x5c, 0x27, 0xef, 0x8b, 0xef, 0x8b, 0xef, 0x13, 0x04,
    0x80, 0xf7, 0xc0, 0xf9, 0x50, 0x15, 0x27, 0xef, 0xef, 0x07, 0x13, 0x0c,
    0x40, 0xfb, 0x5c, 0x04, 0x13, 0x15, 0x00, 0xfb, 0x5c, 0x07, 0x13, 0x0c,
    0x40, 0xef, 0xf7, 0x5c, 0x06, 0x13, 0x15, 0x00, 0x27, 0xfb, 0x5c, 0x15,
    0xfb, 0x5c, 0x06, 0x13, 0x46, 0x00, 0x27, 0x07, 0x13, 0x15, 0x00, 0xf7,
    0x5c, 0x06, 0x13, 0x46, 0x00, 0xfb, 0x5c, 0x16, 0x27, 0xfb, 0x5c, 0x06,
    0x13, 0x86, 0x00, 0xef, 0x06, 0x8b, 0x04, 0x13, 0x85, 0x20, 0x2b, 0x0a,
    0x8b, 0x04, 0x13, 0x24, 0x20, 0xef, 0xef, 0x27, 0x06, 0x0e, 0xa0, 0x76,
    0xf7, 0xc0, 0xef, 0xf7, 0xc0, 0x77, 0x9f, 0xf7, 0x5c, 0xfb, 0x5c, 0xef,
    0xef, 0xef, 0x12, 0xef, 0xef, 0x8b, 0xef, 0xf7, 0x5c, 0xef, 0x13, 0xc5,
    0x80, 0xf7, 0x5c, 0xfa, 0x7c, 0x15, 0x27, 0x07, 0x13, 0xd1, 0x80, 0xef,
    0x06, 0x13, 0xc5, 0x80, 0xef, 0x07, 0x13, 0xd1, 0x80, 0x27, 0x04, 0x13,
    0xc9, 0x80, 0x27, 0x27, 0x07, 0x13, 0xe2, 0x80, 0x27, 0xf7, 0xc0, 0x07,
    0x13, 0xc9, 0x80, 0xef, 0x27, 0x07, 0x13, 0xd1, 0x80, 0xef, 0x07, 0x13,
    0xe2, 0x80, 0xef, 0xfb, 0x5c, 0x15, 0x2a, 0x0a, 0x0e, 0xa0, 0x76, 0xf7,
    0xc0, 0xef, 0xf7, 0xc0, 0x77, 0x9f, 0xf7, 0x5c, 0xfb, 0x5c, 0xef, 0xef,
    0xef, 0x12, 0xef, 0xef, 0xf7, 0x5c, 0xef, 0x8b, 0xef, 0x13, 0xc7, 0x00,
    0xf8, 0x24, 0xfa, 0x7c, 0x15, 0x13, 0xd3, 0x00, 0x27, 0x07, 0x13, 0xc7,
    0x00, 0xef, 0xef, 0x06, 0x13, 0xd3, 0x00, 0x27, 0x27, 0x15, 0x27, 0x06,
    0x13, 0xca, 0x80, 0x27, 0x27, 0x07, 0x13, 0xe2, 0x80, 0x27, 0xf7, 0xc0,
    0x07, 0x13, 0xca, 0x80, 0xef, 0x07, 0x13, 0xcb, 0x00, 0x27, 0x06, 0x13,
    0xe2, 0x80, 0xef, 0x27, 0x15, 0x2a, 0x0a, 0x0e, 0xa0, 0x76, 0xf7, 0xc0,
    0xef, 0xf7, 0xc0, 0x77, 0x9f, 0xef, 0xef, 0xef, 0x8b, 0xef, 0x12, 0xef,
    0xef, 0x8b, 0xf7, 0xc0, 0x8b, 0xef, 0x13, 0xc5, 0x00, 0xf7, 0x5c, 0xfa,
    0xe0, 0x15, 0x13, 0xca, 0x00, 0x27, 0x07, 0x13, 0xc9, 0x00, 0xf7, 0xc0,
    0x06, 0x13, 0xc5, 0x00, 0xef, 0x07, 0x13, 0xc9, 0x00, 0x27, 0x04, 0x13,
    0xc8, 0x80, 0x27, 0xef, 0xef, 0x07, 0x13, 0xca, 0x00, 0xfc, 0x24, 0x16,
    0x27, 0x27, 0xef, 0x06, 0x13, 0xd1, 0x00, 0x27, 0x04, 0x13, 0xe2, 0x00,
    0x27, 0x07, 0x13, 0xe1, 0x00, 0xf7, 0xc0, 0x06, 0x13, 0xd1, 0x00, 0xef,
    0x07, 0x13, 0xe1, 0x00, 0x27, 0x04, 0x13, 0xe2, 0x80, 0x2a, 0x0a, 0x0e,
    0xa0, 0x76, 0xf7, 0xc0, 0xef, 0xf7, 0xc0, 0x77, 0x9f, 0xef, 0xef, 0xef,
    0x8b, 0xef, 0x12, 0x8b, 0xef, 0x8b, 0xef, 0xf7, 0x5c, 0xf7, 0x5c, 0x27,
    0xef, 0x8b, 0xef, 0x13, 0xc5, 0x00, 0xef, 0xfa, 0xe0, 0x15, 0x13, 0xca,
    0x80, 0x27, 0xf7, 0xc0, 0x07, 0x13, 0xc5, 0x80, 0xef, 0x07, 0x13, 0xc8,
    0x80, 0x27, 0x04, 0x2d, 0x0a, 0x8b, 0x04, 0x13, 0xc4, 0x20, 0xef, 0xef,
    0x27, 0x06, 0x13, 0xca, 0x00, 0xfc, 0x88, 0x27, 0x15, 0x27, 0x27, 0xef,
    0x06, 0x13, 0xd1, 0x40, 0xef, 0x27, 0x15, 0x13, 0xe1, 0x40, 0x27, 0xf7,
    0xc0, 0x07, 0x13, 0xd1, 0x40, 0xef, 0x07, 0x13, 0xe1, 0x40, 0x27, 0x04,
    0x2a, 0x0a, 0x0e, 0xa0, 0x76, 0xf7, 0xc0, 0xef, 0xf7, 0xc0, 0x77, 0x9f,
    0xef, 0xef, 0xef, 0x12, 0xef, 0xef, 0x8b, 0xef, 0xef, 0xef, 0x8b, 0xef,
    0x13, 0xca, 0x00, 0xf7, 0x5c, 0xfa, 0x7c, 0x15, 0x27, 0xef, 0xef, 0x07,
    0x13, 0xc9, 0x00, 0xef, 0x16, 0x27, 0xef, 0xef, 0x07, 0x13, 0xda, 0x00,
    0xfb, 0xc0, 0xfb, 0x5c, 0x15, 0x13, 0xec, 0x80, 0x27, 0xf7, 0xc0, 0x07,
    0x13, 0xda, 0x80, 0xef, 0x07, 0x13, 0xec, 0x80, 0x27, 0x04, 0x2a, 0x0a,
    0x0e, 0xa0, 0x76, 0xf7, 0xc0, 0xef, 0xf7, 0xc0, 0x77, 0x9f, 0xef, 0xef,
    0xef, 0x12, 0xef, 0xef, 0x8b, 0xef, 0xef, 0xef, 0x8b, 0xef, 0x13, 0xea,
    0x00, 0xf7, 0x5c, 0xfa, 0x7c, 0x15, 0x13, 0xec, 0x80, 0x39, 0x0a, 0xfb,
    0xc0, 0x04, 0x2a, 0x0a, 0x13, 0xdb, 0x00, 0xfb, 0xc0, 0xf7, 0x5c, 0x15,
    0xef, 0x27, 0x27, 0x06, 0x0e, 0xf8, 0xf3, 0x8b, 0xef, 0xf7, 0x5c, 0xef,
    0x8b, 0xef, 0x8b, 0xf7, 0x5c, 0x8b, 0xef, 0x12, 0xef, 0xef, 0x8b, 0xef,
    0x8b, 0xef, 0xef, 0xef, 0x13, 0x89, 0x80, 0xf8, 0x24, 0xf9, 0xb4, 0x15,
    0x13, 0x91, 0x80, 0x27, 0x07, 0x13, 0xca, 0x80, 0xef, 0xfb, 0xc0, 0xfb,
    0x5c, 0x06, 0x13, 0xd2, 0x80, 0xef, 0x27, 0x07, 0x13, 0xc5, 0x80, 0xfb,
    0x5c, 0xf7, 0xc0, 0xfb, 0xc0, 0xf8, 0x88, 0xef, 0xfc, 0x24, 0x07, 0x13,
    0xa9, 0x80, 0xf7, 0xc0, 0xf7, 0xc0, 0xef, 0xfb, 0xc0, 0xf7, 0x5c, 0xf8,
    0x24, 0xef, 0x07, 0x13, 0xc4, 0x80, 0xfd, 0xb4, 0xfc, 0x88, 0x15, 0x27,
    0xfb, 0xc0, 0xef, 0x06, 0x13, 0x92, 0x80, 0xef, 0xf8, 0x88, 0x15, 0x13,
    0x91, 0x80, 0x23, 0x0a, 0x0e, 0xfb, 0x5c, 0xef, 0x8b, 0xf7, 0x5c, 0x27,
    0xef, 0x8b, 0xef, 0xf8, 0x24, 0xef, 0x8b, 0xef, 0x12, 0xef, 0xef, 0x8b,
    0xf7, 0xc0, 0xfb, 0x5c, 0xef, 0x8b, 0xef, 0x8b, 0xef, 0x13, 0x05, 0x00,
    0xf7, 0x5c, 0xf9, 0xb4, 0x15, 0x13, 0x06, 0x00, 0x27, 0x07, 0x13, 0x09,
    0x00, 0xf7, 0xc0, 0x06, 0x13, 0x05, 0x00, 0xef, 0x07, 0x13, 0x09, 0x00,
    0x27, 0x04, 0x13, 0x08, 0x20, 0x27, 0xef, 0xef, 0x07, 0x13, 0x16, 0x00,
    0xfc, 0x24, 0x16, 0x27, 0xfc, 0xec, 0x06, 0x13, 0x26, 0x00, 0xef, 0x06,
    0x8b, 0x04, 0x13, 0xa1, 0x00, 0x27, 0x07, 0x13, 0xa0, 0x40, 0xf7, 0x5c,
    0x06, 0x13, 0x80, 0x80, 0x27, 0x07, 0x13, 0x40, 0x40, 0xef, 0x06, 0x13,
    0x41, 0x00, 0xf7, 0x5c, 0x07, 0x8b, 0x04, 0x13, 0x10, 0x20, 0xef, 0xef,
    0x27, 0x06, 0x13, 0x80, 0x80, 0x27, 0xfb, 0xc0, 0x15, 0x27, 0x27, 0xef,
    0x06, 0x0e, 0x8b, 0xef, 0xf7, 0xc0, 0xef, 0xf7, 0x5c, 0xf7, 0x5c, 0xfb,
    0x5c, 0xef, 0xef, 0xef, 0x12, 0xef, 0xef, 0x8b, 0xef, 0x13, 0xca, 0xf7,
    0x5c, 0xfa, 0x7c, 0x15, 0x27, 0x07, 0x13, 0xe2, 0xef, 0x06, 0x13, 0xca,
    0xef, 0x07, 0x13, 0xe2, 0x27, 0x04, 0x13, 0xd2, 0x27, 0x07, 0x13, 0xd4,
    0xfb, 0x5c, 0xfd, 0xb4, 0xf8, 0x88, 0xef, 0xfc, 0x24, 0xf7, 0xc0, 0xf7,
    0xc0, 0xef, 0xfb, 0xc0, 0xf7, 0x5c, 0xf8, 0x24, 0xef, 0xfb, 0x5c, 0x06,
    0x13, 0xe2, 0xef, 0x07, 0x0e, 0x8b, 0xef, 0xf7, 0xc0, 0xef, 0xf7, 0x5c,
    0xf7, 0x5c, 0xfb, 0x5c, 0xef, 0xef, 0xef, 0x12, 0xef, 0xef, 0xf7, 0x5c,
    0xef, 0x13, 0xce, 0xf8, 0x24, 0xfa, 0x7c, 0x15, 0x13, 0xe6, 0x27, 0x07,
    0x13, 0xce, 0xef, 0xef, 0x06, 0x13, 0xe6, 0x27, 0x27, 0x15, 0x27, 0x06,
    0x13, 0xd6, 0x27, 0xfb, 0x5c, 0xfd, 0xb4, 0xf8, 0x88, 0xef, 0xfc, 0x24,
    0xf7, 0xc0, 0xf7, 0xc0, 0xef, 0xfb, 0xc0, 0xf7, 0x5c, 0xf8, 0x24, 0xef,
    0xfb, 0x5c, 0x07, 0x0e, 0x8b, 0xef, 0xf7, 0xc0, 0xef, 0xf7, 0x5c, 0xef,
    0xef, 0xef, 0x8b, 0xef, 0x12, 0xef, 0xef, 0xf7, 0xc0, 0xef, 0x13, 0xee,
    0xf7, 0x5c, 0xfa, 0xe0, 0x15, 0x13, 0xf6, 0x27, 0xf7, 0xc0, 0x07, 0x13,
    0xee, 0xef, 0x07, 0x13, 0xf6, 0x27, 0x04, 0x27, 0xef, 0xef, 0x07, 0xfc,
    0x24, 0x16, 0x27, 0x27, 0xef, 0x06, 0x27, 0x27, 0x15, 0x2c, 0x0a, 0x0e,
    0x8b, 0xef, 0xf7, 0xc0, 0xef, 0xf7, 0x5c, 0xef, 0xef, 0xef, 0x12, 0xef,
    0xef, 0x8b, 0xef, 0xef, 0xef, 0x13, 0xf6, 0xf7, 0x5c, 0xfa, 0x7c, 0x15,
    0x27, 0xef, 0xef, 0x07, 0xef, 0x16, 0x27, 0xef, 0xef, 0x07, 0x13, 0xfa,
    0xfc, 0x24, 0xfb, 0x5c, 0x15, 0x2c, 0x0a, 0x0e, 0x92, 0x8b, 0xef, 0xf9,
    0x50, 0x77, 0xf7, 0x0c, 0xef, 0x8b, 0xef, 0x12, 0xef, 0xef, 0x8b, 0xef,
    0x13, 0xd8, 0xef, 0xfa, 0xe0, 0x15, 0x27, 0x07, 0x13, 0xe8, 0xef, 0x06,
    0x13, 0xd8, 0xef, 0x07, 0x13, 0xe8, 0x27, 0x04, 0x13, 0xe4, 0x27, 0xef,
    0xef, 0x07, 0x27, 0xfb, 0x5c, 0x15, 0xfd, 0x50, 0x07, 0x13, 0xc8, 0x37,
    0x0a, 0x13, 0xc4, 0x27, 0xf9, 0x50, 0x06, 0x0e, 0x92, 0x8b, 0xef, 0xf9,
    0x50, 0x77, 0xf7, 0x0c, 0xef, 0x8b, 0xef, 0x12, 0xf7, 0x5c, 0xef, 0x8b,
    0xef, 0x13, 0xd4, 0xf7, 0xc0, 0xfa, 0xe0, 0x15, 0x13, 0xe8, 0x27, 0x07,
    0x13, 0xd4, 0xef, 0xef, 0x06, 0x13, 0xe8, 0x27, 0x27, 0x15, 0x27, 0x27,
    0xef, 0x06, 0x27, 0x27, 0x15, 0xfd, 0x50, 0x27, 0x27, 0x07, 0x13, 0xc4,
    0xf7, 0xc0, 0xef, 0x06, 0x13, 0xc8, 0x27, 0xf9, 0x50, 0x06, 0x0e, 0x92,
    0x8b, 0xef, 0xf9, 0x50, 0x77, 0x9f, 0xef, 0x8b, 0xef, 0x12, 0x8b, 0xef,
    0x8b, 0xf7, 0xc0, 0x8b, 0xef, 0x13, 0x94, 0xef, 0xfa, 0x7c, 0x15, 0x13,
    0xa8, 0x27, 0x07, 0x13, 0xa4, 0xf7, 0xc0, 0x06, 0x13, 0x94, 0xef, 0x07,
    0x13, 0xa4, 0x27, 0x04, 0x13, 0xa2, 0x27, 0xef, 0xef, 0x07, 0x13, 0xa8,
    0xfc, 0x24, 0x16, 0x27, 0x27, 0xef, 0x06, 0x13, 0xc4, 0xef, 0x16, 0xfd,
    0x50, 0x27, 0x27, 0xf7, 0xc0, 0xef, 0x27, 0xf9, 0x50, 0x07, 0x0e, 0x92,
    0x8b, 0xef, 0xf9, 0x50, 0x77, 0xf7, 0x0c, 0xef, 0x12, 0xef, 0xef, 0x8b,
    0xef, 0x8b, 0xef, 0x13, 0xf0, 0xef, 0xfa, 0x7c, 0x15, 0x27, 0xef, 0xef,
    0x07, 0x13, 0xe4, 0xef, 0x16, 0x27, 0xef, 0xef, 0x07, 0x13, 0xe8, 0xfb,
    0x5c, 0xfb, 0x5c, 0x15, 0xfd, 0x50, 0x07, 0x13, 0xf4, 0x37, 0x0a, 0x13,
    0xe8, 0x27, 0xf9, 0x50, 0x06, 0x0e, 0xf7, 0xc7, 0x8b, 0xef, 0xef, 0xef,
    0xf8, 0x24, 0x77, 0x9f, 0xef, 0x12, 0xf7, 0x5c, 0xef, 0xf7, 0xc0, 0xef,
    0x13, 0xdc, 0xef, 0xf9, 0xb4, 0x15, 0x27, 0xef, 0xfc, 0x24, 0x27, 0x27,
    0xef, 0xfb, 0x5c, 0xf8, 0x24, 0xef, 0xfb, 0xc0, 0xef, 0xef, 0xef, 0x27,
    0xf8, 0x24, 0x07, 0x13, 0xec, 0xf7, 0xc0, 0x06, 0x13, 0xdc, 0xef, 0x07,
    0x13, 0xec, 0x27, 0x04, 0x20, 0x0a, 0x0e, 0xa0, 0x76, 0xf8, 0x88, 0xef,
    0xf7, 0x5c, 0x77, 0xf7, 0x0c, 0xef, 0x8b, 0xef, 0x12, 0x8b, 0xef, 0x8b,
    0xf7, 0x5c, 0xfb, 0x5c, 0xef, 0xef, 0xef, 0x8b, 0xf7, 0x5c, 0x27, 0xef,
    0x8b, 0xef, 0x13, 0xe9, 0x00, 0xef, 0xfa, 0xe0, 0x15, 0x13, 0xf4, 0x40,
    0x27, 0xf7, 0xc0, 0x07, 0x13, 0xe9, 0x40, 0xef, 0x07, 0x13, 0xf0, 0x40,
    0x27, 0x04, 0x2d, 0x0a, 0x8b, 0x04, 0x13, 0xe8, 0x10, 0xef, 0xef, 0x27,
    0x06, 0x13, 0xf4, 0x00, 0xfc, 0x88, 0x27, 0x15, 0x27, 0x27, 0xef, 0x06,
    0x13, 0xe1, 0x00, 0x27, 0x04, 0xfd, 0xb4, 0xef, 0xf8, 0xec, 0x07, 0x13,
    0xe2, 0x00, 0xef, 0xef, 0x06, 0x13, 0xe1, 0x00, 0x27, 0xef, 0x06, 0x13,
    0xe2, 0x00, 0xef, 0xfb, 0x5c, 0x15, 0x13, 0xe0, 0x80, 0x27, 0xef, 0xef,
    0x07, 0x27, 0x04, 0x13, 0xe0, 0x40, 0x27, 0x07, 0x13, 0xe0, 0xa0, 0x2e,
    0x0a, 0x0e, 0x8b, 0xef, 0xf8, 0xec, 0x77, 0x9f, 0xef, 0xef, 0xef, 0x8b,
    0xef, 0x12, 0xef, 0xef, 0x8b, 0xf7, 0xc0, 0xfb, 0xc0, 0xef, 0x8b, 0xef,
    0xef, 0xef, 0x13, 0x89, 0x00, 0xf7, 0x5c, 0xfa, 0xe0, 0x15, 0x27, 0x07,
    0x13, 0x91, 0x00, 0xef, 0x06, 0x13, 0x89, 0x00, 0xef, 0x07, 0x13, 0x91,
    0x00, 0x27, 0x04, 0x13, 0x90, 0x80, 0x27, 0xef, 0xef, 0x07, 0x13, 0xa2,
    0x00, 0xfb, 0x5c, 0xfb, 0x5c, 0x15, 0x13, 0xc4, 0x00, 0x27, 0x07, 0x13,
    0xc2, 0x00, 0xf7, 0xc0, 0x06, 0x13, 0xa2, 0x00, 0xef, 0x07, 0x13, 0xc2,
    0x00, 0x27, 0x04, 0xfc, 0xec, 0x07, 0x13, 0xc0, 0x40, 0xef, 0xf8, 0xec,
    0x06, 0x13, 0x82, 0x00, 0x27, 0xfc, 0xec, 0x15, 0x13, 0x84, 0x00, 0xfb,
    0xc0, 0x06, 0x13, 0x82, 0x00, 0x27, 0xf7, 0xc0, 0x07, 0x13, 0xc4, 0x00,
    0xfb, 0xc0, 0xef, 0x15, 0x27, 0x0a, 0x0e, 0x8b, 0xef, 0xf8, 0xec, 0x77,
    0x9f, 0xef, 0xef, 0xef, 0x8b, 0xef, 0x12, 0xef, 0xef, 0x8b, 0xf7, 0xc0,
    0xfb, 0x5c, 0xef, 0x8b, 0xef, 0x8b, 0xef, 0x13, 0x88, 0x80, 0xf8, 0x24,
    0xfa, 0xe0, 0x15, 0x13, 0x91, 0x00, 0x27, 0x07, 0x13, 0x88, 0x80, 0xef,
    0xef, 0x06, 0x13, 0x91, 0x00, 0x27, 0x27, 0x15, 0x27, 0x27, 0xef, 0x06,
    0x13, 0xa2, 0x00, 0xfb, 0x5c, 0x27, 0x15, 0x13, 0xc4, 0x00, 0x27, 0x07,
    0x13, 0xc2, 0x00, 0xf7, 0xc0, 0x06, 0x13, 0xa2, 0x00, 0xef, 0x07, 0x13,
    0xc2, 0x00, 0x27, 0x04, 0xfc, 0xec, 0x07, 0x13, 0xc0, 0x40, 0xef, 0xf8,
    0xec, 0x06, 0x13, 0x82, 0x00, 0x27, 0xfc, 0xec, 0x15, 0x13, 0x84, 0x00,
    0xfb, 0xc0, 0x06, 0x13, 0x82, 0x00, 0x27, 0xf7, 0xc0, 0x07, 0x13, 0xc4,
    0x00, 0xfb, 0xc0, 0xef, 0x15, 0x27, 0x0a, 0x0e, 0x8b, 0xef, 0xf8, 0xec,
    0x77, 0x9f, 0xef, 0xef, 0xef, 0x8b, 0xef, 0x12, 0xef, 0xef, 0x8b, 0xf7,
    0xc0, 0x8b, 0xef, 0x13, 0x8a, 0xf7, 0x5c, 0xfa, 0xe0, 0x15, 0x13, 0x94,
    0x27, 0x07, 0x13, 0x92, 0xf7, 0xc0, 0x06, 0x13, 0x8a, 0xef, 0x07, 0x13,
    0x92, 0x27, 0x04, 0x13, 0x91, 0x27, 0xef, 0xef, 0x07, 0x13, 0x94, 0xfc,
    0x24, 0x16, 0x27, 0x27, 0xef, 0x06, 0x13, 0xa2, 0x27, 0x04, 0x13, 0xc4,
    0x27, 0x07, 0x13, 0xc2, 0xf7, 0xc0, 0x06, 0x13, 0xa2, 0xef, 0x07, 0x13,
    0xc2, 0x27, 0x04, 0xfc, 0xec, 0x07, 0x13, 0xc1, 0xef, 0xf8, 0xec, 0x06,
    0x13, 0x82, 0x27, 0xfc, 0xec, 0x15, 0x13, 0x84, 0xfb, 0xc0, 0x06, 0x13,
    0x82, 0x27, 0xf7, 0xc0, 0x07, 0x13, 0xc4, 0xfb, 0xc0, 0xef, 0x15, 0x27,
    0x0a, 0x0e, 0x8b, 0xef, 0xf8, 0xec, 0x77, 0x9f, 0xef, 0xef, 0xef, 0x8b,
    0xef, 0x12, 0x8b, 0xef, 0x8b, 0xef, 0x8b, 0xf7, 0xc0, 0x27, 0xf7, 0x5c,
    0x27, 0xef, 0x8b, 0xef, 0x13, 0x8a, 0x00, 0xef, 0xfa, 0xe0, 0x15, 0x13,
    0x94, 0x80, 0x27, 0xf7, 0xc0, 0x07, 0x13, 0x8a, 0x80, 0xef, 0x07, 0x13,
    0x90, 0x80, 0x27, 0x04, 0x2d, 0x0a, 0x8b, 0x04, 0x13, 0x88, 0x20, 0xef,
    0xef, 0x27, 0x06, 0x13, 0x94, 0x00, 0xfc, 0x88, 0x27, 0x15, 0x27, 0x27,
    0xef, 0x06, 0x13, 0xa1, 0x00, 0xef, 0x27, 0x15, 0x13, 0xc2, 0x00, 0x27,
    0x07, 0x13, 0xc1, 0x00, 0xf7, 0xc0, 0x06, 0x13, 0xa1, 0x00, 0xef, 0x07,
    0x13, 0xc1, 0x00, 0x27, 0x04, 0xfc, 0xec, 0x07, 0x13, 0xc0, 0x40, 0xef,
    0xf8, 0xec, 0x06, 0x13, 0x81, 0x00, 0x27, 0xfc, 0xec, 0x15, 0x13, 0x82,
    0x00, 0xfb, 0xc0, 0x06, 0x13, 0x81, 0x00, 0x27, 0xf7, 0xc0, 0x07, 0x13,
    0xc2, 0x00, 0xfb, 0xc0, 0xef, 0x15, 0x27, 0x0a, 0x0e, 0x8b, 0xef, 0xf8,
    0xec, 0x77, 0x9f, 0xef, 0xef, 0xef, 0x12, 0xef, 0xef, 0x8b, 0xef, 0xef,
    0xef, 0x8b, 0xef, 0x13, 0x94, 0xf7, 0x5c, 0xfa, 0x7c, 0x15, 0x27, 0xef,
    0xef, 0x07, 0x13, 0x92, 0xef, 0x16, 0x27, 0xef, 0xef, 0x07, 0x13, 0xb4,
    0xfb, 0xc0, 0xfb, 0x5c, 0x15, 0x13, 0xd9, 0x27, 0xf7, 0xc0, 0x07, 0x13,
    0xb5, 0xef, 0x07, 0x13, 0xd1, 0x27, 0x04, 0x20, 0x0a, 0x27, 0xfc, 0xec,
    0x15, 0x13, 0x98, 0xfb, 0xc0, 0x06, 0x13, 0x95, 0x27, 0xf7, 0xc0, 0x07,
    0x13, 0xd8, 0xfb, 0xc0, 0xef, 0x15, 0x27, 0x0a, 0x0e, 0xef, 0xef, 0x8b,
    0xef, 0x8b, 0xef, 0x8b, 0xef, 0x8b, 0xef, 0x12, 0xef, 0xef, 0x8b, 0xef,
    0x8b, 0xef, 0x8b, 0xef, 0x8b, 0xef, 0x13, 0x0c, 0x00, 0xef, 0xf8, 0xec,
    0x15, 0x27, 0x07, 0x13, 0x14, 0x00, 0xef, 0x06, 0x13, 0x0c, 0x00, 0xef,
    0x07, 0x13, 0x14, 0x00, 0x27, 0x04, 0x13, 0x12, 0x00, 0x27, 0x07, 0x13,
    0x22, 0x00, 0xef, 0x06, 0x13, 0x12, 0x00, 0xef, 0x07, 0x13, 0x22, 0x00,
    0x27, 0x04, 0x13, 0x42, 0x00, 0x27, 0x07, 0x13, 0x41, 0x00, 0xef, 0x06,
    0x13, 0x21, 0x00, 0xef, 0x07, 0x8b, 0x04, 0x13, 0x10, 0x80, 0xef, 0xef,
    0x27, 0x06, 0xef, 0x16, 0x13, 0x08, 0x40, 0xef, 0xef, 0x27, 0x06, 0x13,
    0x41, 0x00, 0x27, 0xfb, 0xc0, 0x15, 0x13, 0x40, 0x80, 0x27, 0x07, 0x13,
    0x80, 0x80, 0xef, 0x06, 0x13, 0x40, 0x80, 0xef, 0x07, 0x13, 0x80, 0x80,
    0x27, 0x04, 0x13, 0x80, 0x40, 0x27, 0xef, 0xef, 0x07, 0x13, 0x42, 0x00,
    0xfb, 0xc0, 0xef, 0x15, 0x27, 0x06, 0x13, 0x84, 0x00, 0x27, 0x07, 0x13,
    0x42, 0x00, 0xef, 0x06, 0x13, 0x84, 0x00, 0x27, 0x16, 0x27, 0x27, 0xef,
    0x06, 0x0e, 0xf7, 0xc7, 0x8b, 0xef, 0x8b, 0xf7, 0x5c, 0xfb, 0x5c, 0xef,
    0xef, 0xef, 0x8b, 0xef, 0x8b, 0xf7, 0x5c, 0x27, 0x77, 0x9f, 0xef, 0x8b,
    0xef, 0x12, 0xef, 0xef, 0x8b, 0xef, 0x8b, 0xef, 0x8b, 0xef, 0x8b, 0xef,
    0x8b, 0xef, 0x13, 0x00, 0x90, 0xf7, 0xc0, 0xf9, 0xb4, 0x15, 0x13, 0x01,
    0x24, 0x27, 0x07, 0x13, 0x04, 0x14, 0xf7, 0x5c, 0x06, 0x13, 0x00, 0x94,
    0xef, 0x07, 0x13, 0x04, 0x04, 0x27, 0x04, 0x13, 0x08, 0x08, 0xfb, 0x5c,
    0x07, 0x13, 0x04, 0x04, 0xef, 0xf7, 0x5c, 0x06, 0x8b, 0x04, 0x13, 0x00,
    0x82, 0xef, 0xef, 0x27, 0x06, 0x13, 0x24, 0x04, 0xfb, 0xc0, 0x04, 0xfb,
    0xc0, 0x07, 0x13, 0x24, 0x02, 0xef, 0xf7, 0xc0, 0x06, 0x13, 0x20, 0x04,
    0x27, 0xfb, 0xc0, 0x15, 0x27, 0x06, 0x13, 0x80, 0x04, 0x27, 0x07, 0x13,
    0x20, 0x04, 0xef, 0x06, 0x13, 0x80, 0x24, 0x27, 0x16, 0xfb, 0x5c, 0x06,
    0x13, 0x80, 0x14, 0x27, 0xf7, 0x5c, 0x07, 0x13, 0x80, 0x20, 0xfb, 0x5c,
    0xef, 0x15, 0x13, 0x40, 0x20, 0xf7, 0x5c, 0x07, 0x13, 0x40, 0x40, 0x27,
    0x06, 0x13, 0x80, 0x40, 0xfb, 0x5c, 0x07, 0x8b, 0x04, 0x27, 0x27, 0xef,
    0x06, 0x13, 0x42, 0x40, 0xf7, 0xc0, 0x04, 0xf7, 0xc0, 0x27, 0x07, 0x13,
    0x10, 0x40, 0xfb, 0xc0, 0x07, 0x13, 0x02, 0x40, 0xef, 0xf7, 0xc0, 0x15,
    0x13, 0x01, 0x20, 0xef, 0xef, 0x27, 0x06, 0x13, 0x40, 0x20, 0xef, 0xfc,
    0x24, 0x15, 0x13, 0x10, 0x10, 0xef, 0xef, 0x27, 0x06, 0xef, 0x16, 0x13,
    0x08, 0x08, 0xef, 0xef, 0x27, 0x06, 0x0e, 0x8b, 0xef, 0xf9, 0x50, 0x77,
    0xf7, 0x0c, 0xef, 0x8b, 0xef, 0x12, 0xef, 0xef, 0x8b, 0xef, 0x8b, 0xef,
    0xef, 0xef, 0x13, 0xd5, 0xf7, 0x5c, 0xfa, 0xe0, 0x15, 0x27, 0x07, 0x13,
    0xe5, 0xef, 0x06, 0x13, 0xd5, 0xef, 0x07, 0x13, 0xe5, 0x27, 0x04, 0x13,
    0xe3, 0x27, 0xef, 0xef, 0x07, 0x13, 0xc9, 0xfb, 0xc0, 0xfb, 0x5c, 0x15,
    0x30, 0x0a, 0xfd, 0x50, 0x04, 0x13, 0xc5, 0x2b, 0x0a, 0x8b, 0x04, 0xef,
    0xf9, 0x50, 0x27, 0x06, 0x0e, 0x8b, 0xef, 0xf9, 0x50, 0x77, 0xf7, 0x0c,
    0xef, 0x8b, 0xef, 0x12, 0xef, 0xef, 0xef, 0xef, 0x8b, 0xef, 0x8b, 0xef,
    0x13, 0xda, 0xf8, 0x24, 0xfa, 0xe0, 0x15, 0x13, 0xec, 0x27, 0x07, 0x13,
    0xda, 0xef, 0xef, 0x06, 0x13, 0xec, 0x27, 0x27, 0x15, 0x27, 0x27, 0xef,
    0x06, 0xfb, 0xc0, 0x27, 0x15, 0x30, 0x0a, 0xfd, 0x50, 0x04, 0x27, 0x07,
    0x13, 0xc9, 0xf7, 0xc0, 0xef, 0x06, 0x8b, 0x04, 0xef, 0xf9, 0x50, 0x27,
    0x06, 0x0e, 0x8b, 0xef, 0xf9, 0x50, 0x77, 0xf7, 0x0c, 0xef, 0x8b, 0xef,
    0x12, 0x8b, 0xef, 0x8b, 0xef, 0xf7, 0xc0, 0xef, 0x8b, 0xef, 0x13, 0xd4,
    0xef, 0xfa, 0xe0, 0x15, 0x13, 0xe9, 0x27, 0xf8, 0x88, 0x07, 0x13, 0xd5,
    0xef, 0x07, 0x13, 0xe1, 0x27, 0x04, 0x27, 0xef, 0xef, 0x07, 0x13, 0xe8,
    0xfc, 0xec, 0x16, 0x27, 0x27, 0xef, 0x06, 0x13, 0xc4, 0x27, 0x04, 0x30,
    0x0a, 0xfd, 0x50, 0x04, 0x27, 0x07, 0x13, 0xc6, 0xf7, 0xc0, 0xef, 0x06,
    0x8b, 0x04, 0xef, 0xf9, 0x50, 0x27, 0x06, 0x0e, 0x8b, 0xef, 0xf9, 0x50,
    0x77, 0xf7, 0x0c, 0xef, 0x12, 0xef, 0xef, 0x8b, 0xef, 0xef, 0xef, 0x8b,
    0xef, 0x13, 0xe8, 0xf7, 0x5c, 0xfa, 0x7c, 0x15, 0x27, 0xef, 0xef, 0x07,
    0x13, 0xe4, 0xef, 0x16, 0x27, 0xef, 0xef, 0x07, 0x13, 0xf0, 0xfc, 0x24,
    0xfb, 0x5c, 0x15, 0x30, 0x0a, 0xfd, 0x50, 0x04, 0x13, 0xea, 0x2b, 0x0a,
    0x8b, 0x04, 0xef, 0xf9, 0x50, 0x27, 0x06, 0x0e, 0xa0, 0x76, 0xf8, 0x24,
    0xef, 0x8b, 0xf7, 0xc0, 0xef, 0xef, 0x8b, 0xef, 0x12, 0xef, 0xef, 0x8b,
    0xef, 0x8b, 0xef, 0x8b, 0xef, 0x8b, 0xef, 0x13, 0x88, 0x80, 0xf8, 0x24,
    0xfa, 0xe0, 0x15, 0x13, 0x91, 0x00, 0x27, 0x07, 0x13, 0x88, 0x80, 0xef,
    0xef, 0x06, 0x13, 0x91, 0x00, 0x27, 0x27, 0x15, 0x27, 0x27, 0xef, 0x06,
    0x13, 0xa4, 0x00, 0xfb, 0xc0, 0x27, 0x15, 0xfb, 0xc0, 0x07, 0x13, 0xc4,
    0x00, 0xef, 0x06, 0x13, 0xa4, 0x00, 0xf7, 0xc0, 0x07, 0x13, 0xc4, 0x00,
    0xfb, 0xc0, 0x04, 0x13, 0xc2, 0x00, 0x27, 0xef, 0xef, 0x07, 0x27, 0x04,
    0x13, 0xc1, 0x00, 0x28, 0x0a, 0x8b, 0x04, 0x13, 0xc0, 0x80, 0xef, 0xef,
    0x27, 0x06, 0xef, 0x16, 0x13, 0xa0, 0x40, 0x32, 0x0a, 0x0e, 0xf6, 0xef,
    0xef, 0xf7, 0xc0, 0xef, 0xf7, 0x5c, 0x77, 0x12, 0xef, 0xf7, 0xc0, 0xfb,
    0xc0, 0xef, 0xf7, 0x5c, 0xef, 0x13, 0xe8, 0xef, 0xf9, 0xb4, 0x15, 0xfe,
    0x18, 0xef, 0xf7, 0x5c, 0x07, 0x13, 0xf0, 0xf7, 0x5c, 0xef, 0x06, 0x13,
    0xe8, 0xfb, 0x5c, 0xf7, 0xc0, 0x06, 0x13, 0xf0, 0xf7, 0x5c, 0xef, 0x06,
    0x13, 0xe8, 0xfb, 0x5c, 0xf7, 0x5c, 0x06, 0x13, 0xf0, 0xf7, 0x5c, 0xfb,
    0xc0, 0x15, 0xfb, 0xc0, 0x07, 0x13, 0xe4, 0xef, 0xf7, 0xc0, 0x06, 0x0e,
    0x8b, 0xef, 0xf7, 0xc0, 0xef, 0xf7, 0x5c, 0x77, 0x9f, 0xef, 0x12, 0xef,
    0xef, 0x8b, 0xf7, 0x5c, 0x27, 0xf7, 0x5c, 0x27, 0xef, 0x8b, 0xef, 0x13,
    0xd4, 0x00, 0xf7, 0x5c, 0xf9, 0xb4, 0x15, 0x13, 0xe8, 0x00, 0x27, 0x07,
    0x13, 0xe4, 0x00, 0xf7, 0x5c, 0x06, 0x13, 0xd4, 0x00, 0xef, 0x07, 0x13,
    0xe4, 0x00, 0x27, 0x04, 0x13, 0xe1, 0x00, 0xfb, 0x5c, 0x07, 0x13, 0xe2,
    0x00, 0x27, 0x27, 0x06, 0x13, 0xe0, 0x80, 0xf7, 0x5c, 0x06, 0x13, 0xe2,
    0x00, 0xfb, 0xc0, 0x07, 0x13, 0xe0, 0x80, 0xef, 0xf8, 0x24, 0x06, 0x13,
    0xe1, 0x00, 0x27, 0xf7, 0x5c, 0x06, 0x13, 0xc2, 0x00, 0xfc, 0xec, 0x04,
    0x29, 0x0a, 0x13, 0xe8, 0x00, 0xfb, 0xc0, 0xf9, 0x50, 0x15, 0x27, 0xfd,
    0xb4, 0xef, 0x06, 0x0e, 0x8b, 0xef, 0x8b, 0xf7, 0x5c, 0x8b, 0xef, 0xef,
    0xef, 0xef, 0xef, 0x8b, 0xef, 0x12, 0xef, 0xef, 0x8b, 0xef, 0x8b, 0xef,
    0xef, 0xef, 0x13, 0x15, 0x40, 0xf7, 0x5c, 0xfa, 0x18, 0x15, 0x27, 0x07,
    0x13, 0x19, 0x40, 0xef, 0x06, 0x13, 0x15, 0x40, 0xef, 0x07, 0x13, 0x19,
    0x40, 0x27, 0x04, 0x13, 0x18, 0xc0, 0x27, 0xef, 0xef, 0x07, 0x13, 0x11,
    0x40, 0xfb, 0x5c, 0xfb, 0x5c, 0x15, 0x2b, 0x0a, 0x27, 0x04, 0x13, 0x31,
    0x40, 0x27, 0xfb, 0xc0, 0x07, 0x13, 0x52, 0x40, 0x27, 0x07, 0x13, 0xb2,
    0x40, 0x3b, 0x0a, 0x13, 0xb1, 0x40, 0x27, 0xf8, 0x24, 0xf8, 0x88, 0x07,
    0x13, 0x92, 0x40, 0xfc, 0x24, 0xfc, 0x24, 0x15, 0x13, 0x52, 0x40, 0x22,
    0x0a, 0x0e, 0x8b, 0xef, 0x8b, 0xf7, 0x5c, 0x8b, 0xef, 0xef, 0xef, 0xef,
    0xef, 0x8b, 0xef, 0x12, 0xef, 0xef, 0xef, 0xef, 0x8b, 0xef, 0x8b, 0xef,
    0x13, 0x16, 0x80, 0xf8, 0x24, 0xfa, 0x18, 0x15, 0x13, 0x1b, 0x00, 0x27,
    0x07, 0x13, 0x16, 0x80, 0xef, 0xef, 0x06, 0x13, 0x1b, 0x00, 0x27, 0x27,
    0x15, 0x27, 0x27, 0xef, 0x06, 0xfb, 0x5c, 0x27, 0x15, 0x27, 0x07, 0x13,
    0x12, 0x40, 0xf7, 0xc0, 0xef, 0x06, 0x27, 0x04, 0x13, 0x32, 0x40, 0x27,
    0xfb, 0xc0, 0x07, 0x13, 0x52, 0x40, 0x27, 0x07, 0x13, 0xb2, 0x40, 0x33,
    0x0a, 0xfc, 0x24, 0xfc, 0x24, 0x15, 0x13, 0x52, 0x00, 0x22, 0x0a, 0x0e,
    0x8b, 0xef, 0x8b, 0xf7, 0x5c, 0x8b, 0xef, 0xef, 0xef, 0xef, 0xef, 0x8b,
    0xef, 0x12, 0xef, 0xef, 0x8b, 0xf7, 0xc0, 0x8b, 0xef, 0x13, 0x15, 0x00,
    0xf7, 0x5c, 0xfa, 0x18, 0x15, 0x13, 0x1a, 0x00, 0x27, 0x07, 0x13, 0x19,
    0x00, 0xf7, 0xc0, 0x06, 0x13, 0x15, 0x00, 0xef, 0x07, 0x13, 0x19, 0x00,
    0x27, 0x04, 0x13, 0x18, 0x80, 0x27, 0xef, 0xef, 0x07, 0x13, 0x1a, 0x00,
    0xfc, 0x24, 0x16, 0x27, 0x27, 0xef, 0x06, 0x13, 0x11, 0x00, 0x27, 0x04,
    0x2b, 0x0a, 0x27, 0x04, 0x13, 0x30, 0x80, 0x27, 0x07, 0x13, 0x31, 0x00,
    0xfb, 0xc0, 0x06, 0x13, 0x52, 0x80, 0x27, 0x07, 0x13, 0xb2, 0x80, 0x3b,
    0x0a, 0x13, 0xb1, 0x00, 0x27, 0x07, 0x13, 0xb0, 0x80, 0xf8, 0x24, 0xf8,
    0x88, 0x06, 0x13, 0x92, 0x00, 0xfc, 0x24, 0xfc, 0x24, 0x15, 0x13, 0x52,
    0x00, 0x22, 0x0a, 0x0e, 0x8b, 0xef, 0x8b, 0xf7, 0x5c, 0x8b, 0xef, 0xef,
    0xef, 0xef, 0xef, 0x8b, 0xef, 0x12, 0x8b, 0xef, 0x8b, 0xef, 0xf7, 0x5c,
    0xf7, 0x5c, 0x27, 0xef, 0x8b, 0xef, 0x13, 0x15, 0x00, 0xef, 0xfa, 0x18,
    0x15, 0x13, 0x1a, 0x80, 0x27, 0xf7, 0xc0, 0x07, 0x13, 0x15, 0x80, 0xef,
    0x07, 0x13, 0x18, 0x80, 0x27, 0x04, 0x2d, 0x0a, 0x8b, 0x04, 0x13, 0x14,
    0x20, 0xef, 0xef, 0x27, 0x06, 0x13, 0x1a, 0x00, 0xfc, 0x88, 0x27, 0x15,
    0x27, 0x27, 0xef, 0x06, 0x13, 0x11, 0x40, 0xef, 0x27, 0x15, 0x2b, 0x0a,
    0x27, 0x04, 0x13, 0x31, 0x40, 0x27, 0xfb, 0xc0, 0x07, 0x13, 0x51, 0x40,
    0x27, 0x07, 0x13, 0xb1, 0x40, 0xf7, 0xc0, 0xfb, 0x5c, 0xfb, 0xc0, 0x27,
    0x06, 0x13, 0xb0, 0x20, 0xf8, 0x24, 0x06, 0x13, 0x31, 0x40, 0xf8, 0x88,
    0x07, 0x13, 0x91, 0x00, 0xfc, 0x24, 0xfc, 0x24, 0x15, 0x13, 0x51, 0x00,
    0x22, 0x0a, 0x0e, 0x8b, 0xef, 0x8b, 0xf7, 0x5c, 0x8b, 0xef, 0xef, 0xef,
    0xef, 0xef, 0x12, 0xef, 0xef, 0x8b, 0xef, 0xef, 0xef, 0x8b, 0xef, 0x13,
    0x1a, 0x00, 0xf7, 0x5c, 0xf9, 0xb4, 0x15, 0x27, 0xef, 0xef, 0x07, 0x13,
    0x19, 0x00, 0xef, 0x16, 0x27, 0xef, 0xef, 0x07, 0x13, 0x1a, 0x80, 0xfb,
    0xc0, 0xfb, 0x5c, 0x15, 0x2b, 0x0a, 0x27, 0x04, 0x13, 0x3a, 0x80, 0x27,
    0xfb, 0xc0, 0x07, 0x13, 0x5c, 0x80, 0x27, 0x07, 0x13, 0xbc, 0x80, 0x3b,
    0x0a, 0x13, 0xba, 0x80, 0x27, 0xf8, 0x24, 0xf8, 0x88, 0x07, 0x13, 0x9c,
    0x00, 0xfc, 0x24, 0xfc, 0x24, 0x15, 0x13, 0x5c, 0x00, 0x22, 0x0a, 0x0e,
    0x8b, 0xef, 0x8b, 0xf7, 0x5c, 0x8b, 0xef, 0xef, 0xef, 0xef, 0xef, 0x12,
    0xef, 0xef, 0x8b, 0xef, 0xef, 0xef, 0x8b, 0xef, 0x13, 0x1a, 0x80, 0xf7,
    0x5c, 0xf9, 0xb4, 0x15, 0x39, 0x0a, 0xfb, 0xc0, 0x04, 0x13, 0x3a, 0x80,
    0x27, 0xfb, 0xc0, 0x07, 0x13, 0x5c, 0x80, 0x27, 0x07, 0x13, 0xbc, 0x80,
    0x3b, 0x0a, 0x13, 0xba, 0x80, 0x27, 0xf8, 0x24, 0xf8, 0x88, 0x07, 0x13,
    0x9c, 0x00, 0xfc, 0x24, 0xfc, 0x24, 0x15, 0x13, 0x5c, 0x00, 0x22, 0x0a,
    0x13, 0x1b, 0x00, 0xf7, 0x5c, 0xf8, 0xec, 0x15, 0xef, 0x27, 0x27, 0x06,
    0x0e, 0xf8, 0x8f, 0x8b, 0xf7, 0x5c, 0xfb, 0x5c, 0xef, 0xef, 0xf7, 0x5c,
    0xfb, 0x5c, 0xef, 0xef, 0xef, 0x8b, 0xef, 0x12, 0xef, 0xef, 0x8b, 0xef,
    0x8b, 0xef, 0xef, 0xef, 0x13, 0x04, 0xc0, 0xf8, 0x24, 0xf8, 0xec, 0x15,
    0x13, 0x08, 0xc0, 0x27, 0x07, 0x13, 0x15, 0x40, 0xef, 0xfb, 0x5c, 0xfb,
    0x5c, 0x06, 0x13, 0x21, 0x40, 0xef, 0x27, 0x07, 0x13, 0x82, 0xc0, 0xfb,
    0x5c, 0x07, 0x13, 0x54, 0xc0, 0xf7, 0xc0, 0xfb, 0x5c, 0xf8, 0x24, 0xef,
    0xfb, 0xc0, 0xef, 0xf7, 0x5c, 0xef, 0xfb, 0x5c, 0xf7, 0x5c, 0xf7, 0xc0,
    0xef, 0x06, 0x13, 0x82, 0x40, 0xfd, 0x50, 0xfc, 0x24, 0x15, 0x26, 0x0a,
    0x13, 0x21, 0x40, 0xef, 0xf8, 0x24, 0x15, 0x13, 0x08, 0xc0, 0xef, 0xef,
    0x27, 0x06, 0x0e, 0xfb, 0x5c, 0xef, 0x8b, 0xf7, 0x5c, 0x27, 0xef, 0xf7,
    0xc0, 0xef, 0x8b, 0xef, 0x12, 0xef, 0xef, 0xef, 0xef, 0x8b, 0xef, 0x8b,
    0xef, 0x13, 0x0c, 0x80, 0xf7, 0x5c, 0xf8, 0xec, 0x15, 0x27, 0x07, 0x13,
    0x14, 0x80, 0xf7, 0xc0, 0x06, 0x13, 0x0c, 0x80, 0xef, 0x07, 0x13, 0x14,
    0x80, 0x27, 0x04, 0x27, 0xef, 0xef, 0x07, 0x13, 0x2c, 0x00, 0xfc, 0x24,
    0x16, 0x27, 0xfc, 0x24, 0xef, 0x06, 0x8b, 0x04, 0x27, 0x07, 0x13, 0xa5,
    0x00, 0xf7, 0x5c, 0x06, 0x13, 0x86, 0x00, 0x27, 0x07, 0x13, 0x45, 0x00,
    0xef, 0x06, 0x13, 0xa5, 0x00, 0xef, 0x07, 0x13, 0xa4, 0x80, 0xef, 0xef,
    0x06, 0x13, 0x86, 0x00, 0xfb, 0x5c, 0xfb, 0x5c, 0x15, 0x27, 0x27, 0xef,
    0x06, 0x0e, 0x8b, 0xef, 0xf7, 0x5c, 0xf7, 0x5c, 0xfb, 0x5c, 0xef, 0xef,
    0xef, 0xef, 0xef, 0x8b, 0xef, 0x12, 0xef, 0xef, 0x8b, 0xef, 0x8b, 0xef,
    0xef, 0xef, 0x13, 0x85, 0x40, 0xf7, 0x5c, 0xfa, 0x18, 0x15, 0x27, 0x07,
    0x13, 0x89, 0x40, 0xef, 0x06, 0x13, 0x85, 0x40, 0xef, 0x07, 0x13, 0x89,
    0x40, 0x27, 0x04, 0x13, 0x88, 0xc0, 0x27, 0xef, 0xef, 0x07, 0x13, 0x91,
    0x40, 0xfb, 0x5c, 0xfb, 0x5c, 0x15, 0x13, 0x92, 0x40, 0x27, 0x07, 0x13,
    0xc1, 0x40, 0xf7, 0xc0, 0x06, 0x13, 0x91, 0x40, 0xef, 0x07, 0x13, 0xc2,
    0x40, 0x27, 0x04, 0x13, 0xb2, 0x40, 0x35, 0x0a, 0x13, 0xc2, 0x40, 0xf8,
    0x24, 0xf7, 0x5c, 0x06, 0xfc, 0x24, 0xfc, 0x24, 0x15, 0x13, 0x81, 0x40,
    0x25, 0x0a, 0x0e, 0x8b, 0xef, 0xf7, 0x5c, 0xf7, 0x5c, 0xfb, 0x5c, 0xef,
    0xef, 0xef, 0xef, 0xef, 0x8b, 0xef, 0x12, 0xef, 0xef, 0x8b, 0xef, 0x8b,
    0xef, 0xef, 0xef, 0x13, 0x84, 0xc0, 0xf7, 0xc0, 0xfa, 0x18, 0x15, 0x13,
    0x89, 0x40, 0x27, 0x07, 0x13, 0x84, 0xc0, 0xef, 0xef, 0x06, 0x13, 0x89,
    0x40, 0x27, 0x27, 0x15, 0x27, 0x27, 0xef, 0x06, 0x13, 0x91, 0x40, 0x27,
    0x27, 0x15, 0x13, 0x92, 0x40, 0x27, 0x07, 0x13, 0xc1, 0x40, 0xf7, 0xc0,
    0x06, 0x13, 0x91, 0x40, 0xef, 0x07, 0x13, 0xc2, 0x40, 0x27, 0x04, 0x13,
    0xb2, 0x40, 0x35, 0x0a, 0x13, 0xc2, 0x40, 0xf8, 0x24, 0xf7, 0x5c, 0x06,
    0xfc, 0x24, 0xfc, 0x24, 0x15, 0x13, 0x81, 0x40, 0x25, 0x0a, 0x0e, 0x8b,
    0xef, 0xf7, 0x5c, 0xf7, 0x5c, 0xfb, 0x5c, 0xef, 0xef, 0xef, 0xef, 0xef,
    0x8b, 0xef, 0x12, 0xef, 0xef, 0x8b, 0xf7, 0xc0, 0x8b, 0xef, 0x13, 0x85,
    0x00, 0xf7, 0x5c, 0xfa, 0x18, 0x15, 0x13, 0x8a, 0x00, 0x27, 0x07, 0x13,
    0x89, 0x00, 0xf7, 0xc0, 0x06, 0x13, 0x85, 0x00, 0xef, 0x07, 0x13, 0x89,
    0x00, 0x27, 0x04, 0x13, 0x88, 0x80, 0x27, 0xef, 0xef, 0x07, 0x13, 0x8a,
    0x00, 0xfc, 0x24, 0x16, 0x27, 0x27, 0xef, 0x06, 0x13, 0x91, 0x00, 0x27,
    0x04, 0x13, 0x92, 0x00, 0x27, 0x07, 0x13, 0xc1, 0x00, 0xf7, 0xc0, 0x06,
    0x13, 0x91, 0x00, 0xef, 0x07, 0x13, 0xc1, 0x00, 0x27, 0x04, 0x13, 0xb2,
    0x80, 0x35, 0x0a, 0x13, 0xc0, 0x80, 0xf8, 0x24, 0xf7, 0x5c, 0x06, 0x13,
    0x82, 0x00, 0xfc, 0x24, 0xfc, 0x24, 0x15, 0x13, 0x81, 0x00, 0x27, 0x07,
    0x13, 0x82, 0x80, 0xf8, 0x24, 0xef, 0x06, 0x0e, 0x8b, 0xef, 0xf7, 0x5c,
    0xf7, 0x5c, 0xfb, 0x5c, 0xef, 0xef, 0xef, 0xef, 0xef, 0x12, 0xef, 0xef,
    0x8b, 0xef, 0xef, 0xef, 0x8b, 0xef, 0x13, 0x8a, 0x00, 0xf7, 0x5c, 0xf9,
    0xb4, 0x15, 0x27, 0xef, 0xef, 0x07, 0x13, 0x89, 0x00, 0xef, 0x16, 0x27,
    0xef, 0xef, 0x07, 0x13, 0x9a, 0x00, 0xfb, 0xc0, 0xfb, 0x5c, 0x15, 0x13,
    0x9c, 0x80, 0x27, 0x07, 0x13, 0xca, 0x80, 0xf7, 0xc0, 0x06, 0x13, 0x9a,
    0x80, 0xef, 0x07, 0x13, 0xcc, 0x80, 0x27, 0x04, 0x13, 0xbc, 0x80, 0x35,
    0x0a, 0x13, 0xcc, 0x80, 0xf8, 0x24, 0xf7, 0x5c, 0x06, 0xfc, 0x24, 0xfc,
    0x24, 0x15, 0x13, 0x8a, 0x80, 0x25, 0x0a, 0x0e, 0x92, 0x8b, 0xef, 0xf8,
    0x88, 0x77, 0xf7, 0x0c, 0xef, 0x8b, 0xef, 0x12, 0xef, 0xef, 0x8b, 0xef,
    0x13, 0xd8, 0xef, 0xfa, 0x18, 0x15, 0x27, 0x07, 0x13, 0xe8, 0xef, 0x06,
    0x13, 0xd8, 0xef, 0x07, 0x13, 0xe8, 0x27, 0x04, 0x13, 0xe4, 0x27, 0xef,
    0xef, 0x07, 0x27, 0xfb, 0x5c, 0x15, 0xfc, 0x88, 0x07, 0x13, 0xc8, 0x37,
    0x0a, 0x13, 0xc4, 0x27, 0xf8, 0x88, 0x06, 0x0e, 0x92, 0x8b, 0xef, 0xf8,
    0x88, 0x77, 0xf7, 0x0c, 0xef, 0x8b, 0xef, 0x12, 0xf7, 0x5c, 0xef, 0x8b,
    0xef, 0x13, 0xd4, 0xf7, 0xc0, 0xfa, 0x18, 0x15, 0x13, 0xe8, 0x27, 0x07,
    0x13, 0xd4, 0xef, 0xef, 0x06, 0x13, 0xe8, 0x27, 0x27, 0x15, 0x27, 0x27,
    0xef, 0x06, 0x27, 0x27, 0x15, 0xfc, 0x88, 0x27, 0x27, 0x07, 0x13, 0xc4,
    0xf7, 0xc0, 0xef, 0x06, 0x13, 0xc8, 0x27, 0xf8, 0x88, 0x06, 0x0e, 0x92,
    0x8b, 0xef, 0xf8, 0x88, 0x77, 0xf7, 0x0c, 0xef, 0x8b, 0xef, 0x12, 0x8b,
    0xef, 0x8b, 0xf7, 0xc0, 0x8b, 0xef, 0x13, 0xd4, 0xef, 0xfa, 0x18, 0x15,
    0x13, 0xe8, 0x27, 0x07, 0x13, 0xe4, 0xf7, 0xc0, 0x06, 0x13, 0xd4, 0xef,
    0x07, 0x13, 0xe4, 0x27, 0x04, 0x13, 0xe2, 0x27, 0xef, 0xef, 0x07, 0x13,
    0xe8, 0xfc, 0x24, 0x16, 0x27, 0x27, 0xef, 0x06, 0xef, 0x27, 0x15, 0xfc,
    0x88, 0x07, 0x13, 0xc4, 0x27, 0x27, 0xf7, 0xc0, 0xef, 0x27, 0xf8, 0x88,
    0x06, 0x0e, 0x92, 0x8b, 0xef, 0xf8, 0x88, 0x77, 0xf7, 0x0c, 0xef, 0x12,
    0xef, 0xef, 0x8b, 0xef, 0x8b, 0xef, 0x13, 0xf0, 0xef, 0xf9, 0xb4, 0x15,
    0x27, 0xef, 0xef, 0x07, 0x13, 0xe4, 0xef, 0x16, 0x27, 0xef, 0xef, 0x07,
    0x13, 0xe8, 0xfb, 0x5c, 0xfb, 0x5c, 0x15, 0xfc, 0x88, 0x07, 0x13, 0xf4,
    0x37, 0x0a, 0x13, 0xe8, 0x27, 0xf8, 0x88, 0x06, 0x0e, 0xf7, 0xc7, 0x8b,
    0xef, 0xf8, 0x24, 0xef, 0x8b, 0xf7, 0x5c, 0x12, 0xef, 0xef, 0x8b, 0xf7,
    0xc0, 0x8b, 0xef, 0x8b, 0xef, 0x13, 0xa4, 0xf8, 0x88, 0xf9, 0xb4, 0x15,
    0x13, 0xc8, 0xfb, 0x5c, 0x07, 0x13, 0xc4, 0xef, 0x06, 0x13, 0xa4, 0xf7,
    0x5c, 0x07, 0x13, 0xc4, 0xfb, 0x5c, 0x04, 0x27, 0x07, 0x13, 0xc2, 0xef,
    0xef, 0x06, 0x13, 0xc4, 0x27, 0x27, 0x15, 0x13, 0xc8, 0x27, 0xfc, 0x24,
    0x06, 0x13, 0xc4, 0xef, 0x06, 0x13, 0x88, 0x27, 0x16, 0x13, 0x90, 0xfb,
    0xc0, 0x06, 0x13, 0x88, 0x27, 0xf7, 0xc0, 0x07, 0x13, 0xd0, 0xfb, 0xc0,
    0xef, 0x15, 0x34, 0x0a, 0xef, 0xf8, 0x24, 0x15, 0x13, 0xc8, 0xf7, 0xc0,
    0xef, 0xfb, 0xc0, 0x06, 0x0e, 0xa0, 0x76, 0xf8, 0x24, 0xef, 0x8b, 0xef,
    0xef, 0xef, 0x8b, 0xef, 0x12, 0x8b, 0xef, 0x8b, 0xf7, 0x5c, 0xfb, 0x5c,
    0xef, 0xef, 0xf7, 0x5c, 0x27, 0xf7, 0x5c, 0x27, 0xef, 0x8b, 0xef, 0x13,
    0x89, 0x00, 0xef, 0xfa, 0x18, 0x15, 0x13, 0x94, 0x40, 0x27, 0xf7, 0xc0,
    0x07, 0x13, 0x89, 0x40, 0xef, 0x07, 0x13, 0x90, 0x40, 0x27, 0x04, 0x2d,
    0x0a, 0x8b, 0x04, 0x13, 0x88, 0x10, 0xef, 0xef, 0x27, 0x06, 0x13, 0x94,
    0x00, 0xfc, 0x88, 0x27, 0x15, 0x27, 0x27, 0xef, 0x06, 0x13, 0xa0, 0x80,
    0xf7, 0x5c, 0x27, 0x15, 0x13, 0xc2, 0x00, 0x27, 0x07, 0x13, 0xa0, 0x80,
    0xf7, 0x5c, 0xef, 0x06, 0x27, 0x04, 0x13, 0xa0, 0x20, 0x31, 0x0a, 0x13,
    0xc2, 0x00, 0xfb, 0xc0, 0x16, 0x13, 0xa2, 0x00, 0xfb, 0x5c, 0x06, 0x13,
    0xc1, 0x00, 0xfc, 0x88, 0xef, 0xf8, 0x24, 0x07, 0x13, 0xc2, 0x00, 0xef,
    0x06, 0x0e, 0x8b, 0xef, 0xf8, 0x24, 0xef, 0xef, 0xef, 0x8b, 0xef, 0x12,
    0xef, 0xef, 0x8b, 0xf7, 0xc0, 0xfb, 0xc0, 0xef, 0x8b, 0xef, 0xef, 0xef,
    0x13, 0xd2, 0x00, 0xf7, 0x5c, 0xfa, 0x18, 0x15, 0x27, 0x07, 0x13, 0xe2,
    0x00, 0xef, 0x06, 0x13, 0xd2, 0x00, 0xef, 0x07, 0x13, 0xe2, 0x00, 0x27,
    0x04, 0x13, 0xe1, 0x00, 0x27, 0xef, 0xef, 0x07, 0x13, 0xc4, 0x00, 0xfb,
    0x5c, 0xfb, 0x5c, 0x15, 0x13, 0xc8, 0x00, 0x27, 0x07, 0x13, 0xc4, 0x00,
    0xf7, 0xc0, 0xef, 0x06, 0x27, 0x04, 0xfc, 0x24, 0x07, 0x13, 0xc0, 0x80,
    0xef, 0xf8, 0x24, 0x06, 0x13, 0xc4, 0x00, 0x27, 0xfc, 0x24, 0x15, 0x13,
    0xc8, 0x00, 0xfb, 0xc0, 0x06, 0x13, 0xc4, 0x00, 0x27, 0xf7, 0xc0, 0x07,
    0x13, 0xc8, 0x00, 0xfb, 0xc0, 0xef, 0x15, 0x34, 0x0a, 0x0e, 0x8b, 0xef,
    0xf8, 0x24, 0xef, 0xef, 0xef, 0x8b, 0xef, 0x12, 0xef, 0xef, 0x8b, 0xf7,
    0xc0, 0xfb, 0x5c, 0xef, 0x8b, 0xef, 0x8b, 0xef, 0x13, 0xd1, 0x00, 0xf8,
    0x24, 0xfa, 0x18, 0x15, 0x13, 0xe2, 0x00, 0x27, 0x07, 0x13, 0xd1, 0x00,
    0xef, 0xef, 0x06, 0x13, 0xe2, 0x00, 0x27, 0x27, 0x15, 0x27, 0x27, 0xef,
    0x06, 0x13, 0xc4, 0x00, 0xfb, 0x5c, 0x27, 0x15, 0x13, 0xc8, 0x00, 0x27,
    0x07, 0x13, 0xc4, 0x00, 0xf7, 0xc0, 0xef, 0x06, 0x27, 0x04, 0xfc, 0x24,
    0x07, 0x13, 0xc0, 0x80, 0xef, 0xf8, 0x24, 0x06, 0x13, 0xc4, 0x00, 0x27,
    0xfc, 0x24, 0x15, 0x13, 0xc8, 0x00, 0xfb, 0xc0, 0x06, 0x13, 0xc4, 0x00,
    0x27, 0xf7, 0xc0, 0x07, 0x13, 0xc8, 0x00, 0xfb, 0xc0, 0xef, 0x15, 0x34,
    0x0a, 0x0e, 0x8b, 0xef, 0xf8, 0x24, 0xef, 0xef, 0xef, 0x8b, 0xef, 0x12,
    0xef, 0xef, 0x8b, 0xf7, 0xc0, 0x8b, 0xef, 0x13, 0xd4, 0xf7, 0x5c, 0xfa,
    0x18, 0x15, 0x13, 0xe8, 0x27, 0x07, 0x13, 0xe4, 0xf7, 0xc0, 0x06, 0x13,
    0xd4, 0xef, 0x07, 0x13, 0xe4, 0x27, 0x04, 0x13, 0xe2, 0x27, 0xef, 0xef,
    0x07, 0x13, 0xe8, 0xfc, 0x24, 0x16, 0x27, 0x27, 0xef, 0x06, 0x13, 0xc4,
    0x27, 0x04, 0x13, 0xc8, 0x27, 0x07, 0x13, 0xc4, 0xf7, 0xc0, 0xef, 0x06,
    0x27, 0x04, 0xfc, 0x24, 0x07, 0x13, 0xc2, 0xef, 0xf8, 0x24, 0x06, 0x13,
    0xc4, 0x27, 0xfc, 0x24, 0x15, 0x13, 0xc8, 0xfb, 0xc0, 0x06, 0x13, 0xc4,
    0x27, 0xf7, 0xc0, 0x07, 0x13, 0xc8, 0xfb, 0xc0, 0xef, 0x15, 0x34, 0x0a,
    0x0e, 0x8b, 0xef, 0xf8, 0x24, 0xef, 0xef, 0xef, 0x8b, 0xef, 0x12, 0x8b,
    0xef, 0x8b, 0xef, 0x8b, 0xf7, 0xc0, 0x27, 0xf7, 0x5c, 0x27, 0xef, 0x8b,
    0xef, 0x13, 0xd4, 0x00, 0xef, 0xfa, 0x18, 0x15, 0x13, 0xe9, 0x00, 0x27,
    0xf7, 0xc0, 0x07, 0x13, 0xd5, 0x00, 0xef, 0x07, 0x13, 0xe1, 0x00, 0x27,
    0x04, 0x2d, 0x0a, 0x8b, 0x04, 0x13, 0xd0, 0x40, 0xef, 0xef, 0x27, 0x06,
    0x13, 0xe8, 0x00, 0xfc, 0x88, 0x27, 0x15, 0x27, 0x27, 0xef, 0x06, 0x13,
    0xc2, 0x00, 0xef, 0x27, 0x15, 0x13, 0xc4, 0x00, 0x27, 0x07, 0x13, 0xc2,
    0x00, 0xf7, 0xc0, 0xef, 0x06, 0x27, 0x04, 0xfc, 0x24, 0x07, 0x13, 0xc0,
    0x80, 0xef, 0xf8, 0x24, 0x06, 0x13, 0xc2, 0x00, 0x27, 0xfc, 0x24, 0x15,
    0x13, 0xc4, 0x00, 0xfb, 0xc0, 0x06, 0x13, 0xc2, 0x00, 0x27, 0xf7, 0xc0,
    0x07, 0x13, 0xc4, 0x00, 0xfb, 0xc0, 0xef, 0x15, 0x34, 0x0a, 0x0e, 0x8b,
    0xef, 0xf8, 0x24, 0xef, 0xef, 0xef, 0x12, 0xef, 0xef, 0x8b, 0xef, 0xef,
    0xef, 0x8b, 0xef, 0x13, 0xe8, 0xf7, 0x5c, 0xf9, 0xb4, 0x15, 0x27, 0xef,
    0xef, 0x07, 0x13, 0xe4, 0xef, 0x16, 0x27, 0xef, 0xef, 0x07, 0x13, 0xe8,
    0xfb, 0xc0, 0xfb, 0x5c, 0x15, 0x13, 0xf2, 0x2b, 0x0a, 0x27, 0x04, 0x28,
    0x0a, 0x27, 0xfc, 0x24, 0x15, 0xfb, 0xc0, 0x06, 0x13, 0xea, 0x27, 0xf7,
    0xc0, 0x07, 0x13, 0xf0, 0xfb, 0xc0, 0xef, 0x15, 0x34, 0x0a, 0x0e, 0xef,
    0xef, 0xef, 0xef, 0xef, 0xef, 0x01, 0xf7, 0xc0, 0xef, 0x03, 0x14, 0xe0,
    0xf7, 0xc0, 0xf8, 0xec, 0x15, 0x27, 0xef, 0xef, 0x07, 0xfb, 0xc0, 0xfb,
    0x5c, 0x15, 0x27, 0xf8, 0x88, 0xef, 0x07, 0xfb, 0xc0, 0xfb, 0x5c, 0x15,
    0x27, 0xef, 0xef, 0x07, 0x0e, 0xf7, 0xc7, 0x8b, 0xef, 0x8b, 0xef, 0x8b,
    0xf7, 0x5c, 0x8b, 0xef, 0x8b, 0xef, 0x8b, 0xef, 0x12, 0xef, 0xef, 0x8b,
    0xef, 0x8b, 0xef, 0x8b, 0xef, 0x8b, 0xef, 0x8b, 0xef, 0x13, 0x04, 0x80,
    0xf7, 0xc0, 0xf9, 0x50, 0x15, 0x13, 0x09, 0x20, 0x27, 0xf7, 0x5c, 0x07,
    0x13, 0x04, 0xa0, 0xef, 0x07, 0x13, 0x08, 0x20, 0x27, 0x04, 0x13, 0x10,
    0x40, 0x27, 0x07, 0x13, 0x08, 0x20, 0xef, 0xef, 0x06, 0x8b, 0x04, 0x13,
    0x04, 0x10, 0xef, 0xef, 0x27, 0x06, 0x13, 0x48, 0x20, 0xfb, 0x5c, 0x04,
    0xfb, 0xc0, 0x07, 0x13, 0x28, 0x10, 0xef, 0xf7, 0xc0, 0x06, 0x13, 0x40,
    0x20, 0x27, 0xfb, 0xc0, 0x15, 0x27, 0x06, 0x13, 0x80, 0x20, 0x27, 0x07,
    0x13, 0x40, 0x20, 0xef, 0x06, 0x13, 0x81, 0x20, 0x27, 0x16, 0xfb, 0x5c,
    0x06, 0x13, 0x80, 0xa0, 0x27, 0xf7, 0x5c, 0x07, 0x13, 0x81, 0x00, 0xfb,
    0x5c, 0xef, 0x15, 0x13, 0x41, 0x00, 0xef, 0x07, 0x13, 0x42, 0x00, 0x27,
    0x06, 0x13, 0x82, 0x00, 0x27, 0x07, 0x8b, 0x04, 0x27, 0x27, 0xef, 0x06,
    0x13, 0x4a, 0x00, 0xf7, 0x5c, 0x04, 0xf7, 0xc0, 0x27, 0x07, 0x13, 0x22,
    0x00, 0xfb, 0xc0, 0x07, 0x13, 0x0a, 0x00, 0xef, 0xf7, 0xc0, 0x15, 0x13,
    0x09, 0x00, 0xef, 0xef, 0x27, 0x06, 0x13, 0x41, 0x00, 0xef, 0xfc, 0x24,
    0x15, 0x13, 0x20, 0x80, 0x23, 0x0a, 0xef, 0x16, 0x13, 0x10, 0x40, 0xef,
    0xef, 0x27, 0x06, 0x0e, 0x8b, 0xef, 0x8b, 0xef, 0xf8, 0x24, 0x77, 0xf7,
    0x0c, 0xef, 0x8b, 0xef, 0x12, 0xef, 0xef, 0x8b, 0xef, 0x8b, 0xef, 0x8b,
    0xf7, 0x5c, 0x27, 0xef, 0x13, 0x2a, 0x00, 0xf7, 0x5c, 0xfa, 0x18, 0x15,
    0x27, 0x07, 0x13, 0x32, 0x00, 0xef, 0x06, 0x13, 0x2a, 0x00, 0xef, 0x07,
    0x13, 0x32, 0x00, 0x27, 0x04, 0x13, 0x31, 0x00, 0x27, 0xef, 0xef, 0x07,
    0x13, 0x64, 0x00, 0xfb, 0xc0, 0xfb, 0x5c, 0x15, 0xfc, 0x88, 0x07, 0x13,
    0xa4, 0x00, 0xef, 0xf8, 0x88, 0x06, 0xfc, 0x88, 0x04, 0x13, 0xa2, 0x80,
    0x2d, 0x0a, 0x8b, 0x04, 0x13, 0x60, 0x40, 0xef, 0x06, 0x13, 0xa0, 0x40,
    0x38, 0x0a, 0x13, 0x60, 0x40, 0xfc, 0x24, 0x07, 0x13, 0x60, 0x80, 0x27,
    0x06, 0x0e, 0x8b, 0xef, 0x8b, 0xef, 0xf8, 0x24, 0x77, 0xf7, 0x0c, 0xef,
    0x8b, 0xef, 0x12, 0xef, 0xef, 0x8b, 0xf7, 0x5c, 0x27, 0xef, 0x8b, 0xef,
    0x8b, 0xef, 0x13, 0x28, 0x80, 0xf8, 0x24, 0xfa, 0x18, 0x15, 0x13, 0x31,
    0x00, 0x27, 0x07, 0x13, 0x28, 0x80, 0xef, 0xef, 0x06, 0x13, 0x31, 0x00,
    0x27, 0x27, 0x15, 0x27, 0x27, 0xef, 0x06, 0x13, 0x64, 0x00, 0xfb, 0xc0,
    0x27, 0x15, 0xfc, 0x88, 0x07, 0x13, 0xa4, 0x00, 0xef, 0xf8, 0x88, 0x06,
    0xfc, 0x88, 0x04, 0x13, 0xa2, 0x00, 0x2d, 0x0a, 0x8b, 0x04, 0x13, 0x60,
    0x40, 0xef, 0x06, 0x13, 0xa0, 0x40, 0x38, 0x0a, 0x13, 0x60, 0x40, 0xfc,
    0x24, 0x07, 0x13, 0x60, 0x80, 0x27, 0x06, 0x0e, 0x8b, 0xef, 0x8b, 0xef,
    0xf8, 0x24, 0x77, 0xf7, 0x0c, 0xef, 0x8b, 0xef, 0x12, 0x8b, 0xef, 0x8b,
    0xef, 0x8b, 0xf7, 0x5c, 0x8b, 0xf7, 0x5c, 0x27, 0xef, 0x8b, 0xef, 0x13,
    0x2a, 0x00, 0xef, 0xfa, 0x18, 0x15, 0x13, 0x34, 0x20, 0x27, 0xf8, 0x88,
    0x07, 0x13, 0x2a, 0x20, 0xef, 0x07, 0x13, 0x30, 0x20, 0x27, 0x04, 0x27,
    0xef, 0xef, 0x07, 0x13, 0x34, 0x00, 0xfc, 0xec, 0x16, 0x27, 0x27, 0xef,
    0x06, 0x13, 0x62, 0x00, 0x27, 0x04, 0xfc, 0x88, 0x07, 0x13, 0xa2, 0x00,
    0xef, 0xf8, 0x88, 0x06, 0xfc, 0x88, 0x04, 0x13, 0xa1, 0x00, 0x2d, 0x0a,
    0x8b, 0x04, 0x13, 0x60, 0x40, 0xef, 0x06, 0x13, 0xa0, 0x40, 0x38, 0x0a,
    0x13, 0x60, 0x40, 0xfc, 0x24, 0x07, 0x13, 0x60, 0x80, 0x27, 0x06, 0x0e,
    0x8b, 0xef, 0x8b, 0xef, 0xf8, 0x24, 0x77, 0xf7, 0x0c, 0xef, 0x12, 0xef,
    0xef, 0x8b, 0xf7, 0x5c, 0xfb, 0x5c, 0xef, 0xef, 0xef, 0x8b, 0xef, 0x13,
    0x32, 0x00, 0xf7, 0x5c, 0xf9, 0xb4, 0x15, 0x27, 0xef, 0xef, 0x07, 0x13,
    0x31, 0x00, 0xef, 0x16, 0x27, 0xef, 0xef, 0x07, 0x13, 0x78, 0x00, 0xfc,
    0x24, 0xfb, 0x5c, 0x15, 0xfc, 0x88, 0x07, 0x13, 0xb8, 0x00, 0xef, 0xf8,
    0x88, 0x06, 0xfc, 0x88, 0x04, 0x13, 0xb4, 0x00, 0x2d, 0x0a, 0x8b, 0x04,
    0x13, 0x70, 0x80, 0xef, 0x06, 0x13, 0xb0, 0x80, 0x38, 0x0a, 0x13, 0x70,
    0x80, 0xfc, 0x24, 0x07, 0x13, 0x71, 0x00, 0x27, 0x06, 0x0e, 0xf6, 0x8b,
    0xef, 0x8b, 0xf7, 0x5c, 0x27, 0xef, 0x8b, 0xf7, 0xc0, 0xef, 0xef, 0x8b,
    0xef, 0x12, 0xef, 0xef, 0x8b, 0xef, 0x8b, 0xef, 0x8b, 0xef, 0x13, 0x04,
    0x80, 0xf7, 0xc0, 0xfa, 0x18, 0x15, 0x13, 0x09, 0x00, 0x27, 0x07, 0x13,
    0x04, 0x80, 0xef, 0xef, 0x06, 0x13, 0x09, 0x00, 0x27, 0x27, 0x15, 0x27,
    0x27, 0xef, 0x06, 0x13, 0x12, 0x00, 0xfb, 0x5c, 0x27, 0x15, 0xfb, 0xc0,
    0x07, 0x13, 0x22, 0x00, 0xef, 0x06, 0x13, 0x12, 0x00, 0xf7, 0xc0, 0x07,
    0x13, 0xa2, 0x00, 0xfb, 0xc0, 0x04, 0x13, 0xa1, 0x00, 0x27, 0x07, 0x13,
    0xa0, 0x80, 0xef, 0x27, 0x06, 0x13, 0x40, 0x80, 0xef, 0x06, 0x13, 0x42,
    0x40, 0xf7, 0x5c, 0x07, 0x8b, 0x04, 0x13, 0x10, 0x40, 0x32, 0x0a, 0x13,
    0x82, 0x80, 0x27, 0xfc, 0x88, 0x15, 0x29, 0x0a, 0x0e, 0xf6, 0xef, 0xef,
    0x8b, 0xf7, 0x5c, 0x8b, 0xef, 0xf7, 0x5c, 0x77, 0x12, 0xef, 0xf7, 0xc0,
    0xfb, 0xc0, 0xef, 0xf7, 0x5c, 0xef, 0x13, 0xb4, 0xef, 0xf9, 0x50, 0x15,
    0xfd, 0xb4, 0xef, 0xf7, 0x5c, 0x07, 0x13, 0xb8, 0xf7, 0x5c, 0xef, 0x06,
    0x13, 0xb4, 0xfb, 0x5c, 0xf7, 0x5c, 0x06, 0x13, 0x58, 0xf7, 0x5c, 0x06,
    0x13, 0xb8, 0xef, 0x07, 0x13, 0xb4, 0xfb, 0x5c, 0xf7, 0x5c, 0x06, 0x13,
    0x58, 0xf7, 0x5c, 0xfb, 0xc0, 0x15, 0x13, 0x98, 0xfb, 0x5c, 0x07, 0x13,
    0x52, 0xef, 0xf7, 0x5c, 0x06, 0x0e, 0xf6, 0x8b, 0xef, 0x8b, 0xf7, 0x5c,
    0x27, 0xef, 0x8b, 0xf7, 0xc0, 0xef, 0xef, 0x12, 0xef, 0xef, 0x8b, 0xef,
    0x8b, 0xef, 0x8b, 0xef, 0x13, 0x0a, 0x00, 0xf7, 0x5c, 0xf9, 0xb4, 0x15,
    0x27, 0xef, 0xef, 0x07, 0x13, 0x08, 0x80, 0xef, 0x16, 0x27, 0xef, 0xef,
    0x07, 0x13, 0x1c, 0x00, 0xfc, 0x24, 0xfb, 0x5c, 0x15, 0xfb, 0xc0, 0x07,
    0x13, 0x2c, 0x00, 0xef, 0x06, 0x13, 0x1c, 0x00, 0xf7, 0xc0, 0x07, 0x13,
    0xac, 0x00, 0xfb, 0xc0, 0x04, 0x13, 0xaa, 0x00, 0x27, 0x07, 0x13, 0xa9,
    0x00, 0xef, 0x27, 0x06, 0x13, 0x49, 0x00, 0xef, 0x06, 0x13, 0x4c, 0x80,
    0xf7, 0x5c, 0x07, 0x8b, 0x04, 0x13, 0x18, 0x80, 0x32, 0x0a, 0x13, 0x8d,
    0x00, 0x27, 0xfc, 0x88, 0x15, 0x29, 0x0a, 0x0e, 0xf9, 0x50, 0x14, 0xf8,
    0x81, 0x15, 0x8b, 0x8b, 0xf8, 0xec, 0x8b, 0xf7, 0x5c, 0x8b, 0x06, 0xfb,
    0x5c, 0xef, 0x07, 0x1e, 0x0a, 0x00, 0x83, 0x33, 0x33, 0xff, 0x0c, 0x09,
    0x91, 0x0c, 0x0a, 0xef, 0x0a, 0xef, 0xef, 0xef, 0x0c, 0x0c, 0xef, 0x0b,
    0xef, 0xef, 0xef, 0xef, 0xef, 0x0c, 0x0d, 0x1c, 0x00, 0x33, 0x13, 0x00,
    0x1c, 0x01, 0x01, 0x08, 0x0f, 0x16, 0x1c, 0x23, 0x29, 0x2f, 0x36, 0x3d,
    0x44, 0x59, 0x5f, 0x74, 0x7a, 0x85, 0x8c, 0x93, 0x9a, 0xa0, 0xad, 0xb4,
    0xc0, 0xc7, 0xce, 0xd5, 0xdd, 0xeb, 0xf3, 0xfc, 0xec, 0xef, 0xf8, 0xec,
    0x07, 0x0b, 0xfb, 0xc0, 0xef, 0xf7, 0xc0, 0x07, 0x0b, 0xf7, 0x5c, 0x27,
    0xfb, 0x5c, 0x07, 0x0b, 0xef, 0xf7, 0x5c, 0x27, 0x06, 0x0b, 0xf7, 0xc0,
    0x27, 0xfb, 0xc0, 0x07, 0x0b, 0x27, 0xf8, 0x24, 0xef, 0x07, 0x0b, 0x27,
    0xfb, 0x5c, 0xef, 0x06, 0x0b, 0xf8, 0xec, 0x27, 0xfc, 0xec, 0x07, 0x0b,
    0xfc, 0x24, 0xef, 0xf8, 0x24, 0x07, 0x0b, 0xfb, 0x5c, 0x27, 0xf7, 0x5c,
    0x06, 0x0b, 0xfb, 0xc0, 0xfb, 0xc0, 0xf7, 0xc0, 0x27, 0xfd, 0x50, 0xef,
    0xf7, 0xc0, 0xf7, 0xc0, 0xfb, 0xc0, 0xef, 0xf9, 0x50, 0x07, 0x0b, 0x27,
    0xf7, 0xc0, 0xef, 0x07, 0x0b, 0xfd, 0xb4, 0xf8, 0x88, 0xef, 0xfc, 0x24,
    0xf7, 0xc0, 0xf7, 0xc0, 0xef, 0xfb, 0xc0, 0xf7, 0x5c, 0xf8, 0x24, 0xef,
    0x07, 0x0b, 0x27, 0xf7, 0x5c, 0xef, 0x07, 0x0b, 0xef, 0xfc, 0x24, 0xef,
    0xf9, 0xb4, 0x27, 0xfb, 0xc0, 0x06, 0x0b, 0xfb, 0x5c, 0xef, 0xf7, 0x5c,
    0x07, 0x0b, 0xfd, 0x50, 0xef, 0xf9, 0x50, 0x07, 0x0b, 0xfc, 0x88, 0xef,
    0xf8, 0x88, 0x07, 0x0b, 0xef, 0xf7, 0xc0, 0x27, 0x06, 0x0b, 0xf7, 0xc0,
    0xfb, 0x5c, 0xfb, 0xc0, 0x27, 0xf8, 0x24, 0xf8, 0x88, 0x06, 0x0b, 0xf8,
    0x24, 0x27, 0xfc, 0x24, 0x07, 0x0b, 0x27, 0xfb, 0xc0, 0xef, 0x27, 0xfc,
    0x24, 0xef, 0xf7, 0x5c, 0x07, 0x0b, 0xf7, 0x5c, 0xef, 0xfb, 0x5c, 0x06,
    0x0b, 0x27, 0x27, 0xf7, 0xc0, 0xef, 0x06, 0x0b, 0x27, 0xef, 0xf8, 0xec,
    0x27, 0x07, 0x0b, 0xfb, 0xc0, 0xf7, 0xc0, 0xf7, 0xc0, 0x07, 0x0b, 0xf7,
    0x5c, 0x27, 0xef, 0xef, 0xef, 0xef, 0x27, 0xf7, 0xc0, 0x27, 0x27, 0x06,
    0x0b, 0xf7, 0xc0, 0xfb, 0x5c, 0xfb, 0xc0, 0x06, 0x0b, 0x00, 0x00, 0x00,
    0x00, 0x01, 0x00, 0x00, 0x00, 0x00, 0x00, 0x00, 0x00, 0x0c, 0x00, 0x14,
    0x00, 0x04, 0x00, 0x00, 0x00, 0x02, 0x00, 0x00, 0x00, 0x01, 0x00, 0x00,
    0x00, 0x01, 0x00, 0x00, 0x00, 0x00, 0x00, 0x01, 0x00, 0x00, 0x00, 0x00,
    0xdb, 0xcc, 0xbf, 0x7d, 0x00, 0x00, 0x00, 0x00, 0xe0, 0x27, 0x9f, 0xb1,
    0x00, 0x00, 0x00, 0x00, 0xe3, 0x82, 0x16, 0xc8, 0x03, 0x20, 0x00, 0x00,
    0x01, 0x90, 0x00, 0x00, 0x01, 0x2c, 0x00, 0x64, 0x01, 0xf4, 0x00, 0x64,
    0x03, 0x20, 0x00, 0x64, 0x02, 0xbc, 0x00, 0x64, 0x03, 0x84, 0x00, 0x64,
    0x03, 0x20, 0x00, 0x64, 0x01, 0x2c, 0x00, 0x64, 0x01, 0x90, 0x00, 0x64,
    0x01, 0x90, 0x00, 0x64, 0x02, 0xbc, 0x00, 0x64, 0x02, 0xbc, 0x00, 0x64,
    0x01, 0x90, 0x00, 0x64, 0x02, 0x58, 0x00, 0x64, 0x01, 0x2c, 0x00, 0x64,
    0x02, 0xbc, 0x00, 0x64, 0x02, 0xbc, 0x00, 0x64, 0x02, 0xbc, 0x00, 0x64,
    0x02, 0xbc, 0x00, 0x64, 0x02, 0xbc, 0x00, 0x64, 0x02, 0xbc, 0x00, 0x64,
    0x02, 0xbc, 0x00, 0x64, 0x02, 0xbc, 0x00, 0x64, 0x02, 0xbc, 0x00, 0x64,
    0x02, 0xbc, 0x00, 0x64, 0x02, 0xbc, 0x00, 0x64, 0x01, 0x2c, 0x00, 0x64,
    0x01, 0x90, 0x00, 0x64, 0x01, 0xf4, 0x00, 0x64, 0x03, 0x20, 0x00, 0x64,
    0x01, 0xf4, 0x00, 0x64, 0x02, 0xbc, 0x00, 0x64, 0x03, 0x84, 0x00, 0x64,
    0x02, 0xbc, 0x00, 0x64, 0x02, 0xbc, 0x00, 0x64, 0x02, 0xbc, 0x00, 0x64,
    0x03, 0x20, 0x00, 0x64, 0x02, 0xbc, 0x00, 0x64, 0x02, 0xbc, 0x00, 0x64,
    0x02, 0xbc, 0x00, 0x64, 0x02, 0xbc, 0x00, 0x64, 0x01, 0xf4, 0x00, 0x64,
    0x02, 0x58, 0x00, 0x64, 0x02, 0xbc, 0x00, 0x64, 0x02, 0x58, 0x00, 0x64,
    0x03, 0x20, 0x00, 0x64, 0x02, 0xbc, 0x00, 0x64, 0x02, 0xbc, 0x00, 0x64,
    0x02, 0xbc, 0x00, 0x64, 0x02, 0xbc, 0x00, 0x64, 0x02, 0xbc, 0x00, 0x64,
    0x02, 0xbc, 0x00, 0x64, 0x02, 0xbc, 0x00, 0x64, 0x02, 0xbc, 0x00, 0x64,
    0x02, 0xbc, 0x00, 0x64, 0x03, 0x84, 0x00, 0x64, 0x02, 0xbc, 0x00, 0x64,
    0x02, 0xbc, 0x00, 0x64, 0x02, 0xbc, 0x00, 0x64, 0x01, 0x90, 0x00, 0x64,
    0x02, 0xbc, 0x00, 0x64, 0x01, 0x90, 0x00, 0x64, 0x02, 0x58, 0x00, 0x64,
    0x03, 0x20, 0x00, 0x64, 0x01, 0x90, 0x00, 0x64, 0x02, 0xbc, 0x00, 0x64,
    0x02, 0xbc, 0x00, 0x64, 0x02, 0xbc, 0x00, 0x64, 0x02, 0xbc, 0x00, 0x64,
    0x02, 0xbc, 0x00, 0x64, 0x02, 0xbc, 0x00, 0x64, 0x02, 0xbc, 0x00, 0x64,
    0x02, 0xbc, 0x00, 0x64, 0x01, 0xf4, 0x00, 0x64, 0x01, 0xf4, 0x00, 0x64,
    0x02, 0xbc, 0x00, 0x64, 0x01, 0xf4, 0x00, 0x64, 0x03, 0x84, 0x00, 0x64,
    0x02, 0xbc, 0x00, 0x64, 0x02, 0xbc, 0x00, 0x64, 0x02, 0xbc, 0x00, 0x64,
    0x02, 0xbc, 0x00, 0x64, 0x02, 0x58, 0x00, 0x64, 0x02, 0xbc, 0x00, 0x64,
    0x02, 0x58, 0x00, 0x64, 0x02, 0xbc, 0x00, 0x64, 0x02, 0xbc, 0x00, 0x64,
    0x03, 0x84, 0x00, 0x64, 0x02, 0xbc, 0x00, 0x64, 0x02, 0x58, 0x00, 0x64,
    0x02, 0x58, 0x00, 0x64, 0x02, 0x58, 0x00, 0x64, 0x01, 0x2c, 0x00, 0x64,
    0x02, 0x58, 0x00, 0x64, 0x03, 0x20, 0x00, 0x64, 0x03, 0xe8, 0x00, 0x64,
    0x01, 0x2c, 0x00, 0x64, 0x02, 0x58, 0x00, 0x64, 0x01, 0xf4, 0x00, 0x64,
    0x03, 0x84, 0x00, 0x64, 0x01, 0xf4, 0x00, 0x64, 0x01, 0xf4, 0x00, 0x64,
    0x02, 0xbc, 0x00, 0x64, 0x04, 0x4c, 0x00, 0x64, 0x02, 0xbc, 0x00, 0x64,
    0x01, 0x90, 0x00, 0x64, 0x03, 0xe8, 0x00, 0x64, 0x02, 0xbc, 0x00, 0x64,
    0x01, 0x90, 0x00, 0x64, 0x01, 0x90, 0x00, 0x64, 0x02, 0x58, 0x00, 0x64,
    0x02, 0x58, 0x00, 0x64, 0x02, 0x58, 0x00, 0x64, 0x01, 0xf4, 0x00, 0x64,
    0x03, 0x20, 0x00, 0x64, 0x02, 0xbc, 0x00, 0x64, 0x03, 0xe8, 0x00, 0x64,
    0x02, 0xbc, 0x00, 0x64, 0x01, 0x90, 0x00, 0x64, 0x03, 0xe8, 0x00, 0x64,
    0x02, 0x58, 0x00, 0x64, 0x02, 0xbc, 0x00, 0x64, 0x01, 0x2c, 0x00, 0x64,
    0x02, 0xbc, 0x00, 0x64, 0x03, 0x20, 0x00, 0x64, 0x03, 0x20, 0x00, 0x64,
    0x03, 0x84, 0x00, 0x64, 0x01, 0x2c, 0x00, 0x64, 0x02, 0x58, 0x00, 0x64,
    0x02, 0x58, 0x00, 0x64, 0x03, 0xe8, 0x00, 0x64, 0x02, 0xbc, 0x00, 0x64,
    0x02, 0x58, 0x00, 0x64, 0x03, 0x20, 0x00, 0x64, 0x01, 0x90, 0x00, 0x64,
    0x03, 0xe8, 0x00, 0x64, 0x02, 0xbc, 0x00, 0x64, 0x01, 0xf4, 0x00, 0x64,
    0x02, 0xbc, 0x00, 0x64, 0x01, 0xf4, 0x00, 0x64, 0x01, 0xf4, 0x00, 0x64,
    0x01, 0x90, 0x00, 0x64, 0x03, 0x20, 0x00, 0x64, 0x02, 0xbc, 0x00, 0x64,
    0x01, 0x90, 0x00, 0x64, 0x01, 0x90, 0x00, 0x64, 0x01, 0xf4, 0x00, 0x64,
    0x02, 0xbc, 0x00, 0x64, 0x02, 0x58, 0x00, 0x64, 0x03, 0xe8, 0x00, 0x64,
    0x03, 0xe8, 0x00, 0x64, 0x03, 0xe8, 0x00, 0x64, 0x02, 0xbc, 0x00, 0x64,
    0x02, 0xbc, 0x00, 0x64, 0x02, 0xbc, 0x00, 0x64, 0x02, 0xbc, 0x00, 0x64,
    0x02, 0xbc, 0x00, 0x00, 0x02, 0xbc, 0x00, 0x64, 0x02, 0xbc, 0x00, 0x64,
    0x04, 0x4c, 0x00, 0x64, 0x02, 0xbc, 0x00, 0x64, 0x02, 0xbc, 0x00, 0x64,
    0x02, 0xbc, 0x00, 0x64, 0x02, 0xbc, 0x00, 0x64, 0x02, 0xbc, 0x00, 0x64,
    0x01, 0xf4, 0x00, 0x64, 0x01, 0xf4, 0x00, 0x64, 0x01, 0xf4, 0x00, 0x00,
    0x01, 0xf4, 0x00, 0x64, 0x03, 0x20, 0x00, 0x64, 0x02, 0xbc, 0x00, 0x00,
    0x02, 0xbc, 0x00, 0x64, 0x02, 0xbc, 0x00, 0x64, 0x02, 0xbc, 0x00, 0x64,
    0x02, 0xbc, 0x00, 0x00, 0x02, 0xbc, 0x00, 0x64, 0x02, 0xbc, 0x00, 0x64,
    0x03, 0x20, 0x00, 0x64, 0x02, 0xbc, 0x00, 0x64, 0x02, 0xbc, 0x00, 0x64,
    0x02, 0xbc, 0x00, 0x00, 0x02, 0xbc, 0x00, 0x64, 0x02, 0xbc, 0x00, 0x64,
    0x02, 0x58, 0x00, 0x64, 0x02, 0xbc, 0x00, 0x64, 0x02, 0xbc, 0x00, 0x64,
    0x02, 0xbc, 0x00, 0x64, 0x02, 0xbc, 0x00, 0x64, 0x02, 0xbc, 0x00, 0x00,
    0x02, 0xbc, 0x00, 0x64, 0x02, 0xbc, 0x00, 0x64, 0x03, 0xe8, 0x00, 0x64,
    0x02, 0xbc, 0x00, 0x64, 0x02, 0xbc, 0x00, 0x64, 0x02, 0xbc, 0x00, 0x64,
    0x02, 0xbc, 0x00, 0x64, 0x02, 0xbc, 0x00, 0x64, 0x01, 0xf4, 0x00, 0x64,
    0x01, 0xf4, 0x00, 0x64, 0x01, 0xf4, 0x00, 0x00, 0x01, 0xf4, 0x00, 0x64,
    0x03, 0x20, 0x00, 0x64, 0x02, 0xbc, 0x00, 0x00, 0x02, 0xbc, 0x00, 0x64,
    0x02, 0xbc, 0x00, 0x64, 0x02, 0xbc, 0x00, 0x64, 0x02, 0xbc, 0x00, 0x00,
    0x02, 0xbc, 0x00, 0x64, 0x02, 0xbc, 0x00, 0x64, 0x03, 0x20, 0x00, 0x64,
    0x02, 0xbc, 0x00, 0x64, 0x02, 0xbc, 0x00, 0x64, 0x02, 0xbc, 0x00, 0x00,
    0x02, 0xbc, 0x00, 0x64, 0x02, 0x58, 0x00, 0x64, 0x00, 0x64, 0x00, 0x64};
inline unsigned int fontData_len = 35628;

#endif